club_id	club_name	tier	state	company_number	entity_name	company_status	sic_codes	score	margin	why	known_entity	known_number	runners_up
ebbsfleet-united-fc	Ebbsfleet United		chosen	00412018	EBBSFLEET UNITED FOOTBALL CLUB LIMITED	active	93120	172	0	SIC 93120 (sport club); active; named a football club; matches the entity these accounts were read from; every word of the club's name	Ebbsfleet United Football Club Limited		[]
arsenal-fc	Arsenal	1	chosen	04250459	ARSENAL HOLDINGS LIMITED	active	93120	159	47	SIC 93120 (sport club); active; holding company; matches the entity these accounts were read from; name matches exactly	Arsenal Holdings Limited		"[{""company_number"":""00109244"",""entity_name"":""THE ARSENAL FOOTBALL CLUB LIMITED"",""company_status"":""active"",""sic_codes"":""93120"",""score"":112,""why"":""SIC 93120 (sport club); active; named a football club; every word of the club's name""},{""company_number"":""03013967"",""entity_name"":""ARSENAL WOMEN FOOTBALL CLUB LIMITED"",""company_status"":""active"",""sic_codes"":""93120"",""score"":69,""why"":""SIC 93120 (sport club); active; named a football club; every word of the club's name; names something the club does not: women""},{""company_number"":""04680715"",""entity_name"":""ARSENAL STADIUM MANAGEMENT COMPANY LIMITED"",""company_status"":""active"",""sic_codes"":""93110"",""score"":62,""why"":""sport-adjacent SIC 93110; active; every word of the club's name; names something the club does not: management, stadium; nothing in the name says football""}]"
aston-villa-fc	Aston Villa	1	chosen	03375789	ASTON VILLA FOOTBALL CLUB LIMITED	active	93120	172	67	SIC 93120 (sport club); active; named a football club; matches the entity these accounts were read from; every word of the club's name	Aston Villa Football Club Limited		"[{""company_number"":""00046572"",""entity_name"":""ASTON VILLA LIMITED"",""company_status"":""active"",""sic_codes"":""93120"",""score"":105,""why"":""SIC 93120 (sport club); active; name matches exactly""},{""company_number"":""02502822"",""entity_name"":""ASTON VILLA FC LIMITED"",""company_status"":""active"",""sic_codes"":""93120"",""score"":102,""why"":""SIC 93120 (sport club); active; named FC; every word of the club's name""},{""company_number"":""16277880"",""entity_name"":""ASTON VILLA VENUE COMPANY LIMITED"",""company_status"":""active"",""sic_codes"":""93120"",""score"":69,""why"":""SIC 93120 (sport club); active; every word of the club's name; names something the club does not: venue""}]"
bournemouth-fc	Bournemouth	1	chosen	06632170	AFC BOURNEMOUTH LIMITED	active	93120	150	38	SIC 93120 (sport club); active; matches the entity these accounts were read from; every word of the club's name	AFC Bournemouth Limited		"[{""company_number"":""02393821"",""entity_name"":""BOURNEMOUTH FOOTBALL CLUB LIMITED"",""company_status"":""active"",""sic_codes"":""93120"",""score"":112,""why"":""SIC 93120 (sport club); active; named a football club; every word of the club's name""},{""company_number"":""16529577"",""entity_name"":""AFC BOURNEMOUTH WOMEN LIMITED"",""company_status"":""active"",""sic_codes"":""93120"",""score"":69,""why"":""SIC 93120 (sport club); active; every word of the club's name; names something the club does not: women""},{""company_number"":""17161927"",""entity_name"":""BOURNEMOUTH BALLERS HOLIDAY FOOTBALL CLUB LTD"",""company_status"":""active"",""sic_codes"":""85510"",""score"":69,""why"":""active; named a football club; every word of the club's name; names something the club does not: ballers, holiday""}]"
brentford-fc	Brentford	1	chosen	03642327	BRENTFORD FC LIMITED	active	93120	162	93	SIC 93120 (sport club); active; named FC; matches the entity these accounts were read from; every word of the club's name	Brentford FC Limited		"[{""company_number"":""15341252"",""entity_name"":""BRENTFORD BOAT CLUB"",""company_status"":""active"",""sic_codes"":""93120"",""score"":69,""why"":""SIC 93120 (sport club); active; every word of the club's name; names something the club does not: boat; nothing in the name says football""},{""company_number"":""14928763"",""entity_name"":""BRENTFORD COMMUNITY BOAT HOUSE"",""company_status"":""active"",""sic_codes"":""93120"",""score"":69,""why"":""SIC 93120 (sport club); active; every word of the club's name; names something the club does not: boat, house; nothing in the name says football""},{""company_number"":""05507564"",""entity_name"":""BRENTFORD MARINE SERVICES LIMITED"",""company_status"":""active"",""sic_codes"":""93290"",""score"":62,""why"":""sport-adjacent SIC 93290; active; every word of the club's name; names something the club does not: marine, services; nothing in the name says football""}]"
brighton-and-hove-albion-fc	Brighton & Hove Albion	1	review	02849319	BRIGHTON & HOVE ALBION HOLDINGS LIMITED	active	70100	119	7	active; holding company; matches the entity these accounts were read from; name matches exactly	Brighton & Hove Albion Holdings Limited		"[{""company_number"":""00081077"",""entity_name"":""BRIGHTON AND HOVE ALBION FOOTBALL CLUB,LIMITED(THE)"",""company_status"":""active"",""sic_codes"":""93120"",""score"":112,""why"":""SIC 93120 (sport club); active; named a football club; every word of the club's name""},{""company_number"":""10266716"",""entity_name"":""BRIGHTON & HOVE ALBION WOMEN'S FOOTBALL CLUB LIMITED"",""company_status"":""active"",""sic_codes"":""93120"",""score"":69,""why"":""SIC 93120 (sport club); active; named a football club; every word of the club's name; names something the club does not: s, women""},{""company_number"":""08759885"",""entity_name"":""BRIGHTON AND HOVE CITY FC LTD"",""company_status"":""active"",""sic_codes"":""93120"",""score"":69,""why"":""SIC 93120 (sport club); active; named FC; the club's place name only; names something the club does not: city""}]"
chelsea-fc	Chelsea	1	review	02536231	CHELSEA FC HOLDINGS LIMITED	active	70100	116	4	active; named FC; holding company; matches the entity these accounts were read from; every word of the club's name	Chelsea FC Holdings Limited		"[{""company_number"":""01965149"",""entity_name"":""CHELSEA FOOTBALL CLUB LIMITED"",""company_status"":""active"",""sic_codes"":""93120"",""score"":112,""why"":""SIC 93120 (sport club); active; named a football club; every word of the club's name""},{""company_number"":""07377729"",""entity_name"":""CHELSEA FOOTBALL CLUB WOMEN LTD"",""company_status"":""active"",""sic_codes"":""93120"",""score"":69,""why"":""SIC 93120 (sport club); active; named a football club; every word of the club's name; names something the club does not: women""},{""company_number"":""02450608"",""entity_name"":""CHELSEA LEISURE SERVICES LIMITED"",""company_status"":""active"",""sic_codes"":""93120"",""score"":69,""why"":""SIC 93120 (sport club); active; every word of the club's name; names something the club does not: leisure, services; nothing in the name says football""}]"
coventry-city-fc	Coventry City	1	chosen	07612487	COVENTRY CITY FOOTBALL CLUB LIMITED	active	93120	172	93	SIC 93120 (sport club); active; named a football club; matches the entity these accounts were read from; every word of the club's name	Coventry City Football Club Limited		"[{""company_number"":""03056875"",""entity_name"":""COVENTRY CITY FOOTBALL CLUB LIMITED"",""company_status"":""dissolved"",""sic_codes"":""93110"",""score"":79,""why"":""sport-adjacent SIC 93110; dissolved; named a football club; matches the entity these accounts were read from; every word of the club's name""},{""company_number"":""16591278"",""entity_name"":""COVENTRY SAINTS FOOTBALL CLUB LTD"",""company_status"":""active"",""sic_codes"":""93120"",""score"":69,""why"":""SIC 93120 (sport club); active; named a football club; the club's place name only; names something the club does not: saints""},{""company_number"":""10660156"",""entity_name"":""COVENTRY SPORTS AND FUNCTIONS LIMITED"",""company_status"":""active"",""sic_codes"":""93120"",""score"":69,""why"":""SIC 93120 (sport club); active; the club's place name only; names something the club does not: functions; nothing in the name says football""}]"
crystal-palace-fc	Crystal Palace	1	review	RC000153	CRYSTAL PALACE COMPANY	active		65	0	active; name matches exactly			"[{""company_number"":""17097769"",""entity_name"":""CRYSTAL PALACE GROUP LIMITED"",""company_status"":""active"",""sic_codes"":"""",""score"":65,""why"":""active; name matches exactly""},{""company_number"":""03668571"",""entity_name"":""108 CRYSTAL PALACE PARK ROAD LIMITED"",""company_status"":""active"",""sic_codes"":""98000"",""score"":50,""why"":""active; every word of the club's name; names something the club does not: park, road""},{""company_number"":""11622490"",""entity_name"":""111/113 CHURCH ROAD (CRYSTAL PALACE) RTM COMPANY LIMITED"",""company_status"":""active"",""sic_codes"":""68320"",""score"":50,""why"":""active; every word of the club's name; names something the club does not: church, road, rtm""}]"
everton-fc	Everton	1	chosen	00036624	EVERTON FOOTBALL CLUB COMPANY, LIMITED	active	93110	144	75	sport-adjacent SIC 93110; active; named a football club; matches the entity these accounts were read from; every word of the club's name	Everton Football Club Company Limited		"[{""company_number"":""07335143"",""entity_name"":""EVERTON FOOTBALL CLUB WOMEN LIMITED"",""company_status"":""active"",""sic_codes"":""93120"",""score"":69,""why"":""SIC 93120 (sport club); active; named a football club; every word of the club's name; names something the club does not: women""},{""company_number"":""04851552"",""entity_name"":""EVERTON IN THE COMMUNITY"",""company_status"":""active"",""sic_codes"":""93290"",""score"":62,""why"":""sport-adjacent SIC 93290; active; every word of the club's name; names something the club does not: in; nothing in the name says football""},{""company_number"":""06743405"",""entity_name"":""EVERTON FOUNDATION TRADING COMPANY LIMITED"",""company_status"":""active"",""sic_codes"":""93199"",""score"":27,""why"":""sport-adjacent SIC 93199; active; names a body attached to a club, not the club; every word of the club's name; names something the club does not: foundation, trading; nothing in the name says football""}]"
fulham-fc	Fulham	1	chosen	02114486	FULHAM FOOTBALL CLUB LIMITED	active	93120	112	43	SIC 93120 (sport club); active; named a football club; every word of the club's name			"[{""company_number"":""03374347"",""entity_name"":""FULHAM FOOTBALL LEISURE LIMITED"",""company_status"":""active"",""sic_codes"":""93120"",""score"":69,""why"":""SIC 93120 (sport club); active; every word of the club's name; names something the club does not: leisure""},{""company_number"":""14101673"",""entity_name"":""FULHAM SHOOTING CLUB LTD"",""company_status"":""active"",""sic_codes"":""93120"",""score"":69,""why"":""SIC 93120 (sport club); active; every word of the club's name; names something the club does not: shooting; nothing in the name says football""},{""company_number"":""13925002"",""entity_name"":""FULHAM UNITED FC LTD"",""company_status"":""active"",""sic_codes"":""93199"",""score"":69,""why"":""sport-adjacent SIC 93199; active; named FC; every word of the club's name; names something the club does not: united""}]"
hull-city-fc	Hull City	1	chosen	04032392	HULL CITY TIGERS LIMITED	active	93110,93120	150	81	SIC 93120 (sport club); active; matches the entity these accounts were read from; every word of the club's name	Hull City Tigers Limited		"[{""company_number"":""17019636"",""entity_name"":""AFC HULL LTD"",""company_status"":""active"",""sic_codes"":""93120"",""score"":69,""why"":""SIC 93120 (sport club); active; the club's place name only""},{""company_number"":""14738061"",""entity_name"":""CRANBROOK (HULL) CIC"",""company_status"":""active"",""sic_codes"":""93120"",""score"":69,""why"":""SIC 93120 (sport club); active; the club's place name only; names something the club does not: cranbrook; nothing in the name says football""},{""company_number"":""00166438"",""entity_name"":""HULL & EAST RIDING AMATEUR ATHLETIC COMPANY,LIMITED(THE)"",""company_status"":""active"",""sic_codes"":""93120"",""score"":69,""why"":""SIC 93120 (sport club); active; the club's place name only; names something the club does not: amateur, east, riding""}]"
ipswich-town-fc	Ipswich Town	1	chosen	00315421	IPSWICH TOWN FOOTBALL CLUB COMPANY LIMITED	active	93110	144	67	sport-adjacent SIC 93110; active; named a football club; matches the entity these accounts were read from; every word of the club's name	Ipswich Town Football Club Company Limited	00315421	"[{""company_number"":""04792070"",""entity_name"":""IPSWICH TOWN PLC"",""company_status"":""active"",""sic_codes"":""93110"",""score"":77,""why"":""sport-adjacent SIC 93110; active; name matches exactly""},{""company_number"":""13391096"",""entity_name"":""IPSWICH CROQUET CLUB LTD"",""company_status"":""active"",""sic_codes"":""93120"",""score"":69,""why"":""SIC 93120 (sport club); active; the club's place name only; names something the club does not: croquet; nothing in the name says football""},{""company_number"":""12285852"",""entity_name"":""IPSWICH SPORTS CLUB 2020 LTD"",""company_status"":""active"",""sic_codes"":""93110,93120"",""score"":69,""why"":""SIC 93120 (sport club); active; the club's place name only; nothing in the name says football""}]"
leeds-united-fc	Leeds United	1	chosen	06233875	LEEDS UNITED FOOTBALL CLUB LIMITED	active	93110	144	75	sport-adjacent SIC 93110; active; named a football club; matches the entity these accounts were read from; every word of the club's name	Leeds United Football Club Limited		"[{""company_number"":""15715050"",""entity_name"":""ACTIVE FUTURE EAST LEEDS & WAKEFIELD CIC"",""company_status"":""active"",""sic_codes"":""85510,93120,93199"",""score"":69,""why"":""SIC 93120 (sport club); active; the club's place name only; names something the club does not: active, east, future, wakefield; nothing in the name says football""},{""company_number"":""17066880"",""entity_name"":""APOLLO LEEDS LTD"",""company_status"":""active"",""sic_codes"":""93120"",""score"":69,""why"":""SIC 93120 (sport club); active; the club's place name only; names something the club does not: apollo; nothing in the name says football""},{""company_number"":""11420231"",""entity_name"":""CITY OF LEEDS TRAMPOLINING CLUB LIMITED"",""company_status"":""active"",""sic_codes"":""93120,93130,93199"",""score"":69,""why"":""SIC 93120 (sport club); active; the club's place name only; names something the club does not: city, of, trampolining""}]"
liverpool-fc	Liverpool	1	chosen	00035668	THE LIVERPOOL FOOTBALL CLUB AND ATHLETIC GROUNDS LIMITED	active	93110	144	72	sport-adjacent SIC 93110; active; named a football club; matches the entity these accounts were read from; every word of the club's name	The Liverpool Football Club and Athletic Grounds Limited		"[{""company_number"":""03442228"",""entity_name"":""LIVERPOOL FOOTBALL CLUB LIMITED"",""company_status"":""active"",""sic_codes"":""74990"",""score"":72,""why"":""active; named a football club; every word of the club's name""},{""company_number"":""11501995"",""entity_name"":""LIVERPOOL BRIDGE CLUB HOLDINGS LIMITED"",""company_status"":""active"",""sic_codes"":""93120"",""score"":69,""why"":""SIC 93120 (sport club); active; holding company; every word of the club's name; names something the club does not: bridge; nothing in the name says football""},{""company_number"":""08457588"",""entity_name"":""LIVERPOOL HOMELESS FOOTBALL CLUB"",""company_status"":""active"",""sic_codes"":""93199"",""score"":69,""why"":""sport-adjacent SIC 93199; active; named a football club; every word of the club's name; names something the club does not: homeless""}]"
manchester-city-fc	Manchester City	1	chosen	00040946	MANCHESTER CITY FOOTBALL CLUB LIMITED	active	93120	172	67	SIC 93120 (sport club); active; named a football club; matches the entity these accounts were read from; every word of the club's name	Manchester City Football Club Limited		"[{""company_number"":""02989498"",""entity_name"":""MANCHESTER CITY LIMITED"",""company_status"":""active"",""sic_codes"":""93120"",""score"":105,""why"":""SIC 93120 (sport club); active; name matches exactly""},{""company_number"":""14686594"",""entity_name"":""CITY OF MANCHESTER WRESTLING CLUB CIC"",""company_status"":""active"",""sic_codes"":""93120"",""score"":69,""why"":""SIC 93120 (sport club); active; every word of the club's name; names something the club does not: of, wrestling""},{""company_number"":""16717683"",""entity_name"":""CLUB ATL\u00c3\u0089TICO MANCHESTER LTD"",""company_status"":""active"",""sic_codes"":""93120"",""score"":69,""why"":""SIC 93120 (sport club); active; the club's place name only; names something the club does not: atl, tico; nothing in the name says football""}]"
manchester-united-fc	Manchester United	1	chosen	02570509	MANCHESTER UNITED LIMITED	active	93120	165	53	SIC 93120 (sport club); active; matches the entity these accounts were read from; name matches exactly	Manchester United plc		"[{""company_number"":""00095489"",""entity_name"":""MANCHESTER UNITED FOOTBALL CLUB LIMITED"",""company_status"":""active"",""sic_codes"":""93120"",""score"":112,""why"":""SIC 93120 (sport club); active; named a football club; every word of the club's name""},{""company_number"":""14686594"",""entity_name"":""CITY OF MANCHESTER WRESTLING CLUB CIC"",""company_status"":""active"",""sic_codes"":""93120"",""score"":69,""why"":""SIC 93120 (sport club); active; the club's place name only; names something the club does not: city, of, wrestling""},{""company_number"":""16717683"",""entity_name"":""CLUB ATL\u00c3\u0089TICO MANCHESTER LTD"",""company_status"":""active"",""sic_codes"":""93120"",""score"":69,""why"":""SIC 93120 (sport club); active; the club's place name only; names something the club does not: atl, tico; nothing in the name says football""}]"
newcastle-united-fc	Newcastle United	1	chosen	02529667	NEWCASTLE UNITED LIMITED	active	93110	137	53	sport-adjacent SIC 93110; active; matches the entity these accounts were read from; name matches exactly	Newcastle United Limited		"[{""company_number"":""05981582"",""entity_name"":""NEWCASTLE UNITED FOOTBALL CLUB LIMITED"",""company_status"":""active"",""sic_codes"":""93110"",""score"":84,""why"":""sport-adjacent SIC 93110; active; named a football club; every word of the club's name""},{""company_number"":""05982811"",""entity_name"":""NEWCASTLE UNITED FC LIMITED"",""company_status"":""active"",""sic_codes"":""93110"",""score"":74,""why"":""sport-adjacent SIC 93110; active; named FC; every word of the club's name""},{""company_number"":""14849226"",""entity_name"":""3V3UK NEWCASTLE LTD"",""company_status"":""active"",""sic_codes"":""93120"",""score"":69,""why"":""SIC 93120 (sport club); active; the club's place name only; names something the club does not: 3v3uk; nothing in the name says football""}]"
nottingham-forest-fc	Nottingham Forest	1	chosen	01630402	NOTTINGHAM FOREST FOOTBALL CLUB LIMITED	active	93120	172	103	SIC 93120 (sport club); active; named a football club; matches the entity these accounts were read from; every word of the club's name	Nottingham Forest Football Club Limited		"[{""company_number"":""03730065"",""entity_name"":""NOTTINGHAM FOREST WOMEN\u00e2\u0080\u0099S FOOTBALL CLUB LIMITED"",""company_status"":""active"",""sic_codes"":""93120"",""score"":69,""why"":""SIC 93120 (sport club); active; named a football club; every word of the club's name; names something the club does not: s, women""},{""company_number"":""04285216"",""entity_name"":""FOREST ESTATES (NOTTINGHAM) LTD"",""company_status"":""active"",""sic_codes"":""68100,68209"",""score"":50,""why"":""active; every word of the club's name; names something the club does not: estates""},{""company_number"":""09109817"",""entity_name"":""FOREST SCAFFOLDING NOTTINGHAM LIMITED"",""company_status"":""active"",""sic_codes"":""43991"",""score"":50,""why"":""active; every word of the club's name; names something the club does not: scaffolding""}]"
sunderland-afc	Sunderland	1	chosen	00049116	SUNDERLAND ASSOCIATION FOOTBALL CLUB,LIMITED(THE)	active	93110	144	75	sport-adjacent SIC 93110; active; named a football club; matches the entity these accounts were read from; every word of the club's name	Sunderland Association Football Club Limited		"[{""company_number"":""08729214"",""entity_name"":""SUNDERLAND ASSOCIATION FOOTBALL CLUB WOMEN LIMITED"",""company_status"":""active"",""sic_codes"":""93110"",""score"":69,""why"":""sport-adjacent SIC 93110; active; named a football club; every word of the club's name; names something the club does not: women""},{""company_number"":""09727909"",""entity_name"":""SUNDERLAND RCA FC LTD"",""company_status"":""active"",""sic_codes"":""93120"",""score"":69,""why"":""SIC 93120 (sport club); active; named FC; every word of the club's name; names something the club does not: rca""},{""company_number"":""15184502"",""entity_name"":""SUNDERLAND RFC LIMITED"",""company_status"":""active"",""sic_codes"":""93120"",""score"":69,""why"":""SIC 93120 (sport club); active; every word of the club's name; names something the club does not: rfc; nothing in the name says football""}]"
tottenham-hotspur-fc	Tottenham Hotspur	1	chosen	01706358	TOTTENHAM HOTSPUR LIMITED	active	93110	137	31	sport-adjacent SIC 93110; active; matches the entity these accounts were read from; name matches exactly	Tottenham Hotspur Limited		"[{""company_number"":""10443734"",""entity_name"":""TOTTENHAM HOTSPUR FOOTBALL CLUB HOLDINGS LIMITED"",""company_status"":""active"",""sic_codes"":""93120"",""score"":106,""why"":""SIC 93120 (sport club); active; named a football club; holding company; every word of the club's name""},{""company_number"":""10863537"",""entity_name"":""TOTTENHAM HOTSPUR WOMEN FOOTBALL CLUB LIMITED"",""company_status"":""active"",""sic_codes"":""93120"",""score"":69,""why"":""SIC 93120 (sport club); active; named a football club; every word of the club's name; names something the club does not: women""},{""company_number"":""00057186"",""entity_name"":""TOTTENHAM HOTSPUR FOOTBALL & ATHLETIC CO. LTD"",""company_status"":""active"",""sic_codes"":""93110"",""score"":62,""why"":""sport-adjacent SIC 93110; active; every word of the club's name""}]"
birmingham-city-fc	Birmingham City	2	chosen	00027318	BIRMINGHAM CITY FOOTBALL CLUB LIMITED	active	93120	172	103	SIC 93120 (sport club); active; named a football club; matches the entity these accounts were read from; every word of the club's name	Birmingham City Football Club Limited		"[{""company_number"":""16399520"",""entity_name"":""AFC BIRMINGHAM LTD"",""company_status"":""active"",""sic_codes"":""93110,93120"",""score"":69,""why"":""SIC 93120 (sport club); active; the club's place name only""},{""company_number"":""16784368"",""entity_name"":""BIRMINGHAM ALBION FOOTBALL CLUB LTD"",""company_status"":""active"",""sic_codes"":""93120"",""score"":69,""why"":""SIC 93120 (sport club); active; named a football club; the club's place name only; names something the club does not: albion""},{""company_number"":""12224904"",""entity_name"":""BIRMINGHAM BOUNCERS CIC"",""company_status"":""active"",""sic_codes"":""93120,93199"",""score"":69,""why"":""SIC 93120 (sport club); active; the club's place name only; names something the club does not: bouncers; nothing in the name says football""}]"
blackburn-rovers-fc	Blackburn Rovers	2	chosen	00053482	THE BLACKBURN ROVERS FOOTBALL AND ATHLETIC LIMITED	active	93120	150	81	SIC 93120 (sport club); active; matches the entity these accounts were read from; every word of the club's name	The Blackburn Rovers Football and Athletic Limited		"[{""company_number"":""14992238"",""entity_name"":""BLACKBURN OFC LIMITED"",""company_status"":""active"",""sic_codes"":""93120"",""score"":69,""why"":""SIC 93120 (sport club); active; the club's place name only; names something the club does not: ofc; nothing in the name says football""},{""company_number"":""12033373"",""entity_name"":""BLACKBURN ROVERS WOMEN FOOTBALL CLUB LIMITED"",""company_status"":""active"",""sic_codes"":""93120"",""score"":69,""why"":""SIC 93120 (sport club); active; named a football club; every word of the club's name; names something the club does not: women""},{""company_number"":""10381430"",""entity_name"":""BLACKBURN ACADEMY OF MARTIAL ARTS CIC"",""company_status"":""active"",""sic_codes"":""93120"",""score"":37,""why"":""SIC 93120 (sport club); active; names a body attached to a club, not the club; the club's place name only; names something the club does not: academy, arts, martial, of; nothing in the name says football""}]"
bolton-wanderers-fc	Bolton Wanderers	2	review	12184224	BOLTON WANDERERS FOOTBALL CLUB LIMITED	active	99999	72	3	active; named a football club; every word of the club's name	Football Ventures (Whites) Limited		"[{""company_number"":""16490181"",""entity_name"":""AFC BOLTON CIC"",""company_status"":""active"",""sic_codes"":""93120"",""score"":69,""why"":""SIC 93120 (sport club); active; the club's place name only""},{""company_number"":""11825512"",""entity_name"":""BOLTON GC SERVICES LIMITED"",""company_status"":""active"",""sic_codes"":""93120"",""score"":69,""why"":""SIC 93120 (sport club); active; the club's place name only; names something the club does not: gc, services; nothing in the name says football""},{""company_number"":""16366874"",""entity_name"":""BOLTON HALL SPORTING CLUB LIMITED"",""company_status"":""active"",""sic_codes"":""93120"",""score"":69,""why"":""SIC 93120 (sport club); active; the club's place name only; names something the club does not: hall, sporting; nothing in the name says football""}]"
bristol-city-fc	Bristol City	2	chosen	01501663	BRISTOL CITY HOLDINGS LIMITED	active	93110	131	19	sport-adjacent SIC 93110; active; holding company; matches the entity these accounts were read from; name matches exactly	Bristol City Holdings Limited		"[{""company_number"":""03230871"",""entity_name"":""BRISTOL CITY FOOTBALL CLUB LIMITED"",""company_status"":""active"",""sic_codes"":""93120"",""score"":112,""why"":""SIC 93120 (sport club); active; named a football club; every word of the club's name""},{""company_number"":""16847037"",""entity_name"":""BRISTOL & DISTRICT RIFLE & PISTOL CLUB LTD"",""company_status"":""active"",""sic_codes"":""93120"",""score"":69,""why"":""SIC 93120 (sport club); active; the club's place name only; names something the club does not: district, pistol, rifle; nothing in the name says football""},{""company_number"":""11460716"",""entity_name"":""BRISTOL CITY WOMEN FOOTBALL CLUB LIMITED"",""company_status"":""active"",""sic_codes"":""93120"",""score"":69,""why"":""SIC 93120 (sport club); active; named a football club; every word of the club's name; names something the club does not: women""}]"
burnley-fc	Burnley	2	chosen	08335231	BURNLEY FC HOLDINGS LIMITED	active	93110	128	59	sport-adjacent SIC 93110; active; named FC; holding company; matches the entity these accounts were read from; every word of the club's name	Burnley FC Holdings Limited		"[{""company_number"":""13192796"",""entity_name"":""BURNLEY FC WOMEN LIMITED"",""company_status"":""active"",""sic_codes"":""93110"",""score"":69,""why"":""sport-adjacent SIC 93110; active; named FC; every word of the club's name; names something the club does not: women""},{""company_number"":""08737838"",""entity_name"":""BURNLEY LEISURE AND CULTURE"",""company_status"":""active"",""sic_codes"":""90010,93110,93120,93130"",""score"":69,""why"":""SIC 93120 (sport club); active; every word of the club's name; names something the club does not: culture, leisure; nothing in the name says football""},{""company_number"":""08429374"",""entity_name"":""BURNLEY S.T.E.A.M ENGINE LTD"",""company_status"":""active"",""sic_codes"":""85600,88990,93120"",""score"":69,""why"":""SIC 93120 (sport club); active; every word of the club's name; names something the club does not: a, e, engine, m, s, t; nothing in the name says football""}]"
cardiff-city-fc	Cardiff City	2	chosen	04044254	CARDIFF CITY FOOTBALL CLUB (HOLDINGS) LIMITED	active	93110,93120	166	54	SIC 93120 (sport club); active; named a football club; holding company; matches the entity these accounts were read from; every word of the club's name	Cardiff City Football Club (Holdings) Limited		"[{""company_number"":""00109065"",""entity_name"":""CARDIFF CITY FOOTBALL CLUB LIMITED"",""company_status"":""active"",""sic_codes"":""93110,93120"",""score"":112,""why"":""SIC 93120 (sport club); active; named a football club; every word of the club's name""},{""company_number"":""03006578"",""entity_name"":""CARDIFF BAY YACHT CLUB LTD"",""company_status"":""active"",""sic_codes"":""93120"",""score"":69,""why"":""SIC 93120 (sport club); active; the club's place name only; names something the club does not: bay, yacht; nothing in the name says football""},{""company_number"":""10747171"",""entity_name"":""CARDIFF BEACH VOLLEYBALL CLUB LTD"",""company_status"":""active"",""sic_codes"":""93120"",""score"":69,""why"":""SIC 93120 (sport club); active; the club's place name only; names something the club does not: beach, volleyball; nothing in the name says football""}]"
charlton-athletic-fc	Charlton Athletic	2	chosen	01788466	CHARLTON ATHLETIC FOOTBALL COMPANY LIMITED	active	93199	122	51	sport-adjacent SIC 93199; active; matches the entity these accounts were read from; every word of the club's name	Charlton Athletic Football Company Limited		"[{""company_number"":""02689249"",""entity_name"":""CHARLTON ATHLETIC HOLDINGS LIMITED"",""company_status"":""active"",""sic_codes"":""93199"",""score"":71,""why"":""sport-adjacent SIC 93199; active; holding company; name matches exactly""},{""company_number"":""08396323"",""entity_name"":""CHARLTON ATHLETIC WOMENS FOOTBALL CLUB LIMITED"",""company_status"":""active"",""sic_codes"":""93199"",""score"":49,""why"":""sport-adjacent SIC 93199; active; named a football club; names a body attached to a club, not the club; every word of the club's name; names something the club does not: womens""},{""company_number"":""CE044676"",""entity_name"":""CHARLTON ATHLETIC EX-PLAYERS ASSOCIATION"",""company_status"":"""",""sic_codes"":"""",""score"":30,""why"":""every word of the club's name; names something the club does not: ex, players""}]"
derby-county-fc	Derby County	2	chosen	14190771	DERBY COUNTY (THE RAMS) LIMITED	active	93199	122	53	sport-adjacent SIC 93199; active; matches the entity these accounts were read from; every word of the club's name	Derby County (The Rams) Limited		"[{""company_number"":""14429515"",""entity_name"":""ARCADIA ROLLER DERBY LIMITED"",""company_status"":""active"",""sic_codes"":""93120,93199"",""score"":69,""why"":""SIC 93120 (sport club); active; the club's place name only; names something the club does not: arcadia, roller; nothing in the name says football""},{""company_number"":""NI623029"",""entity_name"":""BELFAST ROLLER DERBY LIMITED"",""company_status"":""active"",""sic_codes"":""93120"",""score"":69,""why"":""SIC 93120 (sport club); active; the club's place name only; names something the club does not: belfast, roller; nothing in the name says football""},{""company_number"":""09330451"",""entity_name"":""BRIGHTON ROCKERS ROLLER DERBY"",""company_status"":""active"",""sic_codes"":""93120"",""score"":69,""why"":""SIC 93120 (sport club); active; the club's place name only; names something the club does not: brighton, rockers, roller; nothing in the name says football""}]"
lincoln-city-fc	Lincoln City	2	chosen	00045611	LINCOLN CITY FOOTBALL CLUB COMPANY LIMITED	active	93120	172	101	SIC 93120 (sport club); active; named a football club; matches the entity these accounts were read from; every word of the club's name	Lincoln City Football Club Company Ltd		"[{""company_number"":""07895367"",""entity_name"":""LINCOLN CITY HOLDINGS LIMITED"",""company_status"":""active"",""sic_codes"":""93199"",""score"":71,""why"":""sport-adjacent SIC 93199; active; holding company; name matches exactly""},{""company_number"":""15832816"",""entity_name"":""EGGMONKEY LINCOLN LTD"",""company_status"":""active"",""sic_codes"":""93120,93199"",""score"":69,""why"":""SIC 93120 (sport club); active; the club's place name only; names something the club does not: eggmonkey; nothing in the name says football""},{""company_number"":""12137667"",""entity_name"":""LINCOLN CANOE CLUB LIMITED"",""company_status"":""active"",""sic_codes"":""93120"",""score"":69,""why"":""SIC 93120 (sport club); active; the club's place name only; names something the club does not: canoe; nothing in the name says football""}]"
middlesbrough-fc	Middlesbrough	2	chosen	01947851	MIDDLESBROUGH FOOTBALL & ATHLETIC COMPANY (1986) LIMITED	active	93120	150	81	SIC 93120 (sport club); active; matches the entity these accounts were read from; every word of the club's name	Middlesbrough Football & Athletic Company (1986) Limited		"[{""company_number"":""11989656"",""entity_name"":""KIXX  MIDDLESBROUGH LIMITED"",""company_status"":""active"",""sic_codes"":""93120"",""score"":69,""why"":""SIC 93120 (sport club); active; every word of the club's name; names something the club does not: kixx; nothing in the name says football""},{""company_number"":""16877294"",""entity_name"":""MIDDLESBROUGH GIRLS FC LIMITED"",""company_status"":""active"",""sic_codes"":""93120"",""score"":69,""why"":""SIC 93120 (sport club); active; named FC; every word of the club's name; names something the club does not: girls""},{""company_number"":""08593652"",""entity_name"":""MIDDLESBROUGH JUDO LTD"",""company_status"":""active"",""sic_codes"":""93120"",""score"":69,""why"":""SIC 93120 (sport club); active; every word of the club's name; names something the club does not: judo; nothing in the name says football""}]"
millwall-fc	Millwall	2	chosen	02355508	MILLWALL HOLDINGS LIMITED	active	93110,93199	131	62	sport-adjacent SIC 93110,93199; active; holding company; matches the entity these accounts were read from; name matches exactly	Millwall Holdings Limited		"[{""company_number"":""08690023"",""entity_name"":""MILLWALL LIONESSES FOOTBALL CLUB"",""company_status"":""active"",""sic_codes"":""93120"",""score"":69,""why"":""SIC 93120 (sport club); active; named a football club; every word of the club's name; names something the club does not: lionesses""},{""company_number"":""01924222"",""entity_name"":""THE MILLWALL FOOTBALL AND ATHLETIC COMPANY (1985) LIMITED"",""company_status"":""active"",""sic_codes"":""93199"",""score"":62,""why"":""sport-adjacent SIC 93199; active; every word of the club's name""},{""company_number"":""13483926"",""entity_name"":""MILLWALL TOWN INVESTMENT LTD"",""company_status"":""active"",""sic_codes"":""68100"",""score"":50,""why"":""active; every word of the club's name; names something the club does not: investment, town""}]"
norwich-city-fc	Norwich City	2	chosen	00154044	NORWICH CITY FOOTBALL CLUB PLC	active	93120	172	103	SIC 93120 (sport club); active; named a football club; matches the entity these accounts were read from; every word of the club's name	Norwich City Football Club Plc		"[{""company_number"":""09152402"",""entity_name"":""NORWICH EAGLE CANOE CLUB LIMITED"",""company_status"":""active"",""sic_codes"":""93120"",""score"":69,""why"":""SIC 93120 (sport club); active; the club's place name only; names something the club does not: canoe, eagle; nothing in the name says football""},{""company_number"":""16247523"",""entity_name"":""NORWICH TIGERS LTD"",""company_status"":""active"",""sic_codes"":""85510,93120"",""score"":69,""why"":""SIC 93120 (sport club); active; the club's place name only; names something the club does not: tigers; nothing in the name says football""},{""company_number"":""06542491"",""entity_name"":""NORWICH UNITED FOOTBALL CLUB (2008) LIMITED"",""company_status"":""active"",""sic_codes"":""93120"",""score"":69,""why"":""SIC 93120 (sport club); active; named a football club; the club's place name only; names something the club does not: united""}]"
portsmouth-fc	Portsmouth	2	chosen	12405581	PORTSMOUTH CITY FOOTBALL CLUB LIMITED	active	93120	172	60	SIC 93120 (sport club); active; named a football club; matches the entity these accounts were read from; every word of the club's name	Portsmouth City Football Club Limited		"[{""company_number"":""11538360"",""entity_name"":""PORTSMOUTH FOOTBALL CLUB LIMITED"",""company_status"":""active"",""sic_codes"":""93120"",""score"":112,""why"":""SIC 93120 (sport club); active; named a football club; every word of the club's name""},{""company_number"":""07940335"",""entity_name"":""PORTSMOUTH COMMUNITY FOOTBALL CLUB LIMITED"",""company_status"":""active"",""sic_codes"":""93199"",""score"":84,""why"":""sport-adjacent SIC 93199; active; named a football club; every word of the club's name""},{""company_number"":""17334172"",""entity_name"":""PORTSMOUTH BEACH SOCCER LIMITED"",""company_status"":""active"",""sic_codes"":""93120"",""score"":69,""why"":""SIC 93120 (sport club); active; every word of the club's name; names something the club does not: beach""}]"
preston-north-end-fc	Preston North End	2	chosen	00039494	PRESTON NORTH END FOOTBALL CLUB,LIMITED(THE)	active	93120	112	43	SIC 93120 (sport club); active; named a football club; every word of the club's name			"[{""company_number"":""01621060"",""entity_name"":""PRESTON NORTH END LIMITED"",""company_status"":""active"",""sic_codes"":""93120"",""score"":69,""why"":""SIC 93120 (sport club); active; name matches exactly; nothing in the name says football""},{""company_number"":""06627591"",""entity_name"":""PRESTON NORTH END COMMUNITY AND EDUCATION TRUST"",""company_status"":""active"",""sic_codes"":""85510,93199,96040"",""score"":27,""why"":""sport-adjacent SIC 93199; active; names a body attached to a club, not the club; every word of the club's name; names something the club does not: education, trust; nothing in the name says football""}]"
queens-park-rangers-fc	Queens Park Rangers	2	chosen	00060094	QUEENS PARK RANGERS FOOTBALL & ATHLETIC CLUB,LIMITED,(THE)	active	93110	122	90	sport-adjacent SIC 93110; active; matches the entity these accounts were read from; every word of the club's name	Queens Park Rangers Football & Athletic Club, Limited (The)		"[{""company_number"":""10094672"",""entity_name"":""QUEENS PARK VILLA MANAGEMENT COMPANY LIMITED"",""company_status"":""active"",""sic_codes"":""68209"",""score"":32,""why"":""active; the club's place name only; names something the club does not: management, villa""}]"
sheffield-united-fc	Sheffield United	2	review	00061564	THE SHEFFIELD UNITED FOOTBALL CLUB LIMITED	active	93120	112	43	SIC 93120 (sport club); active; named a football club; every word of the club's name	Blades Leisure Limited	00061564	"[{""company_number"":""16977056"",""entity_name"":""ACE CLUB SHEFFIELD CIC"",""company_status"":""active"",""sic_codes"":""86900,90020,93120,96040"",""score"":69,""why"":""SIC 93120 (sport club); active; the club's place name only; names something the club does not: ace; nothing in the name says football""},{""company_number"":""06355863"",""entity_name"":""CARIBBEAN SPORTS CLUB (SHEFFIELD) LIMITED"",""company_status"":""active"",""sic_codes"":""93120,96040"",""score"":69,""why"":""SIC 93120 (sport club); active; the club's place name only; names something the club does not: caribbean; nothing in the name says football""},{""company_number"":""08875718"",""entity_name"":""CITY OF SHEFFIELD SWIM SQUAD LIMITED"",""company_status"":""active"",""sic_codes"":""93120"",""score"":69,""why"":""SIC 93120 (sport club); active; the club's place name only; names something the club does not: city, of, squad, swim""}]"
southampton-fc	Southampton	2	chosen	00053301	SOUTHAMPTON FOOTBALL CLUB LIMITED	active	93110	144	75	sport-adjacent SIC 93110; active; named a football club; matches the entity these accounts were read from; every word of the club's name	Southampton Football Club Limited		"[{""company_number"":""10709423"",""entity_name"":""MKG SOUTHAMPTON LTD"",""company_status"":""active"",""sic_codes"":""93120"",""score"":69,""why"":""SIC 93120 (sport club); active; every word of the club's name; names something the club does not: mkg; nothing in the name says football""},{""company_number"":""11718687"",""entity_name"":""PHX SOUTHAMPTON LIMITED"",""company_status"":""active"",""sic_codes"":""93120"",""score"":69,""why"":""SIC 93120 (sport club); active; every word of the club's name; names something the club does not: phx; nothing in the name says football""},{""company_number"":""12146046"",""entity_name"":""SOUTHAMPTON ARCHERY CLUB LIMITED"",""company_status"":""active"",""sic_codes"":""93120"",""score"":69,""why"":""SIC 93120 (sport club); active; every word of the club's name; names something the club does not: archery; nothing in the name says football""}]"
stoke-city-fc	Stoke City	2	chosen	00099885	STOKE CITY FOOTBALL CLUB LIMITED	active	93120	112	43	SIC 93120 (sport club); active; named a football club; every word of the club's name			"[{""company_number"":""16043100"",""entity_name"":""PADEL STOKE LIMITED"",""company_status"":""active"",""sic_codes"":""47640,93110,93120,93199"",""score"":69,""why"":""SIC 93120 (sport club); active; the club's place name only; names something the club does not: padel; nothing in the name says football""},{""company_number"":""14865676"",""entity_name"":""STOKE GABRIEL & TORBAY FOOTBALL CLUB LTD"",""company_status"":""active"",""sic_codes"":""93120"",""score"":69,""why"":""SIC 93120 (sport club); active; named a football club; the club's place name only; names something the club does not: gabriel, torbay""},{""company_number"":""17428266"",""entity_name"":""STOKE ROCHFORD SPORTING LTD"",""company_status"":""active"",""sic_codes"":""93120"",""score"":69,""why"":""SIC 93120 (sport club); active; the club's place name only; names something the club does not: rochford, sporting; nothing in the name says football""}]"
swansea-city-fc	Swansea City	2	review	00123414	SWANSEA CITY ASSOCIATION FOOTBALL CLUB LIMITED(THE)	active	93120	112	0	SIC 93120 (sport club); active; named a football club; every word of the club's name			"[{""company_number"":""04056708"",""entity_name"":""SWANSEA CITY FOOTBALL CLUB LIMITED"",""company_status"":""active"",""sic_codes"":""93120"",""score"":112,""why"":""SIC 93120 (sport club); active; named a football club; every word of the club's name""},{""company_number"":""04305508"",""entity_name"":""SWANSEA CITY FOOTBALL 2002 LIMITED"",""company_status"":""active"",""sic_codes"":""93120"",""score"":90,""why"":""SIC 93120 (sport club); active; every word of the club's name""},{""company_number"":""08880420"",""entity_name"":""SKYDIVE SWANSEA CLUB LTD"",""company_status"":""active"",""sic_codes"":""93120"",""score"":69,""why"":""SIC 93120 (sport club); active; the club's place name only; names something the club does not: skydive; nothing in the name says football""}]"
watford-fc	Watford	2	chosen	00104194	WATFORD ASSOCIATION FOOTBALL CLUB LIMITED(THE)	active	93199	144	75	sport-adjacent SIC 93199; active; named a football club; matches the entity these accounts were read from; every word of the club's name	Watford Association Football Club Limited (The)		"[{""company_number"":""08549712"",""entity_name"":""WATFORD FC WOMEN LIMITED"",""company_status"":""active"",""sic_codes"":""93110"",""score"":69,""why"":""sport-adjacent SIC 93110; active; named FC; every word of the club's name; names something the club does not: women""},{""company_number"":""08312495"",""entity_name"":""WATFORD RFC"",""company_status"":""active"",""sic_codes"":""93120"",""score"":69,""why"":""SIC 93120 (sport club); active; every word of the club's name; names something the club does not: rfc; nothing in the name says football""},{""company_number"":""12798558"",""entity_name"":""WATFORD LADIES ACADEMY FC LTD"",""company_status"":""active"",""sic_codes"":""85510"",""score"":27,""why"":""active; named FC; names a body attached to a club, not the club; every word of the club's name; names something the club does not: academy, ladies""}]"
west-bromwich-albion-fc	West Bromwich Albion	2	chosen	07230595	WEST BROMWICH ALBION GROUP LIMITED	active	93120	165	53	SIC 93120 (sport club); active; matches the entity these accounts were read from; name matches exactly	West Bromwich Albion Group Limited		"[{""company_number"":""03295063"",""entity_name"":""WEST BROMWICH ALBION FOOTBALL CLUB LIMITED"",""company_status"":""active"",""sic_codes"":""93120"",""score"":112,""why"":""SIC 93120 (sport club); active; named a football club; every word of the club's name""},{""company_number"":""00034292"",""entity_name"":""WEST BROMWICH ALBION HERITAGE LIMITED"",""company_status"":""active"",""sic_codes"":""93110"",""score"":62,""why"":""sport-adjacent SIC 93110; active; every word of the club's name; names something the club does not: heritage""},{""company_number"":""09716368"",""entity_name"":""WEST BROMWICH TOWN BID CIC"",""company_status"":""active"",""sic_codes"":""96090"",""score"":32,""why"":""active; the club's place name only; names something the club does not: bid, town""}]"
west-ham-united-fc	West Ham United	2	review	00066516	WEST HAM UNITED FOOTBALL CLUB LIMITED	active	93120	112	43	SIC 93120 (sport club); active; named a football club; every word of the club's name	West Ham United Holdings Limited		"[{""company_number"":""11055894"",""entity_name"":""WEST HAM UNITED WOMEN FOOTBALL CLUB LIMITED"",""company_status"":""active"",""sic_codes"":""93120"",""score"":69,""why"":""SIC 93120 (sport club); active; named a football club; every word of the club's name; names something the club does not: women""},{""company_number"":""03407691"",""entity_name"":""WEST HAM UNITED LIMITED"",""company_status"":""active"",""sic_codes"":""99999"",""score"":65,""why"":""active; name matches exactly""},{""company_number"":""05987618"",""entity_name"":""WEST HAM UNITED FC LIMITED"",""company_status"":""active"",""sic_codes"":""99999"",""score"":62,""why"":""active; named FC; every word of the club's name""}]"
wolverhampton-wanderers-fc	Wolverhampton Wanderers	2	chosen	01989823	WOLVERHAMPTON WANDERERS FOOTBALL CLUB (1986) LIMITED	active	93120	172	103	SIC 93120 (sport club); active; named a football club; matches the entity these accounts were read from; every word of the club's name	Wolverhampton Wanderers Football Club (1986) Limited		"[{""company_number"":""15786870"",""entity_name"":""AFC WOLVERHAMPTON CIC"",""company_status"":""active"",""sic_codes"":""88990,93120"",""score"":69,""why"":""SIC 93120 (sport club); active; the club's place name only""},{""company_number"":""14230261"",""entity_name"":""AFC WOLVERHAMPTON CITY LTD"",""company_status"":""active"",""sic_codes"":""93120"",""score"":69,""why"":""SIC 93120 (sport club); active; the club's place name only; names something the club does not: city""},{""company_number"":""05055108"",""entity_name"":""DC PROJECTS (WOLVERHAMPTON) LIMITED"",""company_status"":""active"",""sic_codes"":""93120"",""score"":69,""why"":""SIC 93120 (sport club); active; the club's place name only; names something the club does not: dc, projects; nothing in the name says football""}]"
wrexham-fc	Wrexham	2	chosen	07698872	WREXHAM AFC LIMITED	active	93120	150	78	SIC 93120 (sport club); active; matches the entity these accounts were read from; every word of the club's name	Wrexham AFC Limited		"[{""company_number"":""00124022"",""entity_name"":""WREXHAM ASSOCIATION FOOTBALL CLUB LIMITED(THE)"",""company_status"":""active"",""sic_codes"":""9261"",""score"":72,""why"":""active; named a football club; every word of the club's name""},{""company_number"":""10576357"",""entity_name"":""G.C.M.C. (WREXHAM) LIMITED"",""company_status"":""active"",""sic_codes"":""93120"",""score"":69,""why"":""SIC 93120 (sport club); active; every word of the club's name; names something the club does not: c, g, m; nothing in the name says football""},{""company_number"":""16117805"",""entity_name"":""WREXHAM CITY FC LTD"",""company_status"":""active"",""sic_codes"":""85510,93110,93120,93199"",""score"":69,""why"":""SIC 93120 (sport club); active; named FC; every word of the club's name; names something the club does not: city""}]"
afc-wimbledon	AFC Wimbledon	3	review	04458490	AFC WIMBLEDON LIMITED	active	93199	77	8	sport-adjacent SIC 93199; active; name matches exactly	AFCW PLC		"[{""company_number"":""13462568"",""entity_name"":""EZEESPORT WIMBLEDON LIMITED"",""company_status"":""active"",""sic_codes"":""93120"",""score"":69,""why"":""SIC 93120 (sport club); active; the club's place name only; names something the club does not: ezeesport; nothing in the name says football""},{""company_number"":""08486468"",""entity_name"":""HERCULES WIMBLEDON ATHLETIC CLUB C.I.C."",""company_status"":""active"",""sic_codes"":""93120"",""score"":69,""why"":""SIC 93120 (sport club); active; the club's place name only; names something the club does not: c, hercules, i""},{""company_number"":""10064082"",""entity_name"":""RUGBYTOTS WIMBLEDON & PUTNEY LTD"",""company_status"":""active"",""sic_codes"":""93120"",""score"":69,""why"":""SIC 93120 (sport club); active; the club's place name only; names something the club does not: putney, rugbytots; nothing in the name says football""}]"
barnsley-fc	Barnsley	3	chosen	04573250	BARNSLEY FOOTBALL CLUB LIMITED	active	93199	144	75	sport-adjacent SIC 93199; active; named a football club; matches the entity these accounts were read from; every word of the club's name	Barnsley Football Club Limited		"[{""company_number"":""11236446"",""entity_name"":""BARNSLEY WOMEN'S FOOTBALL CLUB LIMITED"",""company_status"":""active"",""sic_codes"":""93199"",""score"":69,""why"":""sport-adjacent SIC 93199; active; named a football club; every word of the club's name; names something the club does not: s, women""},{""company_number"":""14422468"",""entity_name"":""BARNSLEY WOMEN'S FOOTBALL ETC LIMITED"",""company_status"":""active"",""sic_codes"":""93120"",""score"":69,""why"":""SIC 93120 (sport club); active; every word of the club's name; names something the club does not: etc, s, women""},{""company_number"":""10709805"",""entity_name"":""KIXX BARNSLEY LTD"",""company_status"":""active"",""sic_codes"":""93120"",""score"":69,""why"":""SIC 93120 (sport club); active; every word of the club's name; names something the club does not: kixx; nothing in the name says football""}]"
blackpool-fc	Blackpool	3	chosen	00048409	THE BLACKPOOL FOOTBALL CLUB LIMITED	active	93120	172	66	SIC 93120 (sport club); active; named a football club; matches the entity these accounts were read from; every word of the club's name	The Blackpool Football Club Limited		"[{""company_number"":""12022161"",""entity_name"":""BLACKPOOL FOOTBALL CLUB HOLDINGS LTD"",""company_status"":""active"",""sic_codes"":""70100,93120"",""score"":106,""why"":""SIC 93120 (sport club); active; named a football club; holding company; every word of the club's name""},{""company_number"":""16046322"",""entity_name"":""BALLERS BLACKPOOL LTD"",""company_status"":""active"",""sic_codes"":""93120"",""score"":69,""why"":""SIC 93120 (sport club); active; every word of the club's name; names something the club does not: ballers; nothing in the name says football""},{""company_number"":""07739483"",""entity_name"":""BLACKPOOL FOOTBALL CLUB HOTEL LTD"",""company_status"":""active"",""sic_codes"":""55100"",""score"":69,""why"":""active; named a football club; every word of the club's name; names something the club does not: hotel""}]"
bradford-city-fc	Bradford City	3	chosen	05102915	BRADFORD CITY FOOTBALL CLUB LIMITED	active	93199	144	75	sport-adjacent SIC 93199; active; named a football club; matches the entity these accounts were read from; every word of the club's name	Bradford City Football Club Limited		"[{""company_number"":""11178024"",""entity_name"":""ACTIVE BRADFORD LIMITED"",""company_status"":""active"",""sic_codes"":""85510,93120"",""score"":69,""why"":""SIC 93120 (sport club); active; the club's place name only; names something the club does not: active; nothing in the name says football""},{""company_number"":""10623983"",""entity_name"":""ALBION SPORTS (BRADFORD) CIC"",""company_status"":""active"",""sic_codes"":""93120"",""score"":69,""why"":""SIC 93120 (sport club); active; the club's place name only; names something the club does not: albion""},{""company_number"":""11041112"",""entity_name"":""BRADFORD (PARK AVENUE) AFC C.I.C."",""company_status"":""active"",""sic_codes"":""85510,93120"",""score"":69,""why"":""SIC 93120 (sport club); active; the club's place name only; names something the club does not: avenue, c, i, park""}]"
bromley-fc	Bromley	3	review	00215991	BLACKHEATH & BROMLEY HARRIERS AC.	active	93120,93199	69	0	SIC 93120 (sport club); active; every word of the club's name; names something the club does not: ac, blackheath, harriers; nothing in the name says football			"[{""company_number"":""07577919"",""entity_name"":""BROMLEY CROSS FOOTBALL CLUB"",""company_status"":""active"",""sic_codes"":""93120"",""score"":69,""why"":""SIC 93120 (sport club); active; named a football club; every word of the club's name; names something the club does not: cross""},{""company_number"":""13179040"",""entity_name"":""BROMLEY FC COMMUNITY SPORTS TRUST"",""company_status"":""active"",""sic_codes"":""85510,86900,93199"",""score"":39,""why"":""sport-adjacent SIC 93199; active; named FC; names a body attached to a club, not the club; every word of the club's name; names something the club does not: trust""},{""company_number"":""07042772"",""entity_name"":""BROMLEY FC ACADEMY LIMITED"",""company_status"":""active"",""sic_codes"":""99999"",""score"":27,""why"":""active; named FC; names a body attached to a club, not the club; every word of the club's name; names something the club does not: academy""}]"
burton-albion-fc	Burton Albion	3	chosen	00488096	ALBION FOOTBALL CLUB(BURTON-ON-TRENT)LIMITED(THE)	active	93110	144	75	sport-adjacent SIC 93110; active; named a football club; matches the entity these accounts were read from; every word of the club's name	Albion Football Club (Burton-on-Trent) Limited (The)		"[{""company_number"":""10684546"",""entity_name"":""BURTON CANOE CLUB LIMITED"",""company_status"":""active"",""sic_codes"":""93120"",""score"":69,""why"":""SIC 93120 (sport club); active; the club's place name only; names something the club does not: canoe; nothing in the name says football""},{""company_number"":""01814513"",""entity_name"":""BURTON MANOR SPORTS ASSOCIATION LIMITED"",""company_status"":""active"",""sic_codes"":""93120"",""score"":69,""why"":""SIC 93120 (sport club); active; the club's place name only; names something the club does not: manor; nothing in the name says football""},{""company_number"":""07643867"",""entity_name"":""BURTON ALBION COMMUNITY TRUST"",""company_status"":""active"",""sic_codes"":""94990"",""score"":15,""why"":""active; names a body attached to a club, not the club; every word of the club's name; names something the club does not: trust""}]"
cambridge-united-fc	Cambridge United	3	chosen	00482197	CAMBRIDGE UNITED FOOTBALL CLUB LIMITED	active	93110	144	75	sport-adjacent SIC 93110; active; named a football club; matches the entity these accounts were read from; every word of the club's name	Cambridge United Football Club Limited		"[{""company_number"":""05844399"",""entity_name"":""AFC CAMBRIDGE LTD"",""company_status"":""active"",""sic_codes"":""93120"",""score"":69,""why"":""SIC 93120 (sport club); active; the club's place name only""},{""company_number"":""01534286"",""entity_name"":""CAMBRIDGE '99 CLUB LIMITED"",""company_status"":""active"",""sic_codes"":""93120"",""score"":69,""why"":""SIC 93120 (sport club); active; the club's place name only; nothing in the name says football""},{""company_number"":""11909018"",""entity_name"":""CAMBRIDGE CANGAROOS TRAMPOLINE CLUB LIMITED"",""company_status"":""active"",""sic_codes"":""93120"",""score"":69,""why"":""SIC 93120 (sport club); active; the club's place name only; names something the club does not: cangaroos, trampoline; nothing in the name says football""}]"
doncaster-rovers-fc	Doncaster Rovers	3	chosen	03739676	DONCASTER ROVERS LIMITED	active	93110,93120,93199	165	93	SIC 93120 (sport club); active; matches the entity these accounts were read from; name matches exactly	Doncaster Rovers Limited		"[{""company_number"":""00170192"",""entity_name"":""DONCASTER ROVERS FOOTBALL CLUB LIMITED"",""company_status"":""active"",""sic_codes"":""74990"",""score"":72,""why"":""active; named a football club; every word of the club's name""},{""company_number"":""08699464"",""entity_name"":""CLUB DONCASTER LIMITED"",""company_status"":""active"",""sic_codes"":""93110,93120"",""score"":69,""why"":""SIC 93120 (sport club); active; the club's place name only; nothing in the name says football""},{""company_number"":""05907679"",""entity_name"":""DONCASTER ATHLETIC CLUB"",""company_status"":""active"",""sic_codes"":""93120"",""score"":69,""why"":""SIC 93120 (sport club); active; the club's place name only""}]"
huddersfield-town-fc	Huddersfield Town	3	chosen	01771361	THE HUDDERSFIELD TOWN ASSOCIATION FOOTBALL CLUB LIMITED	active	93120	172	82	SIC 93120 (sport club); active; named a football club; matches the entity these accounts were read from; every word of the club's name	The Huddersfield Town Association Football Club Limited		"[{""company_number"":""04826060"",""entity_name"":""AFC HUDDERSFIELD TOWN LIMITED"",""company_status"":""active"",""sic_codes"":""93120"",""score"":90,""why"":""SIC 93120 (sport club); active; every word of the club's name""},{""company_number"":""07337291"",""entity_name"":""HUDDERSFIELD CANALSIDE LIMITED"",""company_status"":""active"",""sic_codes"":""93120"",""score"":69,""why"":""SIC 93120 (sport club); active; the club's place name only; names something the club does not: canalside; nothing in the name says football""},{""company_number"":""03004115"",""entity_name"":""HUDDERSFIELD RECREATION CLUB LIMITED"",""company_status"":""active"",""sic_codes"":""93120"",""score"":69,""why"":""SIC 93120 (sport club); active; the club's place name only; names something the club does not: recreation; nothing in the name says football""}]"
leicester-city-fc	Leicester City	3	chosen	04593477	LEICESTER CITY FOOTBALL CLUB LIMITED	active	93199	144	75	sport-adjacent SIC 93199; active; named a football club; matches the entity these accounts were read from; every word of the club's name	Leicester City Football Club Limited		"[{""company_number"":""17127567"",""entity_name"":""BLUE COURT LEICESTER LTD"",""company_status"":""active"",""sic_codes"":""93120,93199"",""score"":69,""why"":""SIC 93120 (sport club); active; the club's place name only; names something the club does not: blue, court; nothing in the name says football""},{""company_number"":""14960046"",""entity_name"":""INSPIRE TOGETHER LEICESTER CIC"",""company_status"":""active"",""sic_codes"":""85510,93120"",""score"":69,""why"":""SIC 93120 (sport club); active; the club's place name only; names something the club does not: inspire, together; nothing in the name says football""},{""company_number"":""09091120"",""entity_name"":""LEICESTER CITY WOMEN FOOTBALL CLUB LIMITED"",""company_status"":""active"",""sic_codes"":""93120"",""score"":69,""why"":""SIC 93120 (sport club); active; named a football club; every word of the club's name; names something the club does not: women""}]"
leyton-orient-fc	Leyton Orient	3	chosen	00088982	LEYTON ORIENT FOOTBALL CLUB LIMITED	active	93110,93120	172	103	SIC 93120 (sport club); active; named a football club; matches the entity these accounts were read from; every word of the club's name	Leyton Orient Football Club Limited		"[{""company_number"":""16505578"",""entity_name"":""LEYTON ORIENT WOMEN E10 LIMITED"",""company_status"":""active"",""sic_codes"":""93110,93120"",""score"":69,""why"":""SIC 93120 (sport club); active; every word of the club's name; names something the club does not: e10, women""},{""company_number"":""IP29225R"",""entity_name"":""LEYTON ORIENT FANS' SOCIETY LIMITED"",""company_status"":""active"",""sic_codes"":"""",""score"":50,""why"":""active; every word of the club's name; names something the club does not: fans, society""},{""company_number"":""16566336"",""entity_name"":""LEYTON ORIENT SUPPORTERS CHAT LIMITED"",""company_status"":""active"",""sic_codes"":""93199"",""score"":27,""why"":""sport-adjacent SIC 93199; active; names a body attached to a club, not the club; every word of the club's name; names something the club does not: chat, supporters""}]"
luton-town-fc	Luton Town	3	chosen	06133975	LUTON TOWN FOOTBALL CLUB 2020 LTD	active	93120	172	103	SIC 93120 (sport club); active; named a football club; matches the entity these accounts were read from; every word of the club's name	Luton Town Football Club 2020 Limited		"[{""company_number"":""12357567"",""entity_name"":""JKS LUTON LTD"",""company_status"":""active"",""sic_codes"":""93120"",""score"":69,""why"":""SIC 93120 (sport club); active; the club's place name only; names something the club does not: jks; nothing in the name says football""},{""company_number"":""17136265"",""entity_name"":""LEO LUTON CLUB LTD"",""company_status"":""active"",""sic_codes"":""93120"",""score"":69,""why"":""SIC 93120 (sport club); active; the club's place name only; names something the club does not: leo; nothing in the name says football""},{""company_number"":""01933064"",""entity_name"":""LUTON AND DISTRICT MOTORCYCLE CLUB LIMITED"",""company_status"":""active"",""sic_codes"":""93120"",""score"":69,""why"":""SIC 93120 (sport club); active; the club's place name only; names something the club does not: district, motorcycle; nothing in the name says football""}]"
mk-dons-fc	MK Dons	3	not_found						0				[]
mansfield-town-fc	Mansfield Town	3	chosen	00181839	MANSFIELD TOWN FOOTBALL CLUB LIMITED	active	93120	112	50	SIC 93120 (sport club); active; named a football club; every word of the club's name			"[{""company_number"":""06538187"",""entity_name"":""MANSFIELD TOWN FOOTBALL IN THE COMMUNITY LIMITED"",""company_status"":""active"",""sic_codes"":""93110"",""score"":62,""why"":""sport-adjacent SIC 93110; active; every word of the club's name; names something the club does not: in""},{""company_number"":""07957457"",""entity_name"":""MANSFIELD TOWN 1861 LIMITED"",""company_status"":""active"",""sic_codes"":""96090"",""score"":50,""why"":""active; every word of the club's name""},{""company_number"":""16776040"",""entity_name"":""MANSFIELD TOWN FOOTWEAR & CLOTHING LTD"",""company_status"":""active"",""sic_codes"":""46420"",""score"":50,""why"":""active; every word of the club's name; names something the club does not: clothing, footwear""}]"
notts-county-fc	Notts County	3	chosen	04789632	NOTTS COUNTY FOOTBALL CLUB LIMITED	active	93110,93120	172	103	SIC 93120 (sport club); active; named a football club; matches the entity these accounts were read from; every word of the club's name	Notts County Football Club Limited		"[{""company_number"":""16000531"",""entity_name"":""AP NOTTS LIMITED"",""company_status"":""active"",""sic_codes"":""93120"",""score"":69,""why"":""SIC 93120 (sport club); active; the club's place name only; names something the club does not: ap; nothing in the name says football""},{""company_number"":""15983488"",""entity_name"":""NOTTS KONG UNITED LTD"",""company_status"":""active"",""sic_codes"":""93120"",""score"":69,""why"":""SIC 93120 (sport club); active; the club's place name only; names something the club does not: kong, united""},{""company_number"":""05087660"",""entity_name"":""NOTTS SAVE A LIFE LTD"",""company_status"":""active"",""sic_codes"":""93120"",""score"":69,""why"":""SIC 93120 (sport club); active; the club's place name only; names something the club does not: a, life, save; nothing in the name says football""}]"
oxford-united-fc	Oxford United	3	chosen	00470509	OXFORD UNITED FOOTBALL CLUB LIMITED	active	93110	144	75	sport-adjacent SIC 93110; active; named a football club; matches the entity these accounts were read from; every word of the club's name	Oxford United Football Club Limited	00470509	"[{""company_number"":""11500991"",""entity_name"":""ARB OXFORD LTD"",""company_status"":""active"",""sic_codes"":""58142,93120,93290"",""score"":69,""why"":""SIC 93120 (sport club); active; the club's place name only; names something the club does not: arb; nothing in the name says football""},{""company_number"":""14274173"",""entity_name"":""OXFORD ATHLETIC FOOTBALL CLUB LIMITED"",""company_status"":""active"",""sic_codes"":""93120"",""score"":69,""why"":""SIC 93120 (sport club); active; named a football club; the club's place name only""},{""company_number"":""16408380"",""entity_name"":""OXFORD COMMUNITY FOOTBALL LTD"",""company_status"":""active"",""sic_codes"":""93120,93199,96040"",""score"":69,""why"":""SIC 93120 (sport club); active; the club's place name only""}]"
peterborough-united-fc	Peterborough United	3	chosen	00290803	PETERBOROUGH UNITED FOOTBALL CLUB LIMITED	active	93110	144	75	sport-adjacent SIC 93110; active; named a football club; matches the entity these accounts were read from; every word of the club's name	Peterborough United Football Club Limited		"[{""company_number"":""17106365"",""entity_name"":""AP PETERBOROUGH LTD"",""company_status"":""active"",""sic_codes"":""93120"",""score"":69,""why"":""SIC 93120 (sport club); active; the club's place name only; names something the club does not: ap; nothing in the name says football""},{""company_number"":""12475659"",""entity_name"":""FC PETERBOROUGH CIC"",""company_status"":""active"",""sic_codes"":""93110,93120"",""score"":69,""why"":""SIC 93120 (sport club); active; named FC; the club's place name only""},{""company_number"":""03121690"",""entity_name"":""PETERBOROUGH AND SPALDING GLIDING CLUB LIMITED"",""company_status"":""active"",""sic_codes"":""52230,93120"",""score"":69,""why"":""SIC 93120 (sport club); active; the club's place name only; names something the club does not: gliding, spalding; nothing in the name says football""}]"
plymouth-argyle-fc	Plymouth Argyle	3	chosen	07796376	PLYMOUTH ARGYLE FOOTBALL CLUB LIMITED	active	93120	172	103	SIC 93120 (sport club); active; named a football club; matches the entity these accounts were read from; every word of the club's name	Plymouth Argyle Football Club Limited		"[{""company_number"":""15780308"",""entity_name"":""PLYMOUTH ARGYLE WOMEN\u00e2\u0080\u0099S FOOTBALL CLUB LIMITED"",""company_status"":""active"",""sic_codes"":""93120"",""score"":69,""why"":""SIC 93120 (sport club); active; named a football club; every word of the club's name; names something the club does not: s, women""},{""company_number"":""CE018989"",""entity_name"":""PLYMOUTH ARGYLE HERITAGE ARCHIVE"",""company_status"":"""",""sic_codes"":"""",""score"":30,""why"":""every word of the club's name; names something the club does not: archive, heritage""},{""company_number"":""06797988"",""entity_name"":""PLYMOUTH ARGYLE FOOTBALL IN THE COMMUNITY TRUST"",""company_status"":""active"",""sic_codes"":""93199"",""score"":27,""why"":""sport-adjacent SIC 93199; active; names a body attached to a club, not the club; every word of the club's name; names something the club does not: in, trust""}]"
reading-fc	Reading	3	chosen	00053703	THE READING FOOTBALL CLUB LIMITED	active	93199	144	75	sport-adjacent SIC 93199; active; named a football club; matches the entity these accounts were read from; every word of the club's name	The Reading Football Club Limited		"[{""company_number"":""15226334"",""entity_name"":""BABY SQUIDS NEWBURY & READING LTD"",""company_status"":""active"",""sic_codes"":""93120"",""score"":69,""why"":""SIC 93120 (sport club); active; every word of the club's name; names something the club does not: baby, newbury, squids; nothing in the name says football""},{""company_number"":""16484355"",""entity_name"":""READING AND DISTRICT MODEL AIRCRAFT CLUB LIMITED"",""company_status"":""active"",""sic_codes"":""93120"",""score"":69,""why"":""SIC 93120 (sport club); active; every word of the club's name; names something the club does not: aircraft, district, model; nothing in the name says football""},{""company_number"":""17344789"",""entity_name"":""READING ROLLERS LTD"",""company_status"":""active"",""sic_codes"":""85510,93110,93120,93199"",""score"":69,""why"":""SIC 93120 (sport club); active; every word of the club's name; names something the club does not: rollers; nothing in the name says football""}]"
sheffield-wednesday-fc	Sheffield Wednesday	3	chosen	02509978	SHEFFIELD WEDNESDAY FOOTBALL CLUB LIMITED	administration	93110	124	55	sport-adjacent SIC 93110; named a football club; matches the entity these accounts were read from; every word of the club's name	Sheffield Wednesday Football Club Limited		"[{""company_number"":""05053927"",""entity_name"":""SHEFFIELD WEDNESDAY FOOTBALL CLUB COMMUNITY PROGRAMME"",""company_status"":""active"",""sic_codes"":""85510,93199"",""score"":69,""why"":""sport-adjacent SIC 93199; active; named a football club; every word of the club's name; names something the club does not: programme""},{""company_number"":""00062478"",""entity_name"":""SHEFFIELD WEDNESDAY PLC"",""company_status"":""active"",""sic_codes"":""9261"",""score"":65,""why"":""active; name matches exactly""}]"
stevenage-fc	Stevenage	3	chosen	02901467	STEVENAGE FOOTBALL CLUB LIMITED	active	93110	84	15	sport-adjacent SIC 93110; active; named a football club; every word of the club's name			"[{""company_number"":""10849431"",""entity_name"":""STEVENAGE FOOTBALL CLUB FINANCE PLC"",""company_status"":""active"",""sic_codes"":""64999"",""score"":69,""why"":""active; named a football club; every word of the club's name; names something the club does not: finance""},{""company_number"":""07217037"",""entity_name"":""360 PLAY (STEVENAGE) LIMITED"",""company_status"":""active"",""sic_codes"":""93290"",""score"":62,""why"":""sport-adjacent SIC 93290; active; every word of the club's name; names something the club does not: play; nothing in the name says football""},{""company_number"":""01181269"",""entity_name"":""STEVENAGE SPORTS CLUB LIMITED"",""company_status"":""active"",""sic_codes"":""93110"",""score"":62,""why"":""sport-adjacent SIC 93110; active; every word of the club's name; nothing in the name says football""}]"
stockport-county-fc	Stockport County	3	review	17070607	MPC STOCKPORT LIMITED	active	93120	69	0	SIC 93120 (sport club); active; the club's place name only; names something the club does not: mpc; nothing in the name says football	Stockport County Association Football Club Limited (The)		"[{""company_number"":""13406058"",""entity_name"":""STOCKPORT ACTIVE CIC"",""company_status"":""active"",""sic_codes"":""93110,93120,93199,96040"",""score"":69,""why"":""SIC 93120 (sport club); active; the club's place name only; names something the club does not: active; nothing in the name says football""},{""company_number"":""10448003"",""entity_name"":""STOCKPORT HARRIERS & ATHLETIC CLUB"",""company_status"":""active"",""sic_codes"":""93120"",""score"":69,""why"":""SIC 93120 (sport club); active; the club's place name only; names something the club does not: harriers""},{""company_number"":""17405984"",""entity_name"":""STOCKPORT SPARTANS WEIGHTLIFTING CLUB CIC"",""company_status"":""active"",""sic_codes"":""93120"",""score"":69,""why"":""SIC 93120 (sport club); active; the club's place name only; names something the club does not: spartans, weightlifting; nothing in the name says football""}]"
wigan-athletic-fc	Wigan Athletic	3	review	13161421	WIGAN ATHLETIC A.F.C. LIMITED	active	93120	69	0	SIC 93120 (sport club); active; every word of the club's name; names something the club does not: a, c, f	Phoenix 2021 Limited		"[{""company_number"":""16066393"",""entity_name"":""WIGAN SPORTS CLUB LIMITED"",""company_status"":""active"",""sic_codes"":""93120"",""score"":69,""why"":""SIC 93120 (sport club); active; the club's place name only; nothing in the name says football""},{""company_number"":""06303512"",""entity_name"":""WIGAN ATHLETIC FC COMMUNITY TRUST"",""company_status"":""active"",""sic_codes"":""93199"",""score"":39,""why"":""sport-adjacent SIC 93199; active; named FC; names a body attached to a club, not the club; every word of the club's name; names something the club does not: trust""},{""company_number"":""08027435"",""entity_name"":""WIGAN FOOTBALL ASSOCIATION LTD"",""company_status"":""dissolved"",""sic_codes"":""93120"",""score"":7,""why"":""SIC 93120 (sport club); dissolved; the club's place name only""}]"
wycombe-wanderers-fc	Wycombe Wanderers	3	chosen	05132509	WYCOMBE WANDERERS FOOTBALL CLUB LIMITED	active	93199	144	75	sport-adjacent SIC 93199; active; named a football club; matches the entity these accounts were read from; every word of the club's name	Wycombe Wanderers Football Club Limited		"[{""company_number"":""01855196"",""entity_name"":""HIGH WYCOMBE JUDO CENTRE LIMITED(THE)"",""company_status"":""active"",""sic_codes"":""93120"",""score"":69,""why"":""SIC 93120 (sport club); active; the club's place name only; names something the club does not: centre, high, judo; nothing in the name says football""},{""company_number"":""14395589"",""entity_name"":""WYCOMBE EAGLES VOLLEYBALL LTD"",""company_status"":""active"",""sic_codes"":""93120,93199"",""score"":69,""why"":""SIC 93120 (sport club); active; the club's place name only; names something the club does not: eagles, volleyball; nothing in the name says football""},{""company_number"":""17080121"",""entity_name"":""WYCOMBE LIONS LTD"",""company_status"":""active"",""sic_codes"":""90020,93110,93120,93290"",""score"":69,""why"":""SIC 93120 (sport club); active; the club's place name only; names something the club does not: lions; nothing in the name says football""}]"
accrington-stanley-fc	Accrington Stanley	4	chosen	01287721	ACCRINGTON STANLEY FOOTBALL CLUB LIMITED	active	93110,93120	112	43	SIC 93120 (sport club); active; named a football club; every word of the club's name			"[{""company_number"":""13788775"",""entity_name"":""ACCRINGTON STANLEY WOMEN FOOTBALL CLUB LTD"",""company_status"":""active"",""sic_codes"":""93199"",""score"":69,""why"":""sport-adjacent SIC 93199; active; named a football club; every word of the club's name; names something the club does not: women""},{""company_number"":""07369852"",""entity_name"":""ACCRINGTON STANLEY FOOTBALL IN THE COMMUNITY TRUST LIMITED"",""company_status"":""active"",""sic_codes"":""93199,93290"",""score"":27,""why"":""sport-adjacent SIC 93199,93290; active; names a body attached to a club, not the club; every word of the club's name; names something the club does not: in, trust""}]"
barnet-fc	Barnet	4	review	01239681	BARNET FOOTBALL CLUB LIMITED	active	93110	84	6	sport-adjacent SIC 93110; active; named a football club; every word of the club's name			"[{""company_number"":""08938115"",""entity_name"":""BARNET FOOTBALL CLUB HOLDINGS LIMITED"",""company_status"":""active"",""sic_codes"":""93110"",""score"":78,""why"":""sport-adjacent SIC 93110; active; named a football club; holding company; every word of the club's name""},{""company_number"":""15799410"",""entity_name"":""BARNET FOOTBALL CLUB ACADEMY LIMITED"",""company_status"":""active"",""sic_codes"":""93120"",""score"":69,""why"":""SIC 93120 (sport club); active; named a football club; names a body attached to a club, not the club; every word of the club's name; names something the club does not: academy""},{""company_number"":""16333678"",""entity_name"":""BARNET FOOTBALL CLUB IN THE COMMUNITY LIMITED"",""company_status"":""active"",""sic_codes"":""93199"",""score"":69,""why"":""sport-adjacent SIC 93199; active; named a football club; every word of the club's name; names something the club does not: in""}]"
bristol-rovers-fc	Bristol Rovers	4	review	00051828	BRISTOL ROVERS FOOTBALL CLUB LIMITED	active	93120	112	22	SIC 93120 (sport club); active; named a football club; every word of the club's name	BRFC (1883) Ltd		"[{""company_number"":""04501223"",""entity_name"":""BRISTOL ROVERS (1883) LIMITED"",""company_status"":""active"",""sic_codes"":""93110,93120"",""score"":90,""why"":""SIC 93120 (sport club); active; every word of the club's name""},{""company_number"":""16847037"",""entity_name"":""BRISTOL & DISTRICT RIFLE & PISTOL CLUB LTD"",""company_status"":""active"",""sic_codes"":""93120"",""score"":69,""why"":""SIC 93120 (sport club); active; the club's place name only; names something the club does not: district, pistol, rifle; nothing in the name says football""},{""company_number"":""03230871"",""entity_name"":""BRISTOL CITY FOOTBALL CLUB LIMITED"",""company_status"":""active"",""sic_codes"":""93120"",""score"":69,""why"":""SIC 93120 (sport club); active; named a football club; the club's place name only; names something the club does not: city""}]"
cheltenham-town-fc	Cheltenham Town	4	chosen	00324807	CHELTENHAM TOWN ASSOCIATION FOOTBALL CLUB LIMITED	active	93120	172	103	SIC 93120 (sport club); active; named a football club; matches the entity these accounts were read from; every word of the club's name	Cheltenham Town Association Football Club Limited		"[{""company_number"":""15976450"",""entity_name"":""CHELTENHAM AND GLOUCESTER TRAIL RUNNERS LTD"",""company_status"":""active"",""sic_codes"":""93120"",""score"":69,""why"":""SIC 93120 (sport club); active; the club's place name only; names something the club does not: gloucester, runners, trail; nothing in the name says football""},{""company_number"":""08326219"",""entity_name"":""CHELTENHAM SARACENS RFC LTD"",""company_status"":""active"",""sic_codes"":""93120"",""score"":69,""why"":""SIC 93120 (sport club); active; the club's place name only; names something the club does not: rfc, saracens; nothing in the name says football""},{""company_number"":""17366302"",""entity_name"":""CHELTENHAM TOWN WHEELERS LIMITED"",""company_status"":""active"",""sic_codes"":""93120"",""score"":69,""why"":""SIC 93120 (sport club); active; every word of the club's name; names something the club does not: wheelers""}]"
chesterfield-fc	Chesterfield	4	review	06417454	CHESTERFIELD FOOTBALL CLUB LIMITED	active	93290	84	57	sport-adjacent SIC 93290; active; named a football club; every word of the club's name	CFC 2001 Ltd		"[{""company_number"":""06903318"",""entity_name"":""CHESTERFIELD F.C. COMMUNITY TRUST"",""company_status"":""active"",""sic_codes"":""93199"",""score"":27,""why"":""sport-adjacent SIC 93199; active; names a body attached to a club, not the club; every word of the club's name; names something the club does not: c, f, trust; nothing in the name says football""},{""company_number"":""16119710"",""entity_name"":""EGGMONKEY CHESTERFIELD LTD"",""company_status"":""dissolved"",""sic_codes"":""93120"",""score"":25,""why"":""SIC 93120 (sport club); dissolved; every word of the club's name; names something the club does not: eggmonkey; nothing in the name says football""},{""company_number"":""09547048"",""entity_name"":""INFINITY MARTIAL ARTS CHESTERFIELD LIMITED"",""company_status"":""dissolved"",""sic_codes"":""93120"",""score"":25,""why"":""SIC 93120 (sport club); dissolved; every word of the club's name; names something the club does not: arts, infinity, martial; nothing in the name says football""}]"
colchester-united-fc	Colchester United	4	chosen	02705301	COLCHESTER UNITED FOOTBALL CLUB LIMITED	active	93110,93199	144	75	sport-adjacent SIC 93110,93199; active; named a football club; matches the entity these accounts were read from; every word of the club's name	Colchester United Football Club Limited		"[{""company_number"":""05640221"",""entity_name"":""CASTLE COLCHESTER MOTORCYCLE CLUB LTD"",""company_status"":""active"",""sic_codes"":""93120"",""score"":69,""why"":""SIC 93120 (sport club); active; the club's place name only; names something the club does not: castle, motorcycle; nothing in the name says football""},{""company_number"":""14134334"",""entity_name"":""COLCHESTER CITY FOOTBALL CLUB LIMITED"",""company_status"":""active"",""sic_codes"":""93120"",""score"":69,""why"":""SIC 93120 (sport club); active; named a football club; the club's place name only; names something the club does not: city""},{""company_number"":""12822281"",""entity_name"":""COLCHESTER FITNESS CENTRE LTD"",""company_status"":""active"",""sic_codes"":""93120"",""score"":69,""why"":""SIC 93120 (sport club); active; the club's place name only; names something the club does not: centre, fitness; nothing in the name says football""}]"
crawley-town-fc	Crawley Town	4	review	15841438	CRAWLEY DOWN GATWICK FOOTBALL CLUB LTD	active	93120	69	0	SIC 93120 (sport club); active; named a football club; the club's place name only; names something the club does not: down, gatwick			"[{""company_number"":""14977136"",""entity_name"":""CRAWLEY GAMECHANGERS LTD"",""company_status"":""active"",""sic_codes"":""93120"",""score"":69,""why"":""SIC 93120 (sport club); active; the club's place name only; names something the club does not: gamechangers; nothing in the name says football""},{""company_number"":""01286163"",""entity_name"":""CRAWLEY MARINERS YACHT CLUB LIMITED"",""company_status"":""active"",""sic_codes"":""93120"",""score"":69,""why"":""SIC 93120 (sport club); active; the club's place name only; names something the club does not: mariners, yacht; nothing in the name says football""},{""company_number"":""14686207"",""entity_name"":""AFC CRAWLEY TOWN LTD"",""company_status"":""active"",""sic_codes"":""93199"",""score"":62,""why"":""sport-adjacent SIC 93199; active; every word of the club's name""}]"
crewe-alexandra-fc	Crewe Alexandra	4	chosen	12035196	CREWE ALEXANDRA GROUP LIMITED	active	74990	125	41	active; matches the entity these accounts were read from; name matches exactly	Crewe Alexandra Group Limited		"[{""company_number"":""00062367"",""entity_name"":""CREWE ALEXANDRA FOOTBALL CLUB COMPANY,LIMITED(THE)"",""company_status"":""active"",""sic_codes"":""93110"",""score"":84,""why"":""sport-adjacent SIC 93110; active; named a football club; every word of the club's name""},{""company_number"":""05347584"",""entity_name"":""CREWE ALEXANDRA IN THE COMMUNITY LIMITED"",""company_status"":""active"",""sic_codes"":""93120"",""score"":69,""why"":""SIC 93120 (sport club); active; every word of the club's name; names something the club does not: in""},{""company_number"":""12681766"",""entity_name"":""ALEXANDRA GARDENS (CREWE) RESIDENTS MANAGEMENT COMPANY LIMITED"",""company_status"":""active"",""sic_codes"":""98000"",""score"":50,""why"":""active; every word of the club's name; names something the club does not: gardens, management, residents""}]"
exeter-city-fc	Exeter City	4	chosen	00097808	EXETER CITY A.F.C. LIMITED	active	93120	150	81	SIC 93120 (sport club); active; matches the entity these accounts were read from; every word of the club's name	Exeter City A.F.C. Limited		"[{""company_number"":""04902237"",""entity_name"":""EXETER & DISTRICT SKI CLUB LIMITED"",""company_status"":""active"",""sic_codes"":""93120"",""score"":69,""why"":""SIC 93120 (sport club); active; the club's place name only; names something the club does not: district, ski; nothing in the name says football""},{""company_number"":""11471867"",""entity_name"":""EXETER TRAMPOLINE CENTRE"",""company_status"":""active"",""sic_codes"":""93120"",""score"":69,""why"":""SIC 93120 (sport club); active; the club's place name only; names something the club does not: centre, trampoline; nothing in the name says football""},{""company_number"":""16476679"",""entity_name"":""EXETER WATER SPORTS ASSOCIATION LTD"",""company_status"":""active"",""sic_codes"":""93120"",""score"":69,""why"":""SIC 93120 (sport club); active; the club's place name only; names something the club does not: water; nothing in the name says football""}]"
fleetwood-town-fc	Fleetwood Town	4	review	07586116	FLEETWOOD TOWN COMMUNITY TRUST	active	93120	55	6	SIC 93120 (sport club); active; names a body attached to a club, not the club; every word of the club's name; names something the club does not: trust			"[{""company_number"":""15640782"",""entity_name"":""FLEETWOOD GYM JUNIORS FC CIC"",""company_status"":""active"",""sic_codes"":""93120"",""score"":49,""why"":""SIC 93120 (sport club); active; named FC; names a body attached to a club, not the club; the club's place name only; names something the club does not: gym, juniors""},{""company_number"":""03359117"",""entity_name"":""FLEETWOOD WANDERERS LIMITED"",""company_status"":""active"",""sic_codes"":""93110,93199"",""score"":44,""why"":""sport-adjacent SIC 93110,93199; active; the club's place name only; names something the club does not: wanderers""},{""company_number"":""11929151"",""entity_name"":""TOMMY FLEETWOOD ACADEMY LIMITED"",""company_status"":""active"",""sic_codes"":""93120"",""score"":37,""why"":""SIC 93120 (sport club); active; names a body attached to a club, not the club; the club's place name only; names something the club does not: academy, tommy; nothing in the name says football""}]"
gillingham-fc	Gillingham	4	chosen	00039175	GILLINGHAM FOOTBALL CLUB LTD	active	93120	172	103	SIC 93120 (sport club); active; named a football club; matches the entity these accounts were read from; every word of the club's name	Gillingham Football Club Ltd		"[{""company_number"":""04681156"",""entity_name"":""GILLINGHAM ANCHORIANS SPORTS FACILITY LIMITED"",""company_status"":""active"",""sic_codes"":""93110,93120"",""score"":69,""why"":""SIC 93120 (sport club); active; every word of the club's name; names something the club does not: anchorians, facility; nothing in the name says football""},{""company_number"":""10086102"",""entity_name"":""GILLINGHAM CLUBHOUSE LTD"",""company_status"":""active"",""sic_codes"":""56301,93120"",""score"":69,""why"":""SIC 93120 (sport club); active; every word of the club's name; names something the club does not: clubhouse; nothing in the name says football""},{""company_number"":""02966526"",""entity_name"":""GILLINGHAM JUMPERS TRAMPOLINE CLUB LIMITED"",""company_status"":""active"",""sic_codes"":""93120"",""score"":69,""why"":""SIC 93120 (sport club); active; every word of the club's name; names something the club does not: jumpers, trampoline; nothing in the name says football""}]"
grimsby-town-fc	Grimsby Town	4	chosen	00034760	THE GRIMSBY TOWN FOOTBALL CLUB LIMITED	active	93110	144	75	sport-adjacent SIC 93110; active; named a football club; matches the entity these accounts were read from; every word of the club's name	The Grimsby Town Football Club Limited		"[{""company_number"":""00577262"",""entity_name"":""GRIMSBY AND CLEETHORPES YACHT CLUB LIMITED"",""company_status"":""active"",""sic_codes"":""93120"",""score"":69,""why"":""SIC 93120 (sport club); active; the club's place name only; names something the club does not: cleethorpes, yacht; nothing in the name says football""},{""company_number"":""15533732"",""entity_name"":""GRIMSBY BOROUGH FC LTD"",""company_status"":""active"",""sic_codes"":""93120"",""score"":69,""why"":""SIC 93120 (sport club); active; named FC; the club's place name only; names something the club does not: borough""},{""company_number"":""14442015"",""entity_name"":""GRIMSBY FREESTYLE KICKBOXING CLUB LTD"",""company_status"":""active"",""sic_codes"":""93120"",""score"":69,""why"":""SIC 93120 (sport club); active; the club's place name only; names something the club does not: freestyle, kickboxing; nothing in the name says football""}]"
newport-county-fc	Newport County	4	review	03454393	NEWPORT (IW) FOOTBALL CLUB LIMITED	active	93120	69	0	SIC 93120 (sport club); active; named a football club; the club's place name only; names something the club does not: iw			"[{""company_number"":""02395863"",""entity_name"":""NEWPORT ASSOCIATION FOOTBALL CLUB LIMITED"",""company_status"":""active"",""sic_codes"":""93120"",""score"":69,""why"":""SIC 93120 (sport club); active; named a football club; the club's place name only""},{""company_number"":""14590433"",""entity_name"":""NEWPORT BOAT CLUB LIMITED"",""company_status"":""active"",""sic_codes"":""93120"",""score"":69,""why"":""SIC 93120 (sport club); active; the club's place name only; names something the club does not: boat; nothing in the name says football""},{""company_number"":""17430290"",""entity_name"":""NEWPORT BOROUGH FOOTBALL CLUB LIMITED"",""company_status"":""active"",""sic_codes"":""93120"",""score"":69,""why"":""SIC 93120 (sport club); active; named a football club; the club's place name only; names something the club does not: borough""}]"
northampton-town-fc	Northampton Town	4	chosen	00183917	NORTHAMPTON TOWN FOOTBALL CLUB LIMITED(THE)	active	93110	144	75	sport-adjacent SIC 93110; active; named a football club; matches the entity these accounts were read from; every word of the club's name	Northampton Town Football Club Limited (The)		"[{""company_number"":""17294581"",""entity_name"":""NORTHAMPTON LIONS LTD"",""company_status"":""active"",""sic_codes"":""93120"",""score"":69,""why"":""SIC 93120 (sport club); active; the club's place name only; names something the club does not: lions; nothing in the name says football""},{""company_number"":""09290693"",""entity_name"":""NORTHAMPTON OUTLAWS RFC LTD"",""company_status"":""active"",""sic_codes"":""93120"",""score"":69,""why"":""SIC 93120 (sport club); active; the club's place name only; names something the club does not: outlaws, rfc; nothing in the name says football""},{""company_number"":""04064363"",""entity_name"":""NORTHAMPTON SAINTS PLC"",""company_status"":""active"",""sic_codes"":""93120"",""score"":69,""why"":""SIC 93120 (sport club); active; the club's place name only; names something the club does not: saints; nothing in the name says football""}]"
oldham-athletic-fc	Oldham Athletic	4	chosen	04989487	OLDHAM ATHLETIC (2004) ASSOCIATION FOOTBALL CLUB LIMITED	active	93120	172	103	SIC 93120 (sport club); active; named a football club; matches the entity these accounts were read from; every word of the club's name	Oldham Athletic (2004) Association Football Club Limited		"[{""company_number"":""15044444"",""entity_name"":""NXT GEN ABC OLDHAM CIC"",""company_status"":""active"",""sic_codes"":""93120"",""score"":69,""why"":""SIC 93120 (sport club); active; the club's place name only; names something the club does not: abc, gen, nxt; nothing in the name says football""},{""company_number"":""12564928"",""entity_name"":""OLDHAM COMBAT CENTRE LTD"",""company_status"":""active"",""sic_codes"":""93110,93120"",""score"":69,""why"":""SIC 93120 (sport club); active; the club's place name only; names something the club does not: centre, combat; nothing in the name says football""},{""company_number"":""17054092"",""entity_name"":""OLDHAM TOWN FOOTBALL CLUB LTD"",""company_status"":""active"",""sic_codes"":""93110,93120"",""score"":69,""why"":""SIC 93120 (sport club); active; named a football club; the club's place name only; names something the club does not: town""}]"
port-vale-fc	Port Vale	4	chosen	08876768	PORT VALE FOOTBALL CLUB LIMITED	active	93120	172	103	SIC 93120 (sport club); active; named a football club; matches the entity these accounts were read from; every word of the club's name	Port Vale Football Club Limited		"[{""company_number"":""15338490"",""entity_name"":""PORT VALE FOOTBALL CLUB (FINANCE) LIMITED"",""company_status"":""active"",""sic_codes"":""82990"",""score"":69,""why"":""active; named a football club; every word of the club's name; names something the club does not: finance""},{""company_number"":""06568673"",""entity_name"":""PORT VALE FOOTBALL CLUB LIMITED"",""company_status"":""dissolved"",""sic_codes"":""9999"",""score"":67,""why"":""dissolved; named a football club; matches the entity these accounts were read from; every word of the club's name""},{""company_number"":""11954695"",""entity_name"":""PORT VALE FOOTBALL CLUB (HOLDINGS) LIMITED"",""company_status"":""active"",""sic_codes"":""64209"",""score"":66,""why"":""active; named a football club; holding company; every word of the club's name""}]"
rochdale-fc	Rochdale	4	chosen	00111019	ROCHDALE ASSOCIATION FOOTBALL CLUB,LIMITED(THE)	active	93120	112	43	SIC 93120 (sport club); active; named a football club; every word of the club's name			"[{""company_number"":""17204082"",""entity_name"":""FRAME 2 ROCHDALE LTD"",""company_status"":""active"",""sic_codes"":""93120,93290"",""score"":69,""why"":""SIC 93120 (sport club); active; every word of the club's name; names something the club does not: frame; nothing in the name says football""},{""company_number"":""01274384"",""entity_name"":""ROCHDALE & DISTRICT RIDING CLUB LIMITED(THE)"",""company_status"":""active"",""sic_codes"":""93120"",""score"":69,""why"":""SIC 93120 (sport club); active; every word of the club's name; names something the club does not: district, riding; nothing in the name says football""},{""company_number"":""07495597"",""entity_name"":""ROCHDALE COMPANY OF ARCHERS LIMITED"",""company_status"":""active"",""sic_codes"":""93120"",""score"":69,""why"":""SIC 93120 (sport club); active; every word of the club's name; names something the club does not: archers, of; nothing in the name says football""}]"
rotherham-united-fc	Rotherham United	4	chosen	06550400	ROTHERHAM UNITED FOOTBALL CLUB (RUFC) LIMITED	active	93120	172	103	SIC 93120 (sport club); active; named a football club; matches the entity these accounts were read from; every word of the club's name	Rotherham United Football Club (RUFC) Limited		"[{""company_number"":""09446920"",""entity_name"":""PHOENIX SPORTS AND RECREATION (ROTHERHAM)"",""company_status"":""active"",""sic_codes"":""93120"",""score"":69,""why"":""SIC 93120 (sport club); active; the club's place name only; names something the club does not: phoenix, recreation; nothing in the name says football""},{""company_number"":""15912686"",""entity_name"":""ROTHERHAM TOWN FOOTBALL CLUB LTD"",""company_status"":""active"",""sic_codes"":""93120"",""score"":69,""why"":""SIC 93120 (sport club); active; named a football club; the club's place name only; names something the club does not: town""},{""company_number"":""12209632"",""entity_name"":""ROTHERHAM CHEERLEADING ACADEMY LTD"",""company_status"":""active"",""sic_codes"":""93120"",""score"":37,""why"":""SIC 93120 (sport club); active; names a body attached to a club, not the club; the club's place name only; names something the club does not: academy, cheerleading; nothing in the name says football""}]"
salford-city-fc	Salford City	4	chosen	08912116	SALFORD CITY FOOTBALL CLUB LIMITED	active	93120	172	103	SIC 93120 (sport club); active; named a football club; matches the entity these accounts were read from; every word of the club's name	Salford City Football Club Limited		"[{""company_number"":""16771923"",""entity_name"":""SALFORD CITY REDS 2025 LIMITED"",""company_status"":""active"",""sic_codes"":""93120"",""score"":69,""why"":""SIC 93120 (sport club); active; every word of the club's name; names something the club does not: reds""},{""company_number"":""16907269"",""entity_name"":""SALFORD RLFC LTD"",""company_status"":""active"",""sic_codes"":""93120"",""score"":69,""why"":""SIC 93120 (sport club); active; the club's place name only; names something the club does not: rlfc; nothing in the name says football""},{""company_number"":""10615367"",""entity_name"":""SALFORD TRAMPOLINE CLUB LTD"",""company_status"":""active"",""sic_codes"":""93110,93120"",""score"":69,""why"":""SIC 93120 (sport club); active; the club's place name only; names something the club does not: trampoline; nothing in the name says football""}]"
shrewsbury-town-fc	Shrewsbury Town	4	chosen	00315587	SHREWSBURY TOWN FOOTBALL CLUB LIMITED	active	93110	144	75	sport-adjacent SIC 93110; active; named a football club; matches the entity these accounts were read from; every word of the club's name	Shrewsbury Town Football Club Limited		"[{""company_number"":""14760178"",""entity_name"":""SHREWSBURY PICKLEBALL LTD"",""company_status"":""active"",""sic_codes"":""93120"",""score"":69,""why"":""SIC 93120 (sport club); active; the club's place name only; names something the club does not: pickleball; nothing in the name says football""},{""company_number"":""14830268"",""entity_name"":""SHREWSBURY TOWN WOMEN'S FOOTBALL CLUB LTD"",""company_status"":""active"",""sic_codes"":""93110"",""score"":69,""why"":""sport-adjacent SIC 93110; active; named a football club; every word of the club's name; names something the club does not: s, women""},{""company_number"":""12515974"",""entity_name"":""SHREWSBURY TOWN FLOORING COMPANY LTD"",""company_status"":""active"",""sic_codes"":""43330"",""score"":50,""why"":""active; every word of the club's name; names something the club does not: flooring""}]"
swindon-town-fc	Swindon Town	4	chosen	00053100	SWINDON TOWN FOOTBALL COMPANY LIMITED	active	93110	122	53	sport-adjacent SIC 93110; active; matches the entity these accounts were read from; every word of the club's name	Swindon Town Football Company Limited		"[{""company_number"":""16716860"",""entity_name"":""10TH PLANET JIU JITSU SWINDON LTD"",""company_status"":""active"",""sic_codes"":""82990,85510,93120,93130"",""score"":69,""why"":""SIC 93120 (sport club); active; the club's place name only; names something the club does not: 10th, jitsu, jiu, planet; nothing in the name says football""},{""company_number"":""07647708"",""entity_name"":""SWINDON ALLSTARS LIMITED"",""company_status"":""active"",""sic_codes"":""93120"",""score"":69,""why"":""SIC 93120 (sport club); active; the club's place name only; names something the club does not: allstars; nothing in the name says football""},{""company_number"":""15269647"",""entity_name"":""SWINDON PICKLEBALL CLUB CIC"",""company_status"":""active"",""sic_codes"":""85510,93120,93199"",""score"":69,""why"":""SIC 93120 (sport club); active; the club's place name only; names something the club does not: pickleball; nothing in the name says football""}]"
tranmere-rovers-fc	Tranmere Rovers	4	chosen	00118587	TRANMERE ROVERS FOOTBALL CLUB LIMITED	active	93120,93199	172	103	SIC 93120 (sport club); active; named a football club; matches the entity these accounts were read from; every word of the club's name	Tranmere Rovers Football Club Limited		"[{""company_number"":""11871088"",""entity_name"":""TRANMERE ROVERS FOOTBALL CLUB (INTERNATIONAL) LIMITED"",""company_status"":""active"",""sic_codes"":""85510,93110,93199"",""score"":69,""why"":""sport-adjacent SIC 93110,93199; active; named a football club; every word of the club's name; names something the club does not: international""},{""company_number"":""05940852"",""entity_name"":""TRANMERE ROVERS IN THE COMMUNITY"",""company_status"":""active"",""sic_codes"":""88990"",""score"":50,""why"":""active; every word of the club's name; names something the club does not: in""},{""company_number"":""15583015"",""entity_name"":""TRANMERE ROVERS INVESTMENTS LIMITED"",""company_status"":""active"",""sic_codes"":""64209"",""score"":50,""why"":""active; every word of the club's name; names something the club does not: investments""}]"
walsall-fc	Walsall	4	chosen	00171970	WALSALL FOOTBALL CLUB,LIMITED(THE)	active	47640,56210,93120	172	103	SIC 93120 (sport club); active; named a football club; matches the entity these accounts were read from; every word of the club's name	The Walsall Football Club, Limited		"[{""company_number"":""09964601"",""entity_name"":""BUSHIDO MARTIAL ARTS WALSALL LTD"",""company_status"":""active"",""sic_codes"":""93120"",""score"":69,""why"":""SIC 93120 (sport club); active; every word of the club's name; names something the club does not: arts, bushido, martial; nothing in the name says football""},{""company_number"":""15758219"",""entity_name"":""LONDON MIDLAND RAILWAY CLUBS ASSOCIATION WALSALL LIMITED"",""company_status"":""active"",""sic_codes"":""93120,93199"",""score"":69,""why"":""SIC 93120 (sport club); active; every word of the club's name; names something the club does not: london, midland, railway; nothing in the name says football""},{""company_number"":""16485997"",""entity_name"":""QBAR (WALSALL) LTD"",""company_status"":""active"",""sic_codes"":""93120"",""score"":69,""why"":""SIC 93120 (sport club); active; every word of the club's name; names something the club does not: qbar; nothing in the name says football""}]"
york-city-fc	York City	4	chosen	04689338	YORK CITY FOOTBALL CLUB LIMITED	active	93199	144	75	sport-adjacent SIC 93199; active; named a football club; matches the entity these accounts were read from; every word of the club's name	York City Football Club Limited		"[{""company_number"":""15327121"",""entity_name"":""TEKKERS YORK LTD"",""company_status"":""active"",""sic_codes"":""93120,93199"",""score"":69,""why"":""SIC 93120 (sport club); active; the club's place name only; names something the club does not: tekkers; nothing in the name says football""},{""company_number"":""15000019"",""entity_name"":""VIKINGS CHEERLEADING (YORK) LIMITED"",""company_status"":""active"",""sic_codes"":""93120"",""score"":69,""why"":""SIC 93120 (sport club); active; the club's place name only; names something the club does not: cheerleading, vikings; nothing in the name says football""},{""company_number"":""07777902"",""entity_name"":""YORK ELITE LTD"",""company_status"":""active"",""sic_codes"":""93120"",""score"":69,""why"":""SIC 93120 (sport club); active; the club's place name only; names something the club does not: elite; nothing in the name says football""}]"
fylde-afc	AFC Fylde	5	review	14516806	FYLDE COAST SOCCER CIC	active	93120	69	13	SIC 93120 (sport club); active; the club's place name only; names something the club does not: coast			"[{""company_number"":""17357071"",""entity_name"":""FYLDE COAST INCLUSIVE FC LTD"",""company_status"":""active"",""sic_codes"":""93199"",""score"":56,""why"":""sport-adjacent SIC 93199; active; named FC; the club's place name only; names something the club does not: coast, inclusive""},{""company_number"":""09411676"",""entity_name"":""AFC FYLDE COMMUNITY FOUNDATION"",""company_status"":""active"",""sic_codes"":""93120"",""score"":55,""why"":""SIC 93120 (sport club); active; names a body attached to a club, not the club; every word of the club's name; names something the club does not: foundation""},{""company_number"":""07777853"",""entity_name"":""SJH ( FYLDE ) LIMITED"",""company_status"":""active"",""sic_codes"":""93199"",""score"":44,""why"":""sport-adjacent SIC 93199; active; the club's place name only; names something the club does not: sjh; nothing in the name says football""}]"
aldershot-town-fc	Aldershot Town	5	chosen	08362929	ALDERSHOT TOWN FOOTBALL CLUB LIMITED	active	93120	112	80	SIC 93120 (sport club); active; named a football club; every word of the club's name			"[{""company_number"":""09391866"",""entity_name"":""THE ALBION MEWS (ALDERSHOT) MANAGEMENT COMPANY LIMITED"",""company_status"":""active"",""sic_codes"":"""",""score"":32,""why"":""active; the club's place name only; names something the club does not: albion, management, mews""},{""company_number"":""IP30102R"",""entity_name"":""ALDERSHOT TOWN SUPPORTERS TRUST LIMITED"",""company_status"":""active"",""sic_codes"":"""",""score"":15,""why"":""active; names a body attached to a club, not the club; every word of the club's name; names something the club does not: supporters, trust""},{""company_number"":""12139922"",""entity_name"":""ALDERSHOT TOWN FOOTBALL CLUB REGENERATION LIMITED"",""company_status"":""dissolved"",""sic_codes"":""68100"",""score"":7,""why"":""dissolved; named a football club; every word of the club's name; names something the club does not: regeneration""}]"
altrincham-fc	Altrincham	5	chosen	00176333	ALTRINCHAM ASSOCIATION FOOTBALL CLUB,LIMITED	active	93120	112	43	SIC 93120 (sport club); active; named a football club; every word of the club's name			"[{""company_number"":""09442537"",""entity_name"":""ALTRINCHAM & DISTRICT ATHLETIC CLUB LIMITED"",""company_status"":""active"",""sic_codes"":""93120"",""score"":69,""why"":""SIC 93120 (sport club); active; every word of the club's name; names something the club does not: district""},{""company_number"":""12169528"",""entity_name"":""ALTRINCHAM FITNESS LTD"",""company_status"":""active"",""sic_codes"":""93130"",""score"":62,""why"":""sport-adjacent SIC 93130; active; every word of the club's name; names something the club does not: fitness; nothing in the name says football""},{""company_number"":""15801374"",""entity_name"":""STUDIO 34 ALTRINCHAM LIMITED"",""company_status"":""active"",""sic_codes"":""93130"",""score"":62,""why"":""sport-adjacent SIC 93130; active; every word of the club's name; names something the club does not: studio; nothing in the name says football""}]"
barrow-afc	Barrow	5	review	09021088	BARROW BLUEBIRDS LIMITED	active	93110,93120	69	0	SIC 93120 (sport club); active; every word of the club's name; names something the club does not: bluebirds; nothing in the name says football			"[{""company_number"":""11280555"",""entity_name"":""BARROW BRIDGE CLUB LTD"",""company_status"":""active"",""sic_codes"":""93120"",""score"":69,""why"":""SIC 93120 (sport club); active; every word of the club's name; names something the club does not: bridge; nothing in the name says football""},{""company_number"":""08201500"",""entity_name"":""BARROW ISLAND BOAT CLUB LIMITED"",""company_status"":""active"",""sic_codes"":""93120"",""score"":69,""why"":""SIC 93120 (sport club); active; every word of the club's name; names something the club does not: boat, island; nothing in the name says football""},{""company_number"":""05792003"",""entity_name"":""BARROW SPORTS AND FITNESS CENTRE LIMITED"",""company_status"":""active"",""sic_codes"":""93120"",""score"":69,""why"":""SIC 93120 (sport club); active; every word of the club's name; names something the club does not: centre, fitness; nothing in the name says football""}]"
boreham-wood-fc	Boreham Wood	5	chosen	02533129	BOREHAM WOOD FOOTBALL CLUB LIMITED	active	93110	84	15	sport-adjacent SIC 93110; active; named a football club; every word of the club's name			"[{""company_number"":""00753361"",""entity_name"":""BOREHAM WOOD FOOTBALL CLUB (UTILITIES) LIMITED"",""company_status"":""active"",""sic_codes"":""93110"",""score"":69,""why"":""sport-adjacent SIC 93110; active; named a football club; every word of the club's name; names something the club does not: utilities""},{""company_number"":""11361021"",""entity_name"":""THE BOREHAM WOOD COMMUNITY TRUST"",""company_status"":""active"",""sic_codes"":""93120"",""score"":55,""why"":""SIC 93120 (sport club); active; names a body attached to a club, not the club; every word of the club's name; names something the club does not: trust; nothing in the name says football""}]"
boston-united-fc	Boston United	5	chosen	00303529	BOSTON UNITED FOOTBALL CLUB LIMITED	active	93110	84	15	sport-adjacent SIC 93110; active; named a football club; every word of the club's name			"[{""company_number"":""02294920"",""entity_name"":""BOSTON PHOENIX FOOTBALL CLUB LIMITED"",""company_status"":""active"",""sic_codes"":""93120"",""score"":69,""why"":""SIC 93120 (sport club); active; named a football club; the club's place name only; names something the club does not: phoenix""},{""company_number"":""06433551"",""entity_name"":""BOSTON UNITED FOOTBALL CLUB COMMUNITY FOUNDATION"",""company_status"":""active"",""sic_codes"":""93120"",""score"":69,""why"":""SIC 93120 (sport club); active; named a football club; names a body attached to a club, not the club; every word of the club's name; names something the club does not: foundation""},{""company_number"":""06552437"",""entity_name"":""BOSTON UNITED HOLDING COMPANY LIMITED"",""company_status"":""active"",""sic_codes"":""64209"",""score"":59,""why"":""active; holding company; name matches exactly""}]"
carlisle-united-fc	Carlisle United	5	chosen	00175280	CARLISLE UNITED ASSOCIATION FOOTBALL CLUB (1921) LIMITED	active	93199	144	77	sport-adjacent SIC 93199; active; named a football club; matches the entity these accounts were read from; every word of the club's name	Carlisle United Association Football Club (1921) Limited		"[{""company_number"":""06731387"",""entity_name"":""CARLISLE UNITED FC COMMUNITY SPORTS TRUST"",""company_status"":""active"",""sic_codes"":""93120"",""score"":67,""why"":""SIC 93120 (sport club); active; named FC; names a body attached to a club, not the club; every word of the club's name; names something the club does not: trust""},{""company_number"":""IP29220R"",""entity_name"":""CARLISLE AND CUMBRIA UNITED INDEPENDENT SUPPORTERS' SOCIETY LIMITED"",""company_status"":""active"",""sic_codes"":"""",""score"":15,""why"":""active; names a body attached to a club, not the club; every word of the club's name; names something the club does not: cumbria, independent, society, supporters""}]"
eastleigh-fc	Eastleigh	5	chosen	05488155	EASTLEIGH FOOTBALL CLUB LIMITED	active	93120	112	43	SIC 93120 (sport club); active; named a football club; every word of the club's name			"[{""company_number"":""12124855"",""entity_name"":""EASTLEIGH FOOTBALL CLUB COMMUNITY TRUST"",""company_status"":""active"",""sic_codes"":""93120"",""score"":69,""why"":""SIC 93120 (sport club); active; named a football club; names a body attached to a club, not the club; every word of the club's name; names something the club does not: trust""},{""company_number"":""07640599"",""entity_name"":""EASTLEIGH SWIM CLUB LIMITED"",""company_status"":""active"",""sic_codes"":""93120"",""score"":69,""why"":""SIC 93120 (sport club); active; every word of the club's name; names something the club does not: swim; nothing in the name says football""}]"
fc-halifax-town	FC Halifax Town	5	chosen	06557378	FC HALIFAX TOWN LIMITED	active	93120	117	48	SIC 93120 (sport club); active; named FC; name matches exactly			"[{""company_number"":""15582035"",""entity_name"":""HALIFAX FC GIRLS LTD"",""company_status"":""active"",""sic_codes"":""93120"",""score"":69,""why"":""SIC 93120 (sport club); active; named FC; the club's place name only; names something the club does not: girls""},{""company_number"":""14887085"",""entity_name"":""HALIFAX FC WOMEN LIMITED"",""company_status"":""active"",""sic_codes"":""93120"",""score"":69,""why"":""SIC 93120 (sport club); active; named FC; the club's place name only; names something the club does not: women""},{""company_number"":""17060269"",""entity_name"":""HALIFAX PANTHERS LTD"",""company_status"":""active"",""sic_codes"":""93120"",""score"":69,""why"":""SIC 93120 (sport club); active; the club's place name only; names something the club does not: panthers; nothing in the name says football""}]"
forest-green-rovers-fc	Forest Green Rovers	5	chosen	06748691	FOREST GREEN ROVERS FOOTBALL CLUB LIMITED	active	93110	144	112	sport-adjacent SIC 93110; active; named a football club; matches the entity these accounts were read from; every word of the club's name	Forest Green Rovers Football Club Limited		"[{""company_number"":""11942765"",""entity_name"":""FOREST & GREEN LTD"",""company_status"":""active"",""sic_codes"":""70229"",""score"":32,""why"":""active; the club's place name only""},{""company_number"":""05901316"",""entity_name"":""FOREST GRANGE GREEN LIMITED"",""company_status"":""active"",""sic_codes"":""68209"",""score"":32,""why"":""active; the club's place name only; names something the club does not: grange""},{""company_number"":""05059181"",""entity_name"":""FOREST GREEN BLOCK 1 MANAGEMENT LIMITED"",""company_status"":""active"",""sic_codes"":""68320,99999"",""score"":32,""why"":""active; the club's place name only; names something the club does not: block, management""}]"
gateshead-fc	Gateshead	5	chosen	01329847	GATESHEAD FOOTBALL CLUB LIMITED	active	93199	84	15	sport-adjacent SIC 93199; active; named a football club; every word of the club's name			"[{""company_number"":""14005083"",""entity_name"":""ACTIVE FUTURE GATESHEAD CIC"",""company_status"":""active"",""sic_codes"":""93120"",""score"":69,""why"":""SIC 93120 (sport club); active; every word of the club's name; names something the club does not: active, future; nothing in the name says football""},{""company_number"":""12337726"",""entity_name"":""GATESHEAD FOOTBALL CLUB LEISURE LIMITED"",""company_status"":""active"",""sic_codes"":""56210"",""score"":69,""why"":""active; named a football club; every word of the club's name; names something the club does not: leisure""},{""company_number"":""13978613"",""entity_name"":""GATESHEAD FC RETAIL LIMITED"",""company_status"":""active"",""sic_codes"":""47640"",""score"":62,""why"":""active; named FC; every word of the club's name; names something the club does not: retail""}]"
harrogate-town-afc	Harrogate Town	5	chosen	02523873	HARROGATE TOWN AFC LIMITED	active	93110	122	53	sport-adjacent SIC 93110; active; matches the entity these accounts were read from; every word of the club's name	Harrogate Town AFC Limited		"[{""company_number"":""03398968"",""entity_name"":""HARROGATE SPORTS AND FITNESS CLUB LIMITED"",""company_status"":""active"",""sic_codes"":""93110,93120,93130,94990"",""score"":69,""why"":""SIC 93120 (sport club); active; the club's place name only; names something the club does not: fitness; nothing in the name says football""},{""company_number"":""14843709"",""entity_name"":""THE BALCONY PROJECTS (HARROGATE CC) LIMITED"",""company_status"":""active"",""sic_codes"":""93120"",""score"":69,""why"":""SIC 93120 (sport club); active; the club's place name only; names something the club does not: balcony, cc, projects; nothing in the name says football""},{""company_number"":""12418783"",""entity_name"":""HARROGATE TOWN AFC SPORTS AND EDUCATION CENTRE LIMITED"",""company_status"":""active"",""sic_codes"":""93110"",""score"":62,""why"":""sport-adjacent SIC 93110; active; every word of the club's name; names something the club does not: centre, education""}]"
hartlepool-united-fc	Hartlepool United	5	chosen	00098191	HARTLEPOOL UNITED FOOTBALL CLUB LIMITED	active	93110,93120	172	103	SIC 93120 (sport club); active; named a football club; matches the entity these accounts were read from; every word of the club's name	Hartlepool United Football Club Limited		"[{""company_number"":""12880176"",""entity_name"":""HARTLEPOOL SPORT CIC"",""company_status"":""active"",""sic_codes"":""85510,93110,93120,93199"",""score"":69,""why"":""SIC 93120 (sport club); active; the club's place name only; nothing in the name says football""},{""company_number"":""12656908"",""entity_name"":""HARTLEPOOL WADOKAI CIC"",""company_status"":""active"",""sic_codes"":""56210,85510,93120"",""score"":69,""why"":""SIC 93120 (sport club); active; the club's place name only; names something the club does not: wadokai; nothing in the name says football""},{""company_number"":""01755261"",""entity_name"":""HARTLEPOOL YACHT CLUB LIMITED"",""company_status"":""active"",""sic_codes"":""93120"",""score"":69,""why"":""SIC 93120 (sport club); active; the club's place name only; names something the club does not: yacht; nothing in the name says football""}]"
hornchurch-fc	Hornchurch	5	review	05438297	HORNCHURCH FOOTBALL CLUB (2005) LIMITED	active	93120	112	0	SIC 93120 (sport club); active; named a football club; every word of the club's name			"[{""company_number"":""08568897"",""entity_name"":""HORNCHURCH FOOTBALL CLUB LIMITED"",""company_status"":""active"",""sic_codes"":""93120"",""score"":112,""why"":""SIC 93120 (sport club); active; named a football club; every word of the club's name""},{""company_number"":""16830871"",""entity_name"":""GOLDEX FITNESS HORNCHURCH LIMITED"",""company_status"":""active"",""sic_codes"":""93130"",""score"":62,""why"":""sport-adjacent SIC 93130; active; every word of the club's name; names something the club does not: fitness, goldex; nothing in the name says football""},{""company_number"":""10948862"",""entity_name"":""HORNCHURCH FC ACADEMY LIMITED"",""company_status"":""dissolved"",""sic_codes"":""93120"",""score"":2,""why"":""SIC 93120 (sport club); dissolved; named FC; names a body attached to a club, not the club; every word of the club's name; names something the club does not: academy""}]"
kidderminster-harriers-fc	Kidderminster Harriers	5	chosen	00484523	KIDDERMINSTER HARRIERS FOOTBALL CLUB LIMITED	active	93110,93120	172	122	SIC 93120 (sport club); active; named a football club; matches the entity these accounts were read from; every word of the club's name	Kidderminster Harriers Football Club Limited		"[{""company_number"":""04255882"",""entity_name"":""KIDDERMINSTER HARRIERS F.C. FOOTBALL IN THE COMMUNITY"",""company_status"":""active"",""sic_codes"":""85510"",""score"":50,""why"":""active; every word of the club's name; names something the club does not: c, f, in""}]"
scunthorpe-united-fc	Scunthorpe United	5	chosen	00123622	SCUNTHORPE UNITED FOOTBALL CLUB LIMITED	active	93110	84	15	sport-adjacent SIC 93110; active; named a football club; every word of the club's name			"[{""company_number"":""08846755"",""entity_name"":""GLANFORD AND SCUNTHORPE CANOE CLUB LTD"",""company_status"":""active"",""sic_codes"":""93120"",""score"":69,""why"":""SIC 93120 (sport club); active; the club's place name only; names something the club does not: canoe, glanford; nothing in the name says football""},{""company_number"":""15351388"",""entity_name"":""JOBS UK SCUNTHORPE LTD"",""company_status"":""active"",""sic_codes"":""78109,93120,95210,98200"",""score"":69,""why"":""SIC 93120 (sport club); active; the club's place name only; names something the club does not: jobs, uk; nothing in the name says football""},{""company_number"":""13481527"",""entity_name"":""CHINA TOWN SCUNTHORPE LTD"",""company_status"":""active"",""sic_codes"":""56103"",""score"":32,""why"":""active; the club's place name only; names something the club does not: china, town""}]"
solihull-moors-fc	Solihull Moors	5	chosen	09196428	SOLIHULL MOORS FOOTBALL CLUB CIC	active	93120	112	56	SIC 93120 (sport club); active; named a football club; every word of the club's name			"[{""company_number"":""00975879"",""entity_name"":""SOLIHULL MOORS HOLDINGS CIC"",""company_status"":""active"",""sic_codes"":""93110"",""score"":56,""why"":""sport-adjacent SIC 93110; active; holding company; every word of the club's name; nothing in the name says football""},{""company_number"":""06045572"",""entity_name"":""SOLIHULL MOORS FOOTBALL CLUB (2007) LIMITED"",""company_status"":""dissolved"",""sic_codes"":""93120"",""score"":47,""why"":""SIC 93120 (sport club); dissolved; named a football club; every word of the club's name""}]"
southend-united-fc	Southend United	5	chosen	00089767	SOUTHEND UNITED FOOTBALL CLUB LIMITED(THE)	active	93110	144	78	sport-adjacent SIC 93110; active; named a football club; matches the entity these accounts were read from; every word of the club's name	Southend United Football Club Limited (The)		"[{""company_number"":""02558984"",""entity_name"":""SOUTHEND MANOR FOOTBALL CLUB BY GUARANTEE LIMITED"",""company_status"":""active"",""sic_codes"":""93110"",""score"":66,""why"":""sport-adjacent SIC 93110; active; named a football club; the club's place name only; names something the club does not: by, guarantee, manor""},{""company_number"":""13582258"",""entity_name"":""SOUTHEND ELITE SPORTS ACADEMY LIMITED"",""company_status"":""active"",""sic_codes"":""93120"",""score"":37,""why"":""SIC 93120 (sport club); active; names a body attached to a club, not the club; the club's place name only; names something the club does not: academy, elite; nothing in the name says football""},{""company_number"":""SC712714"",""entity_name"":""SOUTHEND CITY FOOTBALL CLUB LTD"",""company_status"":""dissolved"",""sic_codes"":""93120"",""score"":29,""why"":""SIC 93120 (sport club); dissolved; named a football club; the club's place name only; names something the club does not: city""}]"
sutton-united-fc	Sutton United	5	review	00519334	SUTTON UNITED FOOTBALL CLUB LIMITED	active	93120	112	7	SIC 93120 (sport club); active; named a football club; every word of the club's name			"[{""company_number"":""15648815"",""entity_name"":""SUTTON UNITED LIMITED"",""company_status"":""active"",""sic_codes"":""93120,93199"",""score"":105,""why"":""SIC 93120 (sport club); active; name matches exactly""},{""company_number"":""16359630"",""entity_name"":""SUTTON UNITED FC LIMITED"",""company_status"":""active"",""sic_codes"":""93110"",""score"":74,""why"":""sport-adjacent SIC 93110; active; named FC; every word of the club's name""},{""company_number"":""10474671"",""entity_name"":""ABSOLUTE MA SUTTON LTD"",""company_status"":""active"",""sic_codes"":""93120"",""score"":69,""why"":""SIC 93120 (sport club); active; the club's place name only; names something the club does not: absolute, ma; nothing in the name says football""}]"
tamworth-fc	Tamworth	5	chosen	03566611	TAMWORTH FOOTBALL CLUB LIMITED	active	93120	112	43	SIC 93120 (sport club); active; named a football club; every word of the club's name			"[{""company_number"":""05005767"",""entity_name"":""TAMWORTH AFRICAN CARIBBEAN ASSOCIATION"",""company_status"":""active"",""sic_codes"":""85600,88100,88990,93120"",""score"":69,""why"":""SIC 93120 (sport club); active; every word of the club's name; names something the club does not: african, caribbean; nothing in the name says football""},{""company_number"":""07150310"",""entity_name"":""TAMWORTH IN THE COMMUNITY"",""company_status"":""active"",""sic_codes"":""93120"",""score"":69,""why"":""SIC 93120 (sport club); active; every word of the club's name; names something the club does not: in; nothing in the name says football""},{""company_number"":""11374061"",""entity_name"":""THIS GIRL RUNS TAMWORTH LTD"",""company_status"":""dissolved"",""sic_codes"":""93120"",""score"":25,""why"":""SIC 93120 (sport club); dissolved; every word of the club's name; names something the club does not: girl, runs, this; nothing in the name says football""}]"
wealdstone-fc	Wealdstone	5	chosen	03953962	WEALDSTONE FOOTBALL CLUB (2000) LIMITED	active	93120	112	73	SIC 93120 (sport club); active; named a football club; every word of the club's name			"[{""company_number"":""12498670"",""entity_name"":""WEALDSTONE FC FOUNDATION"",""company_status"":""active"",""sic_codes"":""85510,86900,93199"",""score"":39,""why"":""sport-adjacent SIC 93199; active; named FC; names a body attached to a club, not the club; every word of the club's name; names something the club does not: foundation""}]"
woking-fc	Woking	5	review	02849925	WOKING ATHLETIC CLUB LIMITED	active	93110,93120	90	6	SIC 93120 (sport club); active; every word of the club's name			"[{""company_number"":""03329172"",""entity_name"":""WOKING FOOTBALL CLUB LIMITED"",""company_status"":""active"",""sic_codes"":""93110"",""score"":84,""why"":""sport-adjacent SIC 93110; active; named a football club; every word of the club's name""},{""company_number"":""16498830"",""entity_name"":""FLOW FITNESS WOKING CIC"",""company_status"":""active"",""sic_codes"":""93120"",""score"":69,""why"":""SIC 93120 (sport club); active; every word of the club's name; names something the club does not: fitness, flow; nothing in the name says football""},{""company_number"":""10482003"",""entity_name"":""WOKING ARCHERY CLUB LTD"",""company_status"":""active"",""sic_codes"":""93120"",""score"":69,""why"":""SIC 93120 (sport club); active; every word of the club's name; names something the club does not: archery; nothing in the name says football""}]"
worthing-fc	Worthing	5	chosen	02729719	WORTHING FOOTBALL CLUB LIMITED	active	93120	112	43	SIC 93120 (sport club); active; named a football club; every word of the club's name			"[{""company_number"":""17212490"",""entity_name"":""JIM JAM'S @ WORTHING FOOTBALL CLUB LTD"",""company_status"":""active"",""sic_codes"":""56290"",""score"":69,""why"":""active; named a football club; every word of the club's name; names something the club does not: jam, jim, s""},{""company_number"":""09116716"",""entity_name"":""WEST WORTHING CLUB C.I.C."",""company_status"":""active"",""sic_codes"":""93120"",""score"":69,""why"":""SIC 93120 (sport club); active; every word of the club's name; names something the club does not: c, i, west; nothing in the name says football""},{""company_number"":""16463026"",""entity_name"":""WORTHING & DISTRICT HARRIERS ATHLETIC CLUB LTD"",""company_status"":""active"",""sic_codes"":""93120"",""score"":69,""why"":""SIC 93120 (sport club); active; every word of the club's name; names something the club does not: district, harriers""}]"
yeovil-town-fc	Yeovil Town	5	chosen	07113379	YEOVIL TOWN HOLDINGS LIMITED	active	93110	71	27	sport-adjacent SIC 93110; active; holding company; name matches exactly			"[{""company_number"":""14109293"",""entity_name"":""FITNESS YEOVIL BY RUSTYPT LTD"",""company_status"":""active"",""sic_codes"":""93130"",""score"":44,""why"":""sport-adjacent SIC 93130; active; the club's place name only; names something the club does not: by, fitness, rustypt; nothing in the name says football""},{""company_number"":""00189754"",""entity_name"":""YEOVIL FOOTBALL & ATHLETIC CLUB LIMITED(THE)"",""company_status"":""active"",""sic_codes"":""93110"",""score"":44,""why"":""sport-adjacent SIC 93110; active; the club's place name only""},{""company_number"":""13137403"",""entity_name"":""YEOVIL TOWN FOOTBALL CLUB LTD"",""company_status"":""dissolved"",""sic_codes"":""93199"",""score"":19,""why"":""sport-adjacent SIC 93199; dissolved; named a football club; every word of the club's name""}]"
afc-telford-united-fc	AFC Telford United	6	review	05138735	AFC TELFORD UNITED LIMITED	active	93110	77	8	sport-adjacent SIC 93110; active; name matches exactly			"[{""company_number"":""01331873"",""entity_name"":""TELFORD AUTO CLUB LIMITED"",""company_status"":""active"",""sic_codes"":""93120"",""score"":69,""why"":""SIC 93120 (sport club); active; the club's place name only; names something the club does not: auto; nothing in the name says football""},{""company_number"":""14760202"",""entity_name"":""TELFORD PICKLEBALL CLUB LTD"",""company_status"":""active"",""sic_codes"":""93120"",""score"":69,""why"":""SIC 93120 (sport club); active; the club's place name only; names something the club does not: pickleball; nothing in the name says football""},{""company_number"":""11380858"",""entity_name"":""TELFORD TIGERS LIMITED"",""company_status"":""active"",""sic_codes"":""93120"",""score"":69,""why"":""SIC 93120 (sport club); active; the club's place name only; names something the club does not: tigers; nothing in the name says football""}]"
afc-totton-fc	AFC Totton	6	chosen	11293572	AFC TOTTON 1886 LIMITED	active	93120	90	21	SIC 93120 (sport club); active; every word of the club's name			"[{""company_number"":""17374016"",""entity_name"":""TOTTON & ELING FOOTBALL CLUB LTD"",""company_status"":""active"",""sic_codes"":""93120"",""score"":69,""why"":""SIC 93120 (sport club); active; named a football club; the club's place name only; names something the club does not: eling""},{""company_number"":""16233560"",""entity_name"":""AFC TOTTON DP LIMITED"",""company_status"":""active"",""sic_codes"":""85510,85590"",""score"":50,""why"":""active; every word of the club's name; names something the club does not: dp""},{""company_number"":""09033215"",""entity_name"":""AFC TOTTON LEISURE LIMITED"",""company_status"":""active"",""sic_codes"":""68209"",""score"":50,""why"":""active; every word of the club's name; names something the club does not: leisure""}]"
bedford-town-fc	Bedford Town	6	chosen	04098641	BEDFORD TOWN FOOTBALL CLUB LIMITED	active	93110	84	15	sport-adjacent SIC 93110; active; named a football club; every word of the club's name			"[{""company_number"":""08438935"",""entity_name"":""BEDFORD & COUNTY ATHLETIC CLUB LIMITED"",""company_status"":""active"",""sic_codes"":""93120"",""score"":69,""why"":""SIC 93120 (sport club); active; the club's place name only; names something the club does not: county""},{""company_number"":""17075281"",""entity_name"":""FALCON ACROBATICS BEDFORD LIMITED"",""company_status"":""active"",""sic_codes"":""93120"",""score"":69,""why"":""SIC 93120 (sport club); active; the club's place name only; names something the club does not: acrobatics, falcon; nothing in the name says football""},{""company_number"":""13774571"",""entity_name"":""REAL BEDFORD FC LIMITED"",""company_status"":""active"",""sic_codes"":""93120"",""score"":69,""why"":""SIC 93120 (sport club); active; named FC; the club's place name only; names something the club does not: real""}]"
billericay-town-fc	Billericay Town	6	chosen	04172587	BILLERICAY TOWN FOOTBALL CLUB LIMITED	active	93110,93120	112	43	SIC 93120 (sport club); active; named a football club; every word of the club's name			"[{""company_number"":""10844831"",""entity_name"":""BILLERICAY TOWN COLTS FOOTBALL CLUB LTD"",""company_status"":""active"",""sic_codes"":""93110,93120"",""score"":69,""why"":""SIC 93120 (sport club); active; named a football club; every word of the club's name; names something the club does not: colts""},{""company_number"":""14615479"",""entity_name"":""BILLERICAY TOWN WOMEN FC LIMITED"",""company_status"":""active"",""sic_codes"":""93110,93120"",""score"":69,""why"":""SIC 93120 (sport club); active; named FC; every word of the club's name; names something the club does not: women""},{""company_number"":""13073406"",""entity_name"":""BILLERICAY LEISURE LIMITED"",""company_status"":""active"",""sic_codes"":""93199"",""score"":44,""why"":""sport-adjacent SIC 93199; active; the club's place name only; names something the club does not: leisure; nothing in the name says football""}]"
brackley-town-fc	Brackley Town	6	review	09388615	TOWN FARM BRACKLEY MANAGEMENT COMPANY LTD	active	82110	50	0	active; every word of the club's name; names something the club does not: farm, management			"[{""company_number"":""08103069"",""entity_name"":""TOWN GARAGE (BRACKLEY) LIMITED"",""company_status"":""active"",""sic_codes"":""45200"",""score"":50,""why"":""active; every word of the club's name; names something the club does not: garage""},{""company_number"":""11544799"",""entity_name"":""CLIP 'N CLIMB BRACKLEY LTD"",""company_status"":""active"",""sic_codes"":""56102,93110,93290"",""score"":44,""why"":""sport-adjacent SIC 93110,93290; active; the club's place name only; names something the club does not: climb, clip, n; nothing in the name says football""}]"
braintree-town-fc	Braintree Town	6	chosen	02050949	BRAINTREE TOWN FOOTBALL CLUB LIMITED	active	93110	84	15	sport-adjacent SIC 93110; active; named a football club; every word of the club's name			"[{""company_number"":""13410171"",""entity_name"":""BRAINTREE CANOEING CLUB LTD"",""company_status"":""active"",""sic_codes"":""93120"",""score"":69,""why"":""SIC 93120 (sport club); active; the club's place name only; names something the club does not: canoeing; nothing in the name says football""},{""company_number"":""04442301"",""entity_name"":""BRAINTREE DISTRICT LEISURE COMMUNITY ASSOCIATION LIMITED"",""company_status"":""active"",""sic_codes"":""93120"",""score"":69,""why"":""SIC 93120 (sport club); active; the club's place name only; names something the club does not: district, leisure; nothing in the name says football""},{""company_number"":""12193971"",""entity_name"":""BRAINTREE LONDON LTD"",""company_status"":""active"",""sic_codes"":""45200,59200,90010,93199"",""score"":44,""why"":""sport-adjacent SIC 93199; active; the club's place name only; names something the club does not: london; nothing in the name says football""}]"
buxton-fc	Buxton	6	chosen	02823127	BUXTON FOOTBALL CLUB LIMITED	active	93110	84	15	sport-adjacent SIC 93110; active; named a football club; every word of the club's name			"[{""company_number"":""03138879"",""entity_name"":""MANCHESTER & BUXTON KART CLUB LIMITED"",""company_status"":""active"",""sic_codes"":""93120"",""score"":69,""why"":""SIC 93120 (sport club); active; every word of the club's name; names something the club does not: kart, manchester; nothing in the name says football""},{""company_number"":""10953581"",""entity_name"":""BUXTON FOOTBALL CLUB IN THE COMMUNITY LIMITED"",""company_status"":""dissolved"",""sic_codes"":""93120"",""score"":47,""why"":""SIC 93120 (sport club); dissolved; named a football club; every word of the club's name; names something the club does not: in""},{""company_number"":""CE029061"",""entity_name"":""BUXTON FOOTBALL CLUB FOUNDATION"",""company_status"":"""",""sic_codes"":"""",""score"":17,""why"":""named a football club; names a body attached to a club, not the club; every word of the club's name; names something the club does not: foundation""}]"
chelmsford-city-fc	Chelmsford City	6	chosen	10818922	CHELMSFORD CITY FOOTBALL CLUB LTD	active	93120	112	43	SIC 93120 (sport club); active; named a football club; every word of the club's name			"[{""company_number"":""15494639"",""entity_name"":""CHELMSFORD CHAMPIONS LTD"",""company_status"":""active"",""sic_codes"":""56210,90040,93120,93290"",""score"":69,""why"":""SIC 93120 (sport club); active; the club's place name only; names something the club does not: champions; nothing in the name says football""},{""company_number"":""11007984"",""entity_name"":""CHELMSFORD CITY FOOTBALL CLUB HOLDINGS LTD"",""company_status"":""active"",""sic_codes"":""68209"",""score"":66,""why"":""active; named a football club; holding company; every word of the club's name""},{""company_number"":""17361069"",""entity_name"":""ARENA RACING (CHELMSFORD CITY) LIMITED"",""company_status"":""active"",""sic_codes"":""93110"",""score"":62,""why"":""sport-adjacent SIC 93110; active; every word of the club's name; names something the club does not: arena, racing""}]"
chesham-united-fc	Chesham United	6	chosen	01017530	CHESHAM UNITED ASSOCIATION FOOTBALL CLUB LIMITED	active	93120	112	68	SIC 93120 (sport club); active; named a football club; every word of the club's name			"[{""company_number"":""12286889"",""entity_name"":""LOWER CHESHAM ALLOTMENTS LTD"",""company_status"":""active"",""sic_codes"":""93290"",""score"":44,""why"":""sport-adjacent SIC 93290; active; the club's place name only; names something the club does not: allotments, lower; nothing in the name says football""},{""company_number"":""CE025941"",""entity_name"":""CHESHAM UNITED YOUTH FOOTBALL CLUB"",""company_status"":"""",""sic_codes"":"""",""score"":17,""why"":""named a football club; names a body attached to a club, not the club; every word of the club's name; names something the club does not: youth""},{""company_number"":""IP29756R"",""entity_name"":""CHESHAM UNITED SUPPORTERS SOCIETY LIMITED"",""company_status"":""active"",""sic_codes"":"""",""score"":15,""why"":""active; names a body attached to a club, not the club; every word of the club's name; names something the club does not: society, supporters""}]"
chester-city-fc	Chester City	6	review	03362826	CHESTER HORSE DRIVING TRIALS LTD	active	93120	69	0	SIC 93120 (sport club); active; the club's place name only; names something the club does not: driving, horse, trials; nothing in the name says football			"[{""company_number"":""16893224"",""entity_name"":""CHESTER TRIATHLON CLUB"",""company_status"":""active"",""sic_codes"":""93120"",""score"":69,""why"":""SIC 93120 (sport club); active; the club's place name only; names something the club does not: triathlon; nothing in the name says football""},{""company_number"":""16621252"",""entity_name"":""TEAM SUKATA CHESTER (BJJ) LTD"",""company_status"":""active"",""sic_codes"":""93120"",""score"":69,""why"":""SIC 93120 (sport club); active; the club's place name only; names something the club does not: bjj, sukata, team; nothing in the name says football""},{""company_number"":""17364414"",""entity_name"":""TEAM SUKATA CHESTER LTD"",""company_status"":""active"",""sic_codes"":""93120"",""score"":69,""why"":""SIC 93120 (sport club); active; the club's place name only; names something the club does not: sukata, team; nothing in the name says football""}]"
chorley-fc	Chorley	6	chosen	02959001	CHORLEY FOOTBALL CLUB LIMITED	active	93110	84	15	sport-adjacent SIC 93110; active; named a football club; every word of the club's name			"[{""company_number"":""15690446"",""entity_name"":""CHORLEY GIRLS AND WOMEN FOOTBALL CLUB LTD"",""company_status"":""active"",""sic_codes"":""93120"",""score"":69,""why"":""SIC 93120 (sport club); active; named a football club; every word of the club's name; names something the club does not: girls, women""},{""company_number"":""15690452"",""entity_name"":""CHORLEY GIRLS FOOTBALL CLUB WOMEN LTD"",""company_status"":""active"",""sic_codes"":""93120"",""score"":69,""why"":""SIC 93120 (sport club); active; named a football club; every word of the club's name; names something the club does not: girls, women""},{""company_number"":""15484889"",""entity_name"":""CHORLEY LADIES FOOTBALL CLUB LTD"",""company_status"":""active"",""sic_codes"":""93120"",""score"":69,""why"":""SIC 93120 (sport club); active; named a football club; names a body attached to a club, not the club; every word of the club's name; names something the club does not: ladies""}]"
dagenham-and-redbridge-fc	Dagenham & Redbridge	6	review	06134948	DAGENHAM AND REDBRIDGE FOOTBALL CLUB LIMITED	active	93199	84	10	sport-adjacent SIC 93199; active; named a football club; every word of the club's name			"[{""company_number"":""10755779"",""entity_name"":""DAGENHAM & REDBRIDGE FC 2017 LIMITED"",""company_status"":""active"",""sic_codes"":""93199"",""score"":74,""why"":""sport-adjacent SIC 93199; active; named FC; every word of the club's name""},{""company_number"":""07416869"",""entity_name"":""DAGENHAM AND REDBRIDGE FC COMMUNITY TRUST"",""company_status"":""active"",""sic_codes"":""94990"",""score"":27,""why"":""active; named FC; names a body attached to a club, not the club; every word of the club's name; names something the club does not: trust""},{""company_number"":""12866297"",""entity_name"":""DAGENHAM & REDBRIDGE SC LIMITED"",""company_status"":""dissolved"",""sic_codes"":""93120"",""score"":25,""why"":""SIC 93120 (sport club); dissolved; every word of the club's name; names something the club does not: sc; nothing in the name says football""}]"
darlington-fc	Darlington	6	review	16241399	ACTIVE FUTURE DARLINGTON CIC	active	93120	69	0	SIC 93120 (sport club); active; every word of the club's name; names something the club does not: active, future; nothing in the name says football			"[{""company_number"":""07914690"",""entity_name"":""DARLINGTON 1883 LIMITED"",""company_status"":""active"",""sic_codes"":""93110,93120"",""score"":69,""why"":""SIC 93120 (sport club); active; every word of the club's name; nothing in the name says football""},{""company_number"":""CE035161"",""entity_name"":""FC DARLINGTON LOCOMOTIVES"",""company_status"":"""",""sic_codes"":"""",""score"":42,""why"":""named FC; every word of the club's name; names something the club does not: locomotives""},{""company_number"":""CE044616"",""entity_name"":""DARLINGTON 21ST ALLSTARS JUNIOR FOOTBALL CLUB"",""company_status"":"""",""sic_codes"":"""",""score"":17,""why"":""named a football club; names a body attached to a club, not the club; every word of the club's name; names something the club does not: 21st, allstars, junior""}]"
dorking-wanderers-fc	Dorking Wanderers	6	chosen	08964370	DORKING WANDERERS FC LTD	active	93120	102	58	SIC 93120 (sport club); active; named FC; every word of the club's name			"[{""company_number"":""15479484"",""entity_name"":""THE PILATES ROOM - DORKING LTD"",""company_status"":""active"",""sic_codes"":""93130"",""score"":44,""why"":""sport-adjacent SIC 93130; active; the club's place name only; names something the club does not: pilates, room; nothing in the name says football""},{""company_number"":""10813107"",""entity_name"":""DORKING FOOTBALL CLUB LIMITED"",""company_status"":""dissolved"",""sic_codes"":""93120"",""score"":29,""why"":""SIC 93120 (sport club); dissolved; named a football club; the club's place name only""},{""company_number"":""07191822"",""entity_name"":""DORKING FOOTBALL CLUB (1880) C.I.C."",""company_status"":""dissolved"",""sic_codes"":""93110"",""score"":1,""why"":""sport-adjacent SIC 93110; dissolved; named a football club; the club's place name only; names something the club does not: c, i""}]"
dover-athletic-fc	Dover Athletic	6	chosen	01747066	DOVER ATHLETIC FOOTBALL CLUB LIMITED	active	93120	112	43	SIC 93120 (sport club); active; named a football club; every word of the club's name			"[{""company_number"":""14448000"",""entity_name"":""ACADEDMY DOVER CIC"",""company_status"":""active"",""sic_codes"":""85510,93120,96040"",""score"":69,""why"":""SIC 93120 (sport club); active; the club's place name only; names something the club does not: acadedmy; nothing in the name says football""},{""company_number"":""11516411"",""entity_name"":""DOVER ATHLETIC COMMUNITY TRUST"",""company_status"":""active"",""sic_codes"":""93120"",""score"":55,""why"":""SIC 93120 (sport club); active; names a body attached to a club, not the club; every word of the club's name; names something the club does not: trust""},{""company_number"":""12168422"",""entity_name"":""THE ACADEMY DOVER LIMITED"",""company_status"":""active"",""sic_codes"":""93120,93130"",""score"":37,""why"":""SIC 93120 (sport club); active; names a body attached to a club, not the club; the club's place name only; names something the club does not: academy; nothing in the name says football""}]"
farnborough-town-fc	Farnborough Town	6	review	15823764	FARNBOROUGH TOWN TAXIS LTD	active	49320	50	6	active; every word of the club's name; names something the club does not: taxis			"[{""company_number"":""12216646"",""entity_name"":""FARNBOROUGH HILL ALLOTMENTS LTD"",""company_status"":""active"",""sic_codes"":""93290"",""score"":44,""why"":""sport-adjacent SIC 93290; active; the club's place name only; names something the club does not: allotments, hill; nothing in the name says football""},{""company_number"":""17162836"",""entity_name"":""FARNBOROUGH HILL VENTURES LIMITED"",""company_status"":""active"",""sic_codes"":""85510,93110"",""score"":44,""why"":""sport-adjacent SIC 93110; active; the club's place name only; names something the club does not: hill, ventures; nothing in the name says football""},{""company_number"":""13394626"",""entity_name"":""THE FARNBOROUGH CHIPMUNK COMPANY LTD"",""company_status"":""active"",""sic_codes"":""93290"",""score"":44,""why"":""sport-adjacent SIC 93290; active; the club's place name only; names something the club does not: chipmunk; nothing in the name says football""}]"
farnham-town-fc	Farnham Town	6	chosen	17074119	FARNHAM TOWN FOOTBALL CLUB 1906 LIMITED	active	93120	112	28	SIC 93120 (sport club); active; named a football club; every word of the club's name			"[{""company_number"":""13207792"",""entity_name"":""FARNHAM TOWN FOOTBALL CLUB CIC"",""company_status"":""active"",""sic_codes"":""93110,93199"",""score"":84,""why"":""sport-adjacent SIC 93110,93199; active; named a football club; every word of the club's name""},{""company_number"":""07278805"",""entity_name"":""DAVID LLOYD LEISURE FARNHAM LIMITED"",""company_status"":""active"",""sic_codes"":""93120"",""score"":69,""why"":""SIC 93120 (sport club); active; the club's place name only; names something the club does not: david, leisure, lloyd; nothing in the name says football""},{""company_number"":""13600779"",""entity_name"":""FARNHAM MARTIAL ARTS LTD"",""company_status"":""active"",""sic_codes"":""93120"",""score"":69,""why"":""SIC 93120 (sport club); active; the club's place name only; names something the club does not: arts, martial; nothing in the name says football""}]"
folkestone-invicta-fc	Folkestone Invicta	6	review	04243803	FOLKESTONE INVICTA F.C. LIMITED	active	93120	69	62	SIC 93120 (sport club); active; every word of the club's name; names something the club does not: c, f; nothing in the name says football			"[{""company_number"":""CE037608"",""entity_name"":""FOLKESTONE INVICTA FC COMMUNITY TRUST"",""company_status"":"""",""sic_codes"":"""",""score"":7,""why"":""named FC; names a body attached to a club, not the club; every word of the club's name; names something the club does not: trust""},{""company_number"":""06807559"",""entity_name"":""FOLKESTONE INVICTA FOOTBALL CLUB LIMITED"",""company_status"":""dissolved"",""sic_codes"":"""",""score"":7,""why"":""dissolved; named a football club; every word of the club's name""}]"
hampton-and-richmond-borough-fc	Hampton & Richmond Borough	6	chosen	03399857	HAMPTON AND RICHMOND BOROUGH FOOTBALL CLUB LIMITED	active	93120	112	75	SIC 93120 (sport club); active; named a football club; every word of the club's name			"[{""company_number"":""IP030469"",""entity_name"":""HAMPTON AND RICHMOND BOROUGH FOOTBALL CLUB SUPPORTERS' SOCIETY LIMITED"",""company_status"":""active"",""sic_codes"":"""",""score"":37,""why"":""active; named a football club; names a body attached to a club, not the club; every word of the club's name; names something the club does not: society, supporters""}]"
harborough-town-fc	Harborough Town	6	chosen	09608591	HARBOROUGH TOWN FC	active	93120	102	33	SIC 93120 (sport club); active; named FC; every word of the club's name			"[{""company_number"":""06749160"",""entity_name"":""HARBOROUGH TOWN TRADING LIMITED"",""company_status"":""active"",""sic_codes"":""93120"",""score"":69,""why"":""SIC 93120 (sport club); active; every word of the club's name; names something the club does not: trading""},{""company_number"":""07597498"",""entity_name"":""MARKET HARBOROUGH RUFC LTD"",""company_status"":""active"",""sic_codes"":""93120"",""score"":69,""why"":""SIC 93120 (sport club); active; the club's place name only; names something the club does not: market, rufc; nothing in the name says football""},{""company_number"":""09608602"",""entity_name"":""HARBOROUGH TOWN COMMUNITY TRUST"",""company_status"":""active"",""sic_codes"":""93120"",""score"":55,""why"":""SIC 93120 (sport club); active; names a body attached to a club, not the club; every word of the club's name; names something the club does not: trust""}]"
hebburn-town-fc	Hebburn Town	6	chosen	16461358	HEBBURN TOWN FC LTD	active	93120,93199	102	33	SIC 93120 (sport club); active; named FC; every word of the club's name			"[{""company_number"":""10888417"",""entity_name"":""HEBBURN SPORTS CLUB LIMITED"",""company_status"":""active"",""sic_codes"":""93120"",""score"":69,""why"":""SIC 93120 (sport club); active; the club's place name only; nothing in the name says football""},{""company_number"":""11005376"",""entity_name"":""JARROW AND HEBBURN ATHLETIC CLUB LTD"",""company_status"":""active"",""sic_codes"":""93120"",""score"":69,""why"":""SIC 93120 (sport club); active; the club's place name only; names something the club does not: jarrow""},{""company_number"":""16265962"",""entity_name"":""HEBBURN TOWN JUNIORS FC LIMITED"",""company_status"":""active"",""sic_codes"":""85510,93110,93120,93199"",""score"":67,""why"":""SIC 93120 (sport club); active; named FC; names a body attached to a club, not the club; every word of the club's name; names something the club does not: juniors""}]"
hednesford-town-fc	Hednesford Town	6	chosen	02862784	HEDNESFORD TOWN FOOTBALL CLUB LIMITED	active	93110	84	25	sport-adjacent SIC 93110; active; named a football club; every word of the club's name			"[{""company_number"":""15335663"",""entity_name"":""HEDNESFORD TOWN HOLDINGS LTD"",""company_status"":""active"",""sic_codes"":""56302"",""score"":59,""why"":""active; holding company; name matches exactly""},{""company_number"":""16851415"",""entity_name"":""HEDNESFORD AFC CIC"",""company_status"":""active"",""sic_codes"":""85510"",""score"":32,""why"":""active; the club's place name only""},{""company_number"":""15287611"",""entity_name"":""PEARL CITY (HEDNESFORD) LTD"",""company_status"":""active"",""sic_codes"":""56103"",""score"":32,""why"":""active; the club's place name only; names something the club does not: city, pearl""}]"
hemel-hempstead-town-fc	Hemel Hempstead Town	6	chosen	03271293	HEMEL HEMPSTEAD TOWN FOOTBALL CLUB LIMITED	active	99999	72	28	active; named a football club; every word of the club's name			"[{""company_number"":""15348292"",""entity_name"":""LASER QUEST HEMEL HEMPSTEAD LIMITED"",""company_status"":""active"",""sic_codes"":""93290"",""score"":44,""why"":""sport-adjacent SIC 93290; active; the club's place name only; names something the club does not: laser, quest; nothing in the name says football""},{""company_number"":""02506574"",""entity_name"":""27 ALEXANDRA ROAD HEMEL HEMPSTEAD LIMITED"",""company_status"":""active"",""sic_codes"":""98000"",""score"":32,""why"":""active; the club's place name only; names something the club does not: alexandra, road""},{""company_number"":""09620087"",""entity_name"":""ALEXANDRA PLACE (HEMEL HEMPSTEAD) MANAGEMENT COMPANY LIMITED"",""company_status"":""active"",""sic_codes"":""98000"",""score"":32,""why"":""active; the club's place name only; names something the club does not: alexandra, management, place""}]"
hereford-united-fc	Hereford United	6	chosen	11409584	HEREFORD UNITED FOOTBALL CLUB LIMITED	active	93120	112	43	SIC 93120 (sport club); active; named a football club; every word of the club's name			"[{""company_number"":""09033027"",""entity_name"":""HEREFORD CYCLE HUB C.I.C."",""company_status"":""active"",""sic_codes"":""93120"",""score"":69,""why"":""SIC 93120 (sport club); active; the club's place name only; names something the club does not: c, cycle, hub, i; nothing in the name says football""},{""company_number"":""08970067"",""entity_name"":""HEREFORD FC LIMITED"",""company_status"":""active"",""sic_codes"":""93120"",""score"":69,""why"":""SIC 93120 (sport club); active; named FC; the club's place name only""},{""company_number"":""17300680"",""entity_name"":""THE HEREFORD HUB - COACH RUTH CIC"",""company_status"":""active"",""sic_codes"":""88910,93120"",""score"":69,""why"":""SIC 93120 (sport club); active; the club's place name only; names something the club does not: coach, hub, ruth; nothing in the name says football""}]"
horsham-fc	Horsham	6	chosen	13918045	HORSHAM COMMUNITY FOOTBALL CLUB LIMITED	active	93110,93120	112	43	SIC 93120 (sport club); active; named a football club; every word of the club's name			"[{""company_number"":""01494925"",""entity_name"":""HORSHAM FOOTBALL CLUB C.I.C."",""company_status"":""active"",""sic_codes"":""93120"",""score"":69,""why"":""SIC 93120 (sport club); active; named a football club; every word of the club's name; names something the club does not: c, i""},{""company_number"":""14833049"",""entity_name"":""HORSHAM GAMECHANGERS LIMITED"",""company_status"":""active"",""sic_codes"":""93120"",""score"":69,""why"":""SIC 93120 (sport club); active; every word of the club's name; names something the club does not: gamechangers; nothing in the name says football""},{""company_number"":""06408328"",""entity_name"":""HORSHAM LEISURE LIMITED"",""company_status"":""active"",""sic_codes"":""93120"",""score"":69,""why"":""SIC 93120 (sport club); active; every word of the club's name; names something the club does not: leisure; nothing in the name says football""}]"
kings-lynn-town-fc	King's Lynn Town	6	chosen	07121774	KING'S LYNN TOWN FOOTBALL CLUB LTD	active	93199	84	0	sport-adjacent SIC 93199; active; named a football club; every word of the club's name			[]
macclesfield-town-fc	Macclesfield Town	6	review	14702361	MACCLESFIELD WHEELERS LTD	active	93120	69	48	SIC 93120 (sport club); active; the club's place name only; names something the club does not: wheelers; nothing in the name says football			"[{""company_number"":""06469186"",""entity_name"":""MACCLESFIELD FC COMMUNITY SPORTS TRUST LTD"",""company_status"":""active"",""sic_codes"":""85510,93199,96040"",""score"":21,""why"":""sport-adjacent SIC 93199; active; named FC; names a body attached to a club, not the club; the club's place name only; names something the club does not: trust""},{""company_number"":""00415853"",""entity_name"":""MACCLESFIELD TOWN FOOTBALL CLUB,LIMITED"",""company_status"":""liquidation"",""sic_codes"":""93110"",""score"":19,""why"":""sport-adjacent SIC 93110; liquidation; named a football club; every word of the club's name""},{""company_number"":""09369718"",""entity_name"":""MACCLESFIELD TRIALS CLUB LIMITED"",""company_status"":""dissolved"",""sic_codes"":""93120"",""score"":7,""why"":""SIC 93120 (sport club); dissolved; the club's place name only; names something the club does not: trials; nothing in the name says football""}]"
maidenhead-united-fc	Maidenhead United	6	chosen	05691046	MAIDENHEAD UNITED FC LTD	active	93120	102	70	SIC 93120 (sport club); active; named FC; every word of the club's name			"[{""company_number"":""09531723"",""entity_name"":""ALEXANDRA PARK (MAIDENHEAD) RESIDENTS MANAGEMENT COMPANY LIMITED"",""company_status"":""active"",""sic_codes"":"""",""score"":32,""why"":""active; the club's place name only; names something the club does not: alexandra, management, park, residents""},{""company_number"":""09597400"",""entity_name"":""ROYAL BOROUGH OF WINDSOR AND MAIDENHEAD HORSE DRAWN CARRIAGES LIMITED"",""company_status"":""active"",""sic_codes"":""47190,49320,79120,82990"",""score"":32,""why"":""active; the club's place name only; names something the club does not: borough, carriages, drawn, horse, of, royal, windsor""},{""company_number"":""13563798"",""entity_name"":""ALL STAR MAIDENHEAD FC LTD"",""company_status"":""dissolved"",""sic_codes"":""93120"",""score"":19,""why"":""SIC 93120 (sport club); dissolved; named FC; the club's place name only; names something the club does not: all, star""}]"
maidstone-united-fc	Maidstone United	6	chosen	03720814	MAIDSTONE UNITED FOOTBALL CLUB LTD	active	93120	112	43	SIC 93120 (sport club); active; named a football club; every word of the club's name			"[{""company_number"":""15290018"",""entity_name"":""CIVIL SERVICE CLUB MAIDSTONE LIMITED"",""company_status"":""active"",""sic_codes"":""93120,93290"",""score"":69,""why"":""SIC 93120 (sport club); active; the club's place name only; names something the club does not: civil, service; nothing in the name says football""},{""company_number"":""17179628"",""entity_name"":""MAIDSTONE PADEL CLUB LIMITED"",""company_status"":""active"",""sic_codes"":""93120"",""score"":69,""why"":""SIC 93120 (sport club); active; the club's place name only; names something the club does not: padel; nothing in the name says football""},{""company_number"":""06402198"",""entity_name"":""MAIDSTONE UNITED FOOTBALL CLUB HOLDINGS LIMITED"",""company_status"":""active"",""sic_codes"":""70100"",""score"":66,""why"":""active; named a football club; holding company; every word of the club's name""}]"
marine-fc	Marine	6	chosen	16221014	MARINE ASSOCIATION FOOTBALL CLUB LIMITED	active	93110,93120	112	43	SIC 93120 (sport club); active; named a football club; every word of the club's name			"[{""company_number"":""07728896"",""entity_name"":""PEPLOW MARINE LIMITED"",""company_status"":""active"",""sic_codes"":""93120"",""score"":69,""why"":""SIC 93120 (sport club); active; every word of the club's name; names something the club does not: peplow; nothing in the name says football""},{""company_number"":""12187415"",""entity_name"":""OZZY MARINE (UK) LTD"",""company_status"":""dissolved"",""sic_codes"":""47429,47640,93110,93120"",""score"":25,""why"":""SIC 93120 (sport club); dissolved; every word of the club's name; names something the club does not: ozzy, uk; nothing in the name says football""}]"
merthyr-tydfil-fc	Merthyr Tydfil	6	review	12823510	2668 CYFARTHFA RP MERTHYR TYDFIL LIMITED	active	93130	62	0	sport-adjacent SIC 93130; active; every word of the club's name; names something the club does not: cyfarthfa, rp; nothing in the name says football			"[{""company_number"":""07265492"",""entity_name"":""MERTHYR TYDFIL & DISTRICT MODEL ENGINEERING SOCIETY"",""company_status"":""active"",""sic_codes"":""93290"",""score"":62,""why"":""sport-adjacent SIC 93290; active; every word of the club's name; names something the club does not: district, engineering, model, society; nothing in the name says football""},{""company_number"":""RS000603"",""entity_name"":""THE MERTHYR TYDFIL BOROUGH CREDIT UNION LIMITED"",""company_status"":"""",""sic_codes"":"""",""score"":30,""why"":""every word of the club's name; names something the club does not: borough, credit, union""},{""company_number"":""03612963"",""entity_name"":""MERTHYR TYDFIL FOOTBALL CLUB LIMITED"",""company_status"":""liquidation"",""sic_codes"":""9262"",""score"":7,""why"":""liquidation; named a football club; every word of the club's name""}]"
morecambe-fc	Morecambe	6	chosen	00224792	MORECAMBE FOOTBALL CLUB.LIMITED	active	93120	172	147	SIC 93120 (sport club); active; named a football club; matches the entity these accounts were read from; every word of the club's name	Morecambe Football Club Limited		"[{""company_number"":""16627302"",""entity_name"":""AFC MORECAMBE LTD"",""company_status"":""dissolved"",""sic_codes"":""93120"",""score"":25,""why"":""SIC 93120 (sport club); dissolved; every word of the club's name""},{""company_number"":""14482504"",""entity_name"":""MORECAMBE GIRLS FOOTBALL CLUB LTD"",""company_status"":""dissolved"",""sic_codes"":""85510"",""score"":7,""why"":""dissolved; named a football club; every word of the club's name; names something the club does not: girls""}]"
oxford-city-fc	Oxford City	6	chosen	10757444	OXFORD CITY FOOTBALL CLUB 1882 LTD	active	93110	84	15	sport-adjacent SIC 93110; active; named a football club; every word of the club's name			"[{""company_number"":""11500991"",""entity_name"":""ARB OXFORD LTD"",""company_status"":""active"",""sic_codes"":""58142,93120,93290"",""score"":69,""why"":""SIC 93120 (sport club); active; the club's place name only; names something the club does not: arb; nothing in the name says football""},{""company_number"":""14274173"",""entity_name"":""OXFORD ATHLETIC FOOTBALL CLUB LIMITED"",""company_status"":""active"",""sic_codes"":""93120"",""score"":69,""why"":""SIC 93120 (sport club); active; named a football club; the club's place name only""},{""company_number"":""03127905"",""entity_name"":""OXFORD CITY FOOTBALL CLUB (TRADING) LIMITED"",""company_status"":""active"",""sic_codes"":""93110"",""score"":69,""why"":""sport-adjacent SIC 93110; active; named a football club; every word of the club's name; names something the club does not: trading""}]"
radcliffe-fc	Radcliffe	6	review	06609995	RADCLIFFE OLYMPIC FOOTBALL CLUB LIMITED	active	93120	69	7	SIC 93120 (sport club); active; named a football club; every word of the club's name; names something the club does not: olympic			"[{""company_number"":""15265400"",""entity_name"":""RADCLIFFE SPORTS VILLAGE LIMITED"",""company_status"":""active"",""sic_codes"":""93110"",""score"":62,""why"":""sport-adjacent SIC 93110; active; every word of the club's name; names something the club does not: village; nothing in the name says football""},{""company_number"":""02856860"",""entity_name"":""RADCLIFFE BOROUGH SPORTS & SOCIAL CLUB LIMITED"",""company_status"":""active"",""sic_codes"":""93110"",""score"":27,""why"":""sport-adjacent SIC 93110; active; names a body attached to a club, not the club; every word of the club's name; names something the club does not: borough, social""},{""company_number"":""13994690"",""entity_name"":""RADCLIFFE FC ACADEMY LIMITED"",""company_status"":""active"",""sic_codes"":""85510"",""score"":27,""why"":""active; named FC; names a body attached to a club, not the club; every word of the club's name; names something the club does not: academy""}]"
salisbury-city-fc	Salisbury City	6	review	12962324	BABY SQUIDS SALISBURY LTD	active	93120	69	0	SIC 93120 (sport club); active; the club's place name only; names something the club does not: baby, squids; nothing in the name says football			"[{""company_number"":""11484340"",""entity_name"":""SALISBURY RFC (TRADING) LTD"",""company_status"":""active"",""sic_codes"":""93110,93120,93199"",""score"":69,""why"":""SIC 93120 (sport club); active; the club's place name only; names something the club does not: rfc, trading; nothing in the name says football""},{""company_number"":""16125931"",""entity_name"":""SALISBURY CITY HALL LTD"",""company_status"":""active"",""sic_codes"":""93290"",""score"":62,""why"":""sport-adjacent SIC 93290; active; every word of the club's name; names something the club does not: hall""},{""company_number"":""09342954"",""entity_name"":""SALISBURY FC LIMITED"",""company_status"":""active"",""sic_codes"":""93110"",""score"":56,""why"":""sport-adjacent SIC 93110; active; named FC; the club's place name only""}]"
scarborough-fc	Scarborough	6	review	15139797	SCARBOROUGH BOARDRIDERS CLUB COMMUNITY INTEREST COMPANY	active	85510,93120	69	7	SIC 93120 (sport club); active; every word of the club's name; names something the club does not: boardriders; nothing in the name says football			"[{""company_number"":""IP30123R"",""entity_name"":""SCARBOROUGH ATHLETIC FC SOCIETY LIMITED"",""company_status"":""active"",""sic_codes"":"""",""score"":62,""why"":""active; named FC; every word of the club's name; names something the club does not: society""},{""company_number"":""10059662"",""entity_name"":""SCARBOROUGH SOUTH CLIFF TRADING LIMITED"",""company_status"":""active"",""sic_codes"":""93110"",""score"":62,""why"":""sport-adjacent SIC 93110; active; every word of the club's name; names something the club does not: cliff, south, trading; nothing in the name says football""},{""company_number"":""07862472"",""entity_name"":""SCARBOROUGH ATHLETIC FOOTBALL CLUB LIMITED"",""company_status"":""dissolved"",""sic_codes"":""93120"",""score"":47,""why"":""SIC 93120 (sport club); dissolved; named a football club; every word of the club's name""}]"
slough-town-fc	Slough Town	6	chosen	14896460	SLOUGH TOWN FC COMMUNITY CIC	active	93120	102	33	SIC 93120 (sport club); active; named FC; every word of the club's name			"[{""company_number"":""16466737"",""entity_name"":""LIL BALLERS SLOUGH LTD"",""company_status"":""active"",""sic_codes"":""93120"",""score"":69,""why"":""SIC 93120 (sport club); active; the club's place name only; names something the club does not: ballers, lil; nothing in the name says football""},{""company_number"":""04731661"",""entity_name"":""SLOUGH MARTIAL ARTS PROMOTIONS LIMITED"",""company_status"":""active"",""sic_codes"":""93120"",""score"":69,""why"":""SIC 93120 (sport club); active; the club's place name only; names something the club does not: arts, martial, promotions; nothing in the name says football""},{""company_number"":""10712748"",""entity_name"":""SLOUGH TOWN JUNIOR FOOTBALL CLUB LIMITED"",""company_status"":""active"",""sic_codes"":""93120"",""score"":69,""why"":""SIC 93120 (sport club); active; named a football club; names a body attached to a club, not the club; every word of the club's name; names something the club does not: junior""}]"
south-shields-fc	South Shields	6	review	09651123	SOUTH SHIELDS FOOTBALL CLUB 1888 LIMITED	active	93110	84	12	sport-adjacent SIC 93110; active; named a football club; every word of the club's name			"[{""company_number"":""12291987"",""entity_name"":""SOUTH SHIELDS FOOTBALL CLUB GROUP LIMITED"",""company_status"":""active"",""sic_codes"":""64209"",""score"":72,""why"":""active; named a football club; every word of the club's name""},{""company_number"":""10580455"",""entity_name"":""SOUTH SHIELDS FOOTBALL CLUB LIMITED"",""company_status"":""active"",""sic_codes"":""41100"",""score"":72,""why"":""active; named a football club; every word of the club's name""},{""company_number"":""10257450"",""entity_name"":""SOUTH SHIELDS FC FOUNDATION LIMITED"",""company_status"":""active"",""sic_codes"":""93120"",""score"":67,""why"":""SIC 93120 (sport club); active; named FC; names a body attached to a club, not the club; every word of the club's name; names something the club does not: foundation""}]"
southport-fc	Southport	6	chosen	01486711	SOUTHPORT FOOTBALL CLUB LIMITED	active	93110,93120	112	43	SIC 93120 (sport club); active; named a football club; every word of the club's name			"[{""company_number"":""10266115"",""entity_name"":""SOUTHPORT & BIRKDALE SPORTS CLUB LIMITED"",""company_status"":""active"",""sic_codes"":""93120"",""score"":69,""why"":""SIC 93120 (sport club); active; every word of the club's name; names something the club does not: birkdale; nothing in the name says football""},{""company_number"":""01410904"",""entity_name"":""SOUTHPORT AND MERSEYSIDE AERO CLUB (1979) LIMITED"",""company_status"":""active"",""sic_codes"":""93120"",""score"":69,""why"":""SIC 93120 (sport club); active; every word of the club's name; names something the club does not: aero, merseyside; nothing in the name says football""},{""company_number"":""15438699"",""entity_name"":""SOUTHPORT ATHLETIC JUNIOR FOOTBALL CLUB"",""company_status"":""active"",""sic_codes"":""93110,93120"",""score"":69,""why"":""SIC 93120 (sport club); active; named a football club; names a body attached to a club, not the club; every word of the club's name; names something the club does not: junior""}]"
spalding-united-fc	Spalding United	6	chosen	10866357	SPALDING UNITED FOOTBALL CLUB (2017) LTD	active	93120	112	43	SIC 93120 (sport club); active; named a football club; every word of the club's name			"[{""company_number"":""03121690"",""entity_name"":""PETERBOROUGH AND SPALDING GLIDING CLUB LIMITED"",""company_status"":""active"",""sic_codes"":""52230,93120"",""score"":69,""why"":""SIC 93120 (sport club); active; the club's place name only; names something the club does not: gliding, peterborough; nothing in the name says football""},{""company_number"":""15803846"",""entity_name"":""SPALDING TOWN YOUTH FOOTBALL CLUB LTD"",""company_status"":""active"",""sic_codes"":""93199"",""score"":31,""why"":""sport-adjacent SIC 93199; active; named a football club; names a body attached to a club, not the club; the club's place name only; names something the club does not: town, youth""},{""company_number"":""07732892"",""entity_name"":""SPALDING FOOTBALL LIMITED"",""company_status"":""dissolved"",""sic_codes"":""93120"",""score"":7,""why"":""SIC 93120 (sport club); dissolved; the club's place name only""}]"
spennymoor-town-fc	Spennymoor Town	6	review	05002706	SPENNYMOOR TOWN FC LTD.	active	93199	74	5	sport-adjacent SIC 93199; active; named FC; every word of the club's name			"[{""company_number"":""16450555"",""entity_name"":""SPENNYMOOR TOWN YOUTH FOOTBALL CLUB CIC"",""company_status"":""active"",""sic_codes"":""93120"",""score"":69,""why"":""SIC 93120 (sport club); active; named a football club; names a body attached to a club, not the club; every word of the club's name; names something the club does not: youth""},{""company_number"":""06775990"",""entity_name"":""ST. PAULS (SPENNYMOOR) CENTRE LIMITED"",""company_status"":""active"",""sic_codes"":""56102,90020,93290"",""score"":44,""why"":""sport-adjacent SIC 93290; active; the club's place name only; names something the club does not: centre, pauls, st; nothing in the name says football""},{""company_number"":""08837295"",""entity_name"":""SPENNYMOOR TOWN FC COMMUNITY CLUB HOUSE PLC"",""company_status"":""dissolved"",""sic_codes"":""93120"",""score"":37,""why"":""SIC 93120 (sport club); dissolved; named FC; every word of the club's name; names something the club does not: house""}]"
tonbridge-angels-fc	Tonbridge Angels	6	chosen	IP032445	TONBRIDGE ANGELS FOOTBALL CLUB LIMITED	active		72	25	active; named a football club; every word of the club's name			"[{""company_number"":""03140104"",""entity_name"":""TONBRIDGE ANGELS FOOTBALL CLUB LIMITED"",""company_status"":""converted-closed"",""sic_codes"":""93120"",""score"":47,""why"":""SIC 93120 (sport club); converted-closed; named a football club; every word of the club's name""}]"
torquay-united-fc	Torquay United	6	chosen	00175954	TORQUAY UNITED ASSOCIATION FOOTBALL CLUB LIMITED (THE)	active	93110	84	15	sport-adjacent SIC 93110; active; named a football club; every word of the club's name			"[{""company_number"":""10600290"",""entity_name"":""TORQUAY COMPANY OF ARCHERS LIMITED"",""company_status"":""active"",""sic_codes"":""93110,93120"",""score"":69,""why"":""SIC 93120 (sport club); active; the club's place name only; names something the club does not: archers, of; nothing in the name says football""},{""company_number"":""06618877"",""entity_name"":""TORQUAY UNITED COMMUNITY SPORTS TRUST LTD"",""company_status"":""active"",""sic_codes"":""93120"",""score"":55,""why"":""SIC 93120 (sport club); active; names a body attached to a club, not the club; every word of the club's name; names something the club does not: trust""},{""company_number"":""09143719"",""entity_name"":""ALEXANDRA LODGE TORQUAY RTM COMPANY LIMITED"",""company_status"":""active"",""sic_codes"":"""",""score"":32,""why"":""active; the club's place name only; names something the club does not: alexandra, lodge, rtm""}]"
truro-city-fc	Truro City	6	chosen	05269610	TRURO CITY FOOTBALL CLUB LIMITED	active	93120	112	50	SIC 93120 (sport club); active; named a football club; every word of the club's name			"[{""company_number"":""17099374"",""entity_name"":""TRURO CITY FOOTBALL IN THE COMMUNITY"",""company_status"":""active"",""sic_codes"":""85510,86900,93199"",""score"":62,""why"":""sport-adjacent SIC 93199; active; every word of the club's name; names something the club does not: in""},{""company_number"":""04313219"",""entity_name"":""CITY WHARF (TRURO) MANAGEMENT COMPANY LIMITED"",""company_status"":""active"",""sic_codes"":""98000"",""score"":50,""why"":""active; every word of the club's name; names something the club does not: management, wharf""},{""company_number"":""08574636"",""entity_name"":""TRURO PAINTBALL LIMITED"",""company_status"":""active"",""sic_codes"":""93290"",""score"":44,""why"":""sport-adjacent SIC 93290; active; the club's place name only; names something the club does not: paintball; nothing in the name says football""}]"
walton-and-hersham-fc	Walton & Hersham	6	review	12031468	WALTON AND HERSHAM 2019 LIMITED	active	93120	69	2	SIC 93120 (sport club); active; every word of the club's name; nothing in the name says football			"[{""company_number"":""13528629"",""entity_name"":""WALTON & HERSHAM YOUTH FC LTD"",""company_status"":""active"",""sic_codes"":""93120"",""score"":67,""why"":""SIC 93120 (sport club); active; named FC; names a body attached to a club, not the club; every word of the club's name; names something the club does not: youth""}]"
weston-super-mare-fc	Weston-super-Mare	6	chosen	01657163	WESTON-SUPER-MARE ASSOCIATION FOOTBALL CLUB LIMITED	active	93120	112	62	SIC 93120 (sport club); active; named a football club; every word of the club's name			"[{""company_number"":""00994704"",""entity_name"":""'VILLA ROSA' (WESTON-SUPER-MARE) MANAGEMENT COMPANY LIMITED"",""company_status"":""active"",""sic_codes"":""98000"",""score"":50,""why"":""active; every word of the club's name; names something the club does not: management, rosa, villa""},{""company_number"":""01188857"",""entity_name"":""ALEXANDRA COURT MAINTENANCE COMPANY (WESTON-SUPER-MARE) LIMITED"",""company_status"":""active"",""sic_codes"":""98000"",""score"":50,""why"":""active; every word of the club's name; names something the club does not: alexandra, court, maintenance""},{""company_number"":""03612818"",""entity_name"":""THE WESTON-SUPER-MARE TOWN CENTRE PARTNERSHIP COMPANY LIMITED"",""company_status"":""active"",""sic_codes"":""94990"",""score"":50,""why"":""active; every word of the club's name; names something the club does not: centre, partnership, town""}]"
worksop-town-fc	Worksop Town	6	review	07089517	WORKSOP TOWN FOOTBALL CLUB LIMITED	active	93199	84	10	sport-adjacent SIC 93199; active; named a football club; every word of the club's name			"[{""company_number"":""06188484"",""entity_name"":""WORKSOP TOWN FC LIMITED"",""company_status"":""active"",""sic_codes"":""93199"",""score"":74,""why"":""sport-adjacent SIC 93199; active; named FC; every word of the club's name""},{""company_number"":""17098201"",""entity_name"":""TOPTIER PADEL WORKSOP LTD"",""company_status"":""active"",""sic_codes"":""93110,93120,93199"",""score"":69,""why"":""SIC 93120 (sport club); active; the club's place name only; names something the club does not: padel, toptier; nothing in the name says football""},{""company_number"":""14487632"",""entity_name"":""WORKSOP COLLEGE PINES LIMITED"",""company_status"":""active"",""sic_codes"":""93120"",""score"":69,""why"":""SIC 93120 (sport club); active; the club's place name only; names something the club does not: college, pines; nothing in the name says football""}]"
afc-whyteleafe-fc	AFC Whyteleafe	7	chosen	13541346	AFC WHYTELEAFE LIMITED	active	93120	105	36	SIC 93120 (sport club); active; name matches exactly			"[{""company_number"":""12225146"",""entity_name"":""WHYTELEAFE FOOTBALL CLUB LTD"",""company_status"":""active"",""sic_codes"":""93120"",""score"":69,""why"":""SIC 93120 (sport club); active; named a football club; the club's place name only""},{""company_number"":""13641565"",""entity_name"":""WHYTELEAFE YOUTH FC LTD"",""company_status"":""active"",""sic_codes"":""93110,93120"",""score"":49,""why"":""SIC 93120 (sport club); active; named FC; names a body attached to a club, not the club; the club's place name only; names something the club does not: youth""},{""company_number"":""15750141"",""entity_name"":""WHYTELEAFE FOOTBALL GROUND MANAGEMENT LIMITED"",""company_status"":""active"",""sic_codes"":""93110"",""score"":44,""why"":""sport-adjacent SIC 93110; active; the club's place name only; names something the club does not: ground, management""}]"
ap-leamington-fc	AP Leamington	7	not_found						0				[]
alfreton-town-fc	Alfreton Town	7	chosen	17141243	ALFRETON TOWN FC	active	93120	102	18	SIC 93120 (sport club); active; named FC; every word of the club's name			"[{""company_number"":""02011224"",""entity_name"":""ALFRETON TOWN FOOTBALL CLUB LIMITED"",""company_status"":""active"",""sic_codes"":""93110"",""score"":84,""why"":""sport-adjacent SIC 93110; active; named a football club; every word of the club's name""}]"
alvechurch-fc	Alvechurch	7	review	03031058	ALVECHURCH FOOTBALL CLUB LIMITED	active	93110	84	10	sport-adjacent SIC 93110; active; named a football club; every word of the club's name			"[{""company_number"":""14533136"",""entity_name"":""ALVECHURCH FC COMMUNITY LTD"",""company_status"":""active"",""sic_codes"":""93110"",""score"":74,""why"":""sport-adjacent SIC 93110; active; named FC; every word of the club's name""},{""company_number"":""CE031987"",""entity_name"":""ALVECHURCH FC COMMUNITY FOUNDATION"",""company_status"":"""",""sic_codes"":"""",""score"":7,""why"":""named FC; names a body attached to a club, not the club; every word of the club's name; names something the club does not: foundation""}]"
anstey-nomads-fc	Anstey Nomads	7	chosen	17366750	ANSTEY NOMADS FOOTBALL CLUB CIC	active	93199	84	15	sport-adjacent SIC 93199; active; named a football club; every word of the club's name			"[{""company_number"":""17377636"",""entity_name"":""ANSTEY NOMADS FOOTBALL CLUB LEISURE LTD"",""company_status"":""active"",""sic_codes"":""93120"",""score"":69,""why"":""SIC 93120 (sport club); active; named a football club; every word of the club's name; names something the club does not: leisure""}]"
ashton-united-fc	Ashton United	7	chosen	02471345	ASHTON UNITED FOOTBALL CLUB LIMITED	active	93120	112	43	SIC 93120 (sport club); active; named a football club; every word of the club's name			"[{""company_number"":""15744999"",""entity_name"":""ASHTON FOOTBALL CLUB LIMITED"",""company_status"":""active"",""sic_codes"":""93110,93120,93199"",""score"":69,""why"":""SIC 93120 (sport club); active; named a football club; the club's place name only""},{""company_number"":""14373820"",""entity_name"":""ASHTON NINTAI KARATE CIC"",""company_status"":""active"",""sic_codes"":""93120"",""score"":69,""why"":""SIC 93120 (sport club); active; the club's place name only; names something the club does not: karate, nintai; nothing in the name says football""},{""company_number"":""11293989"",""entity_name"":""ASHTON ON MERSEY FOOTBALL CLUB LTD"",""company_status"":""active"",""sic_codes"":""93120"",""score"":69,""why"":""SIC 93120 (sport club); active; named a football club; the club's place name only; names something the club does not: mersey, on""}]"
aveley-fc	Aveley	7	chosen	08943550	AVELEY FOOTBALL CLUB LIMITED	active	93110	84	15	sport-adjacent SIC 93110; active; named a football club; every word of the club's name			"[{""company_number"":""07674755"",""entity_name"":""AVELEY LEISURE LTD"",""company_status"":""active"",""sic_codes"":""93120"",""score"":69,""why"":""SIC 93120 (sport club); active; every word of the club's name; names something the club does not: leisure; nothing in the name says football""}]"
avro-fc	Avro	7	chosen	14924163	AVRO COMMUNITY FOOTBALL CLUB LIMITED	active	93110,93120	112	43	SIC 93120 (sport club); active; named a football club; every word of the club's name			"[{""company_number"":""14931069"",""entity_name"":""AVRO FC FIRST TEAM LIMITED"",""company_status"":""active"",""sic_codes"":""93110,93120"",""score"":69,""why"":""SIC 93120 (sport club); active; named FC; every word of the club's name; names something the club does not: first, team""},{""company_number"":""08835674"",""entity_name"":""AVRO YACHTING LIMITED"",""company_status"":""active"",""sic_codes"":""93199"",""score"":62,""why"":""sport-adjacent SIC 93199; active; every word of the club's name; names something the club does not: yachting; nothing in the name says football""},{""company_number"":""12499751"",""entity_name"":""AVRO FC CIC"",""company_status"":""dissolved"",""sic_codes"":""93110"",""score"":9,""why"":""sport-adjacent SIC 93110; dissolved; named FC; every word of the club's name""}]"
bamber-bridge-fc	Bamber Bridge	7	chosen	17435861	BAMBER BRIDGE FC LIMITED	active	93110,93120	102	30	SIC 93120 (sport club); active; named FC; every word of the club's name			"[{""company_number"":""IP032000"",""entity_name"":""BAMBER BRIDGE FOOTBALL CLUB LIMITED"",""company_status"":""active"",""sic_codes"":"""",""score"":72,""why"":""active; named a football club; every word of the club's name""},{""company_number"":""16868823"",""entity_name"":""B K BAMBER BRIDGE LIMITED"",""company_status"":""active"",""sic_codes"":""93130"",""score"":62,""why"":""sport-adjacent SIC 93130; active; every word of the club's name; names something the club does not: b, k; nothing in the name says football""},{""company_number"":""12347402"",""entity_name"":""JOHNBOYS MENS FITNESS BAMBER BRIDGE LTD"",""company_status"":""active"",""sic_codes"":""86900,93130"",""score"":62,""why"":""sport-adjacent SIC 93130; active; every word of the club's name; names something the club does not: fitness, johnboys, mens; nothing in the name says football""}]"
banbury-united-fc	Banbury United	7	review	RS007135	BANBURY UNITED COMMUNITY FOOTBALL CLUB LIMITED	active		72	3	active; named a football club; every word of the club's name			"[{""company_number"":""07078216"",""entity_name"":""THE WILLOWS BANBURY LIMITED"",""company_status"":""active"",""sic_codes"":""93120"",""score"":69,""why"":""SIC 93120 (sport club); active; the club's place name only; names something the club does not: willows; nothing in the name says football""},{""company_number"":""11832287"",""entity_name"":""BANBURY MARTIAL ARTS CENTRE LTD"",""company_status"":""active"",""sic_codes"":""93199"",""score"":44,""why"":""sport-adjacent SIC 93199; active; the club's place name only; names something the club does not: arts, centre, martial; nothing in the name says football""},{""company_number"":""03199595"",""entity_name"":""BANBURY UNITED (1996) LIMITED"",""company_status"":""dissolved"",""sic_codes"":""93120"",""score"":25,""why"":""SIC 93120 (sport club); dissolved; every word of the club's name""}]"
basingstoke-town-fc	Basingstoke Town	7	chosen	04259233	BASINGSTOKE TOWN LIMITED	active	93120	105	36	SIC 93120 (sport club); active; name matches exactly			"[{""company_number"":""14542104"",""entity_name"":""BASINGSTOKE & MIDHANTS ATHLETIC CLUB"",""company_status"":""active"",""sic_codes"":""93120"",""score"":69,""why"":""SIC 93120 (sport club); active; the club's place name only; names something the club does not: midhants""},{""company_number"":""11506491"",""entity_name"":""BASINGSTOKE SPORTS CLUB LIMITED"",""company_status"":""active"",""sic_codes"":""93120"",""score"":69,""why"":""SIC 93120 (sport club); active; the club's place name only; nothing in the name says football""},{""company_number"":""17253398"",""entity_name"":""PFPL PROJECTS (BASINGSTOKE AND DEANE) LIMITED"",""company_status"":""active"",""sic_codes"":""93120"",""score"":69,""why"":""SIC 93120 (sport club); active; the club's place name only; names something the club does not: deane, pfpl, projects; nothing in the name says football""}]"
bath-city-fc	Bath City	7	chosen	00176565	BATH CITY FOOTBALL CLUB,LIMITED	active	93120	112	43	SIC 93120 (sport club); active; named a football club; every word of the club's name			"[{""company_number"":""03752379"",""entity_name"":""BATH CANOE CLUB LIMITED"",""company_status"":""active"",""sic_codes"":""93120"",""score"":69,""why"":""SIC 93120 (sport club); active; the club's place name only; names something the club does not: canoe; nothing in the name says football""},{""company_number"":""15852957"",""entity_name"":""BATH CITY YOUTH FOOTBALL CLUB LTD"",""company_status"":""active"",""sic_codes"":""93120"",""score"":69,""why"":""SIC 93120 (sport club); active; named a football club; names a body attached to a club, not the club; every word of the club's name; names something the club does not: youth""},{""company_number"":""17049368"",""entity_name"":""BATH PADEL CLUB LIMITED"",""company_status"":""active"",""sic_codes"":""93120"",""score"":69,""why"":""SIC 93120 (sport club); active; the club's place name only; names something the club does not: padel; nothing in the name says football""}]"
berkhamsted-fc	Berkhamsted	7	chosen	06836819	BERKHAMSTED FOOTBALL CLUB LIMITED	active	93120	112	28	SIC 93120 (sport club); active; named a football club; every word of the club's name			"[{""company_number"":""15402887"",""entity_name"":""BERKHAMSTED ATHLETIC FOOTBALL CLUB LTD"",""company_status"":""active"",""sic_codes"":""85510,93110,93199"",""score"":84,""why"":""sport-adjacent SIC 93110,93199; active; named a football club; every word of the club's name""},{""company_number"":""03182776"",""entity_name"":""BERKHAMSTED TOWN HALL TRADING LIMITED"",""company_status"":""active"",""sic_codes"":""47990"",""score"":50,""why"":""active; every word of the club's name; names something the club does not: hall, town, trading""},{""company_number"":""15084766"",""entity_name"":""BERKHAMSTED FC SUPPORTERS CLUB LIMITED"",""company_status"":""active"",""sic_codes"":""94990"",""score"":27,""why"":""active; named FC; names a body attached to a club, not the club; every word of the club's name; names something the club does not: supporters""}]"
bishops-stortford-fc	Bishop's Stortford	7	chosen	02489097	BISHOP'S STORTFORD FOOTBALL CLUB LIMITED	active	93120	112	50	SIC 93120 (sport club); active; named a football club; every word of the club's name			"[{""company_number"":""12887926"",""entity_name"":""BABYBALLERS BISHOP'S STORTFORD LIMITED"",""company_status"":""active"",""sic_codes"":""93199"",""score"":62,""why"":""sport-adjacent SIC 93199; active; every word of the club's name; names something the club does not: babyballers; nothing in the name says football""},{""company_number"":""16496311"",""entity_name"":""HOTPOD YOGA BISHOP'S STORTFORD LIMITED"",""company_status"":""active"",""sic_codes"":""93130"",""score"":62,""why"":""sport-adjacent SIC 93130; active; every word of the club's name; names something the club does not: hotpod, yoga; nothing in the name says football""},{""company_number"":""17319869"",""entity_name"":""REVAMP BISHOP'S STORTFORD LTD"",""company_status"":""active"",""sic_codes"":""93130"",""score"":62,""why"":""sport-adjacent SIC 93130; active; every word of the club's name; names something the club does not: revamp; nothing in the name says football""}]"
bracknell-town-fc	Bracknell Town	7	chosen	06582828	BRACKNELL TOWN FOOTBALL CLUB LIMITED	active	93120	112	43	SIC 93120 (sport club); active; named a football club; every word of the club's name			"[{""company_number"":""13748645"",""entity_name"":""BRACKNELL BISONS F.C. LTD"",""company_status"":""active"",""sic_codes"":""93120"",""score"":69,""why"":""SIC 93120 (sport club); active; the club's place name only; names something the club does not: bisons, c, f; nothing in the name says football""},{""company_number"":""16439984"",""entity_name"":""BRACKNELL TOWN FC THE ROBINS LIMITED"",""company_status"":""active"",""sic_codes"":""93120"",""score"":69,""why"":""SIC 93120 (sport club); active; named FC; every word of the club's name; names something the club does not: robins""},{""company_number"":""13008875"",""entity_name"":""CROSSFIT BRACKNELL LTD"",""company_status"":""active"",""sic_codes"":""93130"",""score"":44,""why"":""sport-adjacent SIC 93130; active; the club's place name only; names something the club does not: crossfit; nothing in the name says football""}]"
brentwood-town-fc	Brentwood Town	7	chosen	15742627	BRENTWOOD TOWN FOOTBALL CLUB CIC	active	93120	112	43	SIC 93120 (sport club); active; named a football club; every word of the club's name			"[{""company_number"":""03145349"",""entity_name"":""BRENTWOOD PARK KARTING CENTRE LIMITED"",""company_status"":""active"",""sic_codes"":""93120"",""score"":69,""why"":""SIC 93120 (sport club); active; the club's place name only; names something the club does not: centre, karting, park; nothing in the name says football""},{""company_number"":""12484696"",""entity_name"":""BRENTWOOD TOWN FC LIMITED"",""company_status"":""dissolved"",""sic_codes"":""93120"",""score"":37,""why"":""SIC 93120 (sport club); dissolved; named FC; every word of the club's name""},{""company_number"":""10638112"",""entity_name"":""BRENTWOOD TOWN FOOTBALL CLUB LIMITED"",""company_status"":""dissolved"",""sic_codes"":""74990"",""score"":7,""why"":""dissolved; named a football club; every word of the club's name""}]"
bromsgrove-rovers-fc	Bromsgrove Rovers	7	chosen	07737827	BROMSGROVE ROVERS FOOTBALL CLUB LIMITED	active	93120	112	43	SIC 93120 (sport club); active; named a football club; every word of the club's name			"[{""company_number"":""10385809"",""entity_name"":""BROMSGROVE BOATERS LIMITED"",""company_status"":""active"",""sic_codes"":""93120"",""score"":69,""why"":""SIC 93120 (sport club); active; the club's place name only; names something the club does not: boaters; nothing in the name says football""},{""company_number"":""16997669"",""entity_name"":""BROMSGROVE SPORTING FC HOLDINGS LIMITED"",""company_status"":""active"",""sic_codes"":""93120"",""score"":69,""why"":""SIC 93120 (sport club); active; named FC; holding company; the club's place name only; names something the club does not: sporting""},{""company_number"":""17199215"",""entity_name"":""BROMSGROVE SPORTING COLTS FC LIMITED"",""company_status"":""active"",""sic_codes"":""93199"",""score"":56,""why"":""sport-adjacent SIC 93199; active; named FC; the club's place name only; names something the club does not: colts, sporting""}]"
burgess-hill-town-fc	Burgess Hill Town	7	chosen	03969979	BURGESS HILL TOWN FOOTBALL CLUB LIMITED	active	93199	84	22	sport-adjacent SIC 93199; active; named a football club; every word of the club's name			"[{""company_number"":""15019040"",""entity_name"":""BURGESS HILL TOWN F C GROUP LIMITED"",""company_status"":""active"",""sic_codes"":""93110"",""score"":62,""why"":""sport-adjacent SIC 93110; active; every word of the club's name; names something the club does not: c, f""},{""company_number"":""15758441"",""entity_name"":""BURGESS HILL TOWN F C JUNIORS LIMITED"",""company_status"":""active"",""sic_codes"":""93120"",""score"":55,""why"":""SIC 93120 (sport club); active; names a body attached to a club, not the club; every word of the club's name; names something the club does not: c, f, juniors""},{""company_number"":""07945452"",""entity_name"":""BURGESS HILL YOUTH"",""company_status"":""active"",""sic_codes"":""93290"",""score"":9,""why"":""sport-adjacent SIC 93290; active; names a body attached to a club, not the club; the club's place name only; names something the club does not: youth; nothing in the name says football""}]"
bury-fc	Bury	7	chosen	12282928	BURY FOOTBALL CLUB (2019) LTD	active	93110,93120	112	40	SIC 93120 (sport club); active; named a football club; every word of the club's name			"[{""company_number"":""13907755"",""entity_name"":""THE BURY FOOTBALL CLUB COMPANY LIMITED"",""company_status"":""active"",""sic_codes"":""68100"",""score"":72,""why"":""active; named a football club; every word of the club's name""},{""company_number"":""11733162"",""entity_name"":""BURY FC HERITAGE LTD"",""company_status"":""active"",""sic_codes"":""93120"",""score"":69,""why"":""SIC 93120 (sport club); active; named FC; every word of the club's name; names something the club does not: heritage""},{""company_number"":""11733185"",""entity_name"":""BURY FC LEISURE LTD"",""company_status"":""active"",""sic_codes"":""93120"",""score"":69,""why"":""SIC 93120 (sport club); active; named FC; every word of the club's name; names something the club does not: leisure""}]"
bury-town-fc	Bury Town	7	chosen	03072392	BURY TOWN FOOTBALL CLUB (1995) LIMITED	active	93199	84	15	sport-adjacent SIC 93199; active; named a football club; every word of the club's name			"[{""company_number"":""11733162"",""entity_name"":""BURY FC HERITAGE LTD"",""company_status"":""active"",""sic_codes"":""93120"",""score"":69,""why"":""SIC 93120 (sport club); active; named FC; the club's place name only; names something the club does not: heritage""},{""company_number"":""11733185"",""entity_name"":""BURY FC LEISURE LTD"",""company_status"":""active"",""sic_codes"":""93120"",""score"":69,""why"":""SIC 93120 (sport club); active; named FC; the club's place name only; names something the club does not: leisure""},{""company_number"":""12282928"",""entity_name"":""BURY FOOTBALL CLUB (2019) LTD"",""company_status"":""active"",""sic_codes"":""93110,93120"",""score"":69,""why"":""SIC 93120 (sport club); active; named a football club; the club's place name only""}]"
carshalton-athletic-fc	Carshalton Athletic	7	review	05316320	CARSHALTON ATHLETIC F.C. LIMITED	active	93199	62	30	sport-adjacent SIC 93199; active; every word of the club's name; names something the club does not: c, f			"[{""company_number"":""IP08727R"",""entity_name"":""CARSHALTON UNITED EX-SERVICE CLUB LIMITED"",""company_status"":""active"",""sic_codes"":"""",""score"":32,""why"":""active; the club's place name only; names something the club does not: ex, service, united""}]"
chatham-town-fc	Chatham Town	7	chosen	03782627	CHATHAM TOWN FOOTBALL CLUB (2000) LIMITED	active	93120,93199	112	43	SIC 93120 (sport club); active; named a football club; every word of the club's name			"[{""company_number"":""12688658"",""entity_name"":""CHATHAM TOWN WOMEN FOOTBALL CLUB LTD"",""company_status"":""active"",""sic_codes"":""93120"",""score"":69,""why"":""SIC 93120 (sport club); active; named a football club; every word of the club's name; names something the club does not: women""},{""company_number"":""15238094"",""entity_name"":""SOUTH EAST CLIMBING - CHATHAM LIMITED"",""company_status"":""liquidation"",""sic_codes"":""93120"",""score"":7,""why"":""SIC 93120 (sport club); liquidation; the club's place name only; names something the club does not: climbing, east, south; nothing in the name says football""}]"
chertsey-town-fc	Chertsey Town	7	chosen	15757749	CHERTSEY TOWN FOOTBALL CLUB LIMITED	active	93120	112	93	SIC 93120 (sport club); active; named a football club; every word of the club's name			"[{""company_number"":""05845801"",""entity_name"":""CHERTSEY TOWN FOOTBALL CLUB 2007 LIMITED"",""company_status"":""dissolved"",""sic_codes"":""93110"",""score"":19,""why"":""sport-adjacent SIC 93110; dissolved; named a football club; every word of the club's name""}]"
cheshunt-fc	Cheshunt	7	review	09647308	CHESHUNT F.C. LIMITED	active	93120	69	0	SIC 93120 (sport club); active; every word of the club's name; names something the club does not: c, f; nothing in the name says football			"[{""company_number"":""07532736"",""entity_name"":""CHESHUNT SPORTS & LEISURE LIMITED"",""company_status"":""active"",""sic_codes"":""93120"",""score"":69,""why"":""SIC 93120 (sport club); active; every word of the club's name; names something the club does not: leisure; nothing in the name says football""},{""company_number"":""17149428"",""entity_name"":""ETHOS CHESHUNT LTD"",""company_status"":""active"",""sic_codes"":""93120"",""score"":69,""why"":""SIC 93120 (sport club); active; every word of the club's name; names something the club does not: ethos; nothing in the name says football""},{""company_number"":""14277609"",""entity_name"":""PRO ELITE FOOTBALL ACADEMY (CHESHUNT) LTD"",""company_status"":""active"",""sic_codes"":""85510,93120"",""score"":55,""why"":""SIC 93120 (sport club); active; names a body attached to a club, not the club; every word of the club's name; names something the club does not: academy, elite, pro""}]"
chichester-city-fc	Chichester City	7	review	04019731	CHICHESTER CITY & PORTFIELD UNITED FOOTBALL CLUB LIMITED	active	93120	69	0	SIC 93120 (sport club); active; named a football club; every word of the club's name; names something the club does not: portfield, united			"[{""company_number"":""11402709"",""entity_name"":""CHICHESTER COMMUNITY FOOTBALL CLUB MANAGEMENT LTD"",""company_status"":""active"",""sic_codes"":""93120"",""score"":69,""why"":""SIC 93120 (sport club); active; named a football club; the club's place name only; names something the club does not: management""},{""company_number"":""06482999"",""entity_name"":""CHICHESTER RACQUETS & FITNESS CLUB LIMITED"",""company_status"":""active"",""sic_codes"":""93110,93120,93130"",""score"":69,""why"":""SIC 93120 (sport club); active; the club's place name only; names something the club does not: fitness, racquets; nothing in the name says football""},{""company_number"":""01238153"",""entity_name"":""CHICHESTER YACHT CLUB LIMITED"",""company_status"":""active"",""sic_codes"":""56101,93120"",""score"":69,""why"":""SIC 93120 (sport club); active; the club's place name only; names something the club does not: yacht; nothing in the name says football""}]"
chippenham-town-fc	Chippenham Town	7	review	04599480	CHIPPENHAM TOWN FOOTBALL CLUB LIMITED	active	82990	72	3	active; named a football club; every word of the club's name			"[{""company_number"":""11089585"",""entity_name"":""CHIPPENHAM ARCHERS LIMITED"",""company_status"":""active"",""sic_codes"":""93120"",""score"":69,""why"":""SIC 93120 (sport club); active; the club's place name only; names something the club does not: archers; nothing in the name says football""},{""company_number"":""12550918"",""entity_name"":""CHIPPENHAM RIFLE AND PISTOL CLUB CIC"",""company_status"":""active"",""sic_codes"":""93120"",""score"":69,""why"":""SIC 93120 (sport club); active; the club's place name only; names something the club does not: pistol, rifle; nothing in the name says football""},{""company_number"":""16811916"",""entity_name"":""CHIPPENHAM CHAMBER AND TOWN TEAM CIC"",""company_status"":""active"",""sic_codes"":""82990"",""score"":50,""why"":""active; every word of the club's name; names something the club does not: chamber, team""}]"
cleethorpes-town-fc	Cleethorpes Town	7	review	16976814	EAST COAST PADEL CLEETHORPES LIMITED	active	93110,93120,93199	69	0	SIC 93120 (sport club); active; the club's place name only; names something the club does not: coast, east, padel; nothing in the name says football			"[{""company_number"":""00577262"",""entity_name"":""GRIMSBY AND CLEETHORPES YACHT CLUB LIMITED"",""company_status"":""active"",""sic_codes"":""93120"",""score"":69,""why"":""SIC 93120 (sport club); active; the club's place name only; names something the club does not: grimsby, yacht; nothing in the name says football""},{""company_number"":""16758745"",""entity_name"":""CLEETHORPES SPORTS BAR LTD"",""company_status"":""active"",""sic_codes"":""56302,93110"",""score"":44,""why"":""sport-adjacent SIC 93110; active; the club's place name only; names something the club does not: bar; nothing in the name says football""},{""company_number"":""07788335"",""entity_name"":""PLAYTOWERS ( CLEETHORPES ) LIMITED"",""company_status"":""active"",""sic_codes"":""93290"",""score"":44,""why"":""sport-adjacent SIC 93290; active; the club's place name only; names something the club does not: playtowers; nothing in the name says football""}]"
cray-wanderers-fc	Cray Wanderers	7	chosen	05228510	CRAY WANDERERS FOOTBALL CLUB LIMITED	active	82990	72	16	active; named a football club; every word of the club's name			"[{""company_number"":""12096598"",""entity_name"":""CRAY VALLEY (PM) FC LIMITED"",""company_status"":""active"",""sic_codes"":""93199"",""score"":56,""why"":""sport-adjacent SIC 93199; active; named FC; the club's place name only; names something the club does not: pm, valley""},{""company_number"":""17197241"",""entity_name"":""FOOTS CRAY LIONS JFC (YOUTH) CIC"",""company_status"":""active"",""sic_codes"":""93120"",""score"":37,""why"":""SIC 93120 (sport club); active; names a body attached to a club, not the club; the club's place name only; names something the club does not: foots, jfc, lions, youth; nothing in the name says football""},{""company_number"":""IP09099R"",""entity_name"":""SIDCUP AND FOOTS CRAY UNITED SERVICES CLUB LIMITED"",""company_status"":""active"",""sic_codes"":"""",""score"":32,""why"":""active; the club's place name only; names something the club does not: foots, services, sidcup, united""}]"
curzon-ashton-fc	Curzon Ashton	7	chosen	IP29461R	CURZON ASHTON FOOTBALL CLUB LIMITED	active		72	53	active; named a football club; every word of the club's name			"[{""company_number"":""11020600"",""entity_name"":""CURZON ASHTON FOOTBALL CLUB COMMUNITY PITCH LIMITED"",""company_status"":""dissolved"",""sic_codes"":""93110"",""score"":19,""why"":""sport-adjacent SIC 93110; dissolved; named a football club; every word of the club's name; names something the club does not: pitch""}]"
dartford-fc	Dartford	7	review	10272864	DARTFORD DISTRICT SCHOOLS FA LIMITED	active	93120	69	0	SIC 93120 (sport club); active; every word of the club's name; names something the club does not: district, fa, schools; nothing in the name says football			"[{""company_number"":""11513090"",""entity_name"":""DARTFORD FOOTBALL CLUB COMMUNITY PROGRAMME CIC"",""company_status"":""active"",""sic_codes"":""85510,93110,93120"",""score"":69,""why"":""SIC 93120 (sport club); active; named a football club; every word of the club's name; names something the club does not: programme""},{""company_number"":""08051170"",""entity_name"":""DARTFORD FOOTBALL CLUB YOUTH DEVELOPMENT CENTRE C.I.C."",""company_status"":""active"",""sic_codes"":""93120"",""score"":69,""why"":""SIC 93120 (sport club); active; named a football club; names a body attached to a club, not the club; every word of the club's name; names something the club does not: c, centre, development, i, youth""},{""company_number"":""14054833"",""entity_name"":""DARTFORD HEALTH AND  SPORTS CLUB"",""company_status"":""active"",""sic_codes"":""93120,94990"",""score"":69,""why"":""SIC 93120 (sport club); active; every word of the club's name; names something the club does not: health; nothing in the name says football""}]"
dulwich-hamlet-fc	Dulwich Hamlet	7	chosen	02840930	DULWICH HAMLET FOOTBALL CLUB LIMITED	active	93110	84	15	sport-adjacent SIC 93110; active; named a football club; every word of the club's name			"[{""company_number"":""17430693"",""entity_name"":""DULWICH HAMLET FC IN THE COMMUNITY LTD"",""company_status"":""active"",""sic_codes"":""93199"",""score"":69,""why"":""sport-adjacent SIC 93199; active; named FC; every word of the club's name; names something the club does not: in""},{""company_number"":""IP29531R"",""entity_name"":""DULWICH HAMLET FOOTBALL COMMUNITY MUTUAL LIMITED"",""company_status"":""active"",""sic_codes"":"""",""score"":50,""why"":""active; every word of the club's name; names something the club does not: mutual""},{""company_number"":""07039800"",""entity_name"":""DULWICH HAMLET FC FOOTBALL IN THE COMMUNITY LTD"",""company_status"":""dissolved"",""sic_codes"":""93199"",""score"":9,""why"":""sport-adjacent SIC 93199; dissolved; named FC; every word of the club's name; names something the club does not: in""}]"
eastbourne-borough-fc	Eastbourne Borough	7	chosen	14875549	EASTBOURNE BOROUGH FOOTBALL CLUB 2023 LIMITED	active	93120	112	28	SIC 93120 (sport club); active; named a football club; every word of the club's name			"[{""company_number"":""06658232"",""entity_name"":""EASTBOURNE BOROUGH FOOTBALL CLUB CIC"",""company_status"":""active"",""sic_codes"":""93199"",""score"":84,""why"":""sport-adjacent SIC 93199; active; named a football club; every word of the club's name""},{""company_number"":""09052305"",""entity_name"":""EASTBOURNE ABC"",""company_status"":""active"",""sic_codes"":""93120"",""score"":69,""why"":""SIC 93120 (sport club); active; the club's place name only; names something the club does not: abc; nothing in the name says football""},{""company_number"":""15825871"",""entity_name"":""EASTBOURNE TRAMPOLINE LIMITED"",""company_status"":""active"",""sic_codes"":""93120"",""score"":69,""why"":""SIC 93120 (sport club); active; the club's place name only; names something the club does not: trampoline; nothing in the name says football""}]"
emley-fc	Emley	7	review	12325016	EMLEY MOOR RFL COMMUNITY INTEREST COMPANY	active	93120	69	0	SIC 93120 (sport club); active; every word of the club's name; names something the club does not: moor, rfl; nothing in the name says football			[]
enfield-fc	Enfield	7	chosen	06276464	ENFIELD FOOTBALL CLUB LIMITED	active	93120	112	43	SIC 93120 (sport club); active; named a football club; every word of the club's name			"[{""company_number"":""12147158"",""entity_name"":""ENFIELD CHACE SPORTS CLUB LIMITED"",""company_status"":""active"",""sic_codes"":""93120"",""score"":69,""why"":""SIC 93120 (sport club); active; every word of the club's name; names something the club does not: chace; nothing in the name says football""},{""company_number"":""16010723"",""entity_name"":""ENFIELD EAGLES LTD"",""company_status"":""active"",""sic_codes"":""93120"",""score"":69,""why"":""SIC 93120 (sport club); active; every word of the club's name; names something the club does not: eagles; nothing in the name says football""},{""company_number"":""05484322"",""entity_name"":""ENFIELD FOOTBALL CLUB FOOTBALL IN THE COMMUNITY LTD"",""company_status"":""active"",""sic_codes"":""49320"",""score"":69,""why"":""active; named a football club; every word of the club's name; names something the club does not: in""}]"
evesham-united-fc	Evesham United	7	review	16004936	EVESHAM DART COMPETITIONS LTD	active	93199	44	0	sport-adjacent SIC 93199; active; the club's place name only; names something the club does not: competitions, dart; nothing in the name says football			[]
fc-united-of-manchester-fc	FC United of Manchester	7	review	14686594	CITY OF MANCHESTER WRESTLING CLUB CIC	active	93120	69	25	SIC 93120 (sport club); active; the club's place name only; names something the club does not: city, wrestling			"[{""company_number"":""14964131"",""entity_name"":""MUSEUM OF ILLUSIONS MANCHESTER LTD"",""company_status"":""active"",""sic_codes"":""93290"",""score"":44,""why"":""sport-adjacent SIC 93290; active; the club's place name only; names something the club does not: illusions, museum; nothing in the name says football""},{""company_number"":""CE026533"",""entity_name"":""CITY OF MANCHESTER AQUATICS SWIM TEAM"",""company_status"":"""",""sic_codes"":"""",""score"":12,""why"":""the club's place name only; names something the club does not: aquatics, city, swim, team""},{""company_number"":""07458024"",""entity_name"":""FC UNITED OF MANCHESTER LIMITED"",""company_status"":""dissolved"",""sic_codes"":""99999"",""score"":12,""why"":""dissolved; named FC; name matches exactly""}]"
frome-town-fc	Frome Town	7	review	15825714	FROME TOWN UNITED FOOTBALL CLUB LTD	active	93120	69	7	SIC 93120 (sport club); active; named a football club; every word of the club's name; names something the club does not: united			"[{""company_number"":""07830601"",""entity_name"":""FROME TOWN AFC LIMITED"",""company_status"":""active"",""sic_codes"":""93199"",""score"":62,""why"":""sport-adjacent SIC 93199; active; every word of the club's name""},{""company_number"":""CE028599"",""entity_name"":""FROME POWERCHAIR FOOTBALL CLUB"",""company_status"":"""",""sic_codes"":"""",""score"":34,""why"":""named a football club; the club's place name only; names something the club does not: powerchair""},{""company_number"":""07846753"",""entity_name"":""ALEXANDRA GARDENS (FROME) MANAGEMENT COMPANY LIMITED"",""company_status"":""active"",""sic_codes"":"""",""score"":32,""why"":""active; the club's place name only; names something the club does not: alexandra, gardens, management""}]"
gainsborough-trinity-fc	Gainsborough Trinity	7	chosen	01004070	GAINSBOROUGH TRINITY FOOTBALL CLUB LIMITED	active	93110	84	22	sport-adjacent SIC 93110; active; named a football club; every word of the club's name			"[{""company_number"":""16779465"",""entity_name"":""GAINSBOROUGH TRINITY CIC"",""company_status"":""active"",""sic_codes"":""93199"",""score"":62,""why"":""sport-adjacent SIC 93199; active; every word of the club's name; nothing in the name says football""}]"
gloucester-city-fc	Gloucester City	7	review	01479143	GLOUCESTER CITY ASSOCIATION FOOTBALL CLUB (1980) LIMITED	active	93199	84	12	sport-adjacent SIC 93199; active; named a football club; every word of the club's name			"[{""company_number"":""03762902"",""entity_name"":""GLOUCESTER CITY FOOTBALL CLUB LIMITED"",""company_status"":""active"",""sic_codes"":""99999"",""score"":72,""why"":""active; named a football club; every word of the club's name""},{""company_number"":""15976450"",""entity_name"":""CHELTENHAM AND GLOUCESTER TRAIL RUNNERS LTD"",""company_status"":""active"",""sic_codes"":""93120"",""score"":69,""why"":""SIC 93120 (sport club); active; the club's place name only; names something the club does not: cheltenham, runners, trail; nothing in the name says football""},{""company_number"":""16366232"",""entity_name"":""JUST CAMPS GLOUCESTER LIMITED"",""company_status"":""active"",""sic_codes"":""88910,93120"",""score"":69,""why"":""SIC 93120 (sport club); active; the club's place name only; names something the club does not: camps, just; nothing in the name says football""}]"
gosport-borough-fc	Gosport Borough	7	chosen	09548843	GOSPORT BOROUGH FOOTBALL CLUB LIMITED	active	93120	112	50	SIC 93120 (sport club); active; named a football club; every word of the club's name			"[{""company_number"":""16522626"",""entity_name"":""GOSPORT BOROUGH STADIUM LIMITED"",""company_status"":""active"",""sic_codes"":""93110"",""score"":62,""why"":""sport-adjacent SIC 93110; active; every word of the club's name; names something the club does not: stadium""}]"
guiseley-afc	Guiseley	7	chosen	02629783	GUISELEY ASSOCIATION FOOTBALL CLUB LIMITED	active	93120	112	50	SIC 93120 (sport club); active; named a football club; every word of the club's name			"[{""company_number"":""13987704"",""entity_name"":""POWER PERSONAL TRAINING (GUISELEY) LTD"",""company_status"":""active"",""sic_codes"":""93130"",""score"":62,""why"":""sport-adjacent SIC 93130; active; every word of the club's name; names something the club does not: personal, power, training; nothing in the name says football""},{""company_number"":""11485432"",""entity_name"":""UNIT ONE GYM (GUISELEY) LTD"",""company_status"":""active"",""sic_codes"":""93110,93130"",""score"":62,""why"":""sport-adjacent SIC 93110,93130; active; every word of the club's name; names something the club does not: gym, one, unit; nothing in the name says football""},{""company_number"":""14298066"",""entity_name"":""GUISELEY GAZELLES CIC"",""company_status"":""dissolved"",""sic_codes"":""93120"",""score"":25,""why"":""SIC 93120 (sport club); dissolved; every word of the club's name; names something the club does not: gazelles; nothing in the name says football""}]"
halesowen-town-fc	Halesowen Town	7	chosen	07012137	HALESOWEN TOWN FOOTBALL CLUB 1873 LIMITED	active	93110	84	40	sport-adjacent SIC 93110; active; named a football club; every word of the club's name			"[{""company_number"":""15207117"",""entity_name"":""FOUNDRY GYM HALESOWEN LTD"",""company_status"":""active"",""sic_codes"":""93130"",""score"":44,""why"":""sport-adjacent SIC 93130; active; the club's place name only; names something the club does not: foundry, gym; nothing in the name says football""},{""company_number"":""10732034"",""entity_name"":""OQ PROJECTS (HALESOWEN) LTD"",""company_status"":""active"",""sic_codes"":""93130"",""score"":44,""why"":""sport-adjacent SIC 93130; active; the club's place name only; names something the club does not: oq, projects; nothing in the name says football""},{""company_number"":""02674812"",""entity_name"":""HALESOWEN TOWN FOOTBALL CLUB LIMITED"",""company_status"":""dissolved"",""sic_codes"":""9261"",""score"":7,""why"":""dissolved; named a football club; every word of the club's name""}]"
hanwell-town-fc	Hanwell Town	7	chosen	17342923	HANWELL TOWN FC LTD	active	93120	102	33	SIC 93120 (sport club); active; named FC; every word of the club's name			"[{""company_number"":""14976665"",""entity_name"":""HANWELL TOWN FOOTBALL CLUB C.I.C."",""company_status"":""active"",""sic_codes"":""93199"",""score"":69,""why"":""sport-adjacent SIC 93199; active; named a football club; every word of the club's name; names something the club does not: c, i""},{""company_number"":""11333314"",""entity_name"":""HANWELL CARNIVAL COMMUNITY INTEREST COMPANY"",""company_status"":""active"",""sic_codes"":""93290"",""score"":44,""why"":""sport-adjacent SIC 93290; active; the club's place name only; names something the club does not: carnival; nothing in the name says football""}]"
hanworth-villa-fc	Hanworth Villa	7	not_found						0				[]
havant-and-waterlooville-fc	Havant & Waterlooville	7	chosen	01967707	HAVANT AND WATERLOOVILLE FOOTBALL CLUB LIMITED	active	93110	84	0	sport-adjacent SIC 93110; active; named a football club; every word of the club's name			[]
hitchin-town-fc	Hitchin Town	7	review	06032225	HITCHIN TOWN COMMUNITY FOOTBALL CLUB LTD	active	93199	84	0	sport-adjacent SIC 93199; active; named a football club; every word of the club's name			"[{""company_number"":""03210431"",""entity_name"":""HITCHIN TOWN FOOTBALL CLUB LIMITED"",""company_status"":""active"",""sic_codes"":""93199"",""score"":84,""why"":""sport-adjacent SIC 93199; active; named a football club; every word of the club's name""},{""company_number"":""15001720"",""entity_name"":""CLIMB HITCHIN CIC"",""company_status"":""active"",""sic_codes"":""93120"",""score"":69,""why"":""SIC 93120 (sport club); active; the club's place name only; names something the club does not: climb; nothing in the name says football""},{""company_number"":""08850399"",""entity_name"":""HITCHIN RFC TRADING LTD"",""company_status"":""active"",""sic_codes"":""93120"",""score"":69,""why"":""SIC 93120 (sport club); active; the club's place name only; names something the club does not: rfc, trading; nothing in the name says football""}]"
hyde-united-fc	Hyde United	7	chosen	00414978	HYDE UNITED ASSOCIATION FOOTBALL CLUB LIMITED	active	93120	112	40	SIC 93120 (sport club); active; named a football club; every word of the club's name			"[{""company_number"":""RS007183"",""entity_name"":""HYDE UNITED COMMUNITY ASSOCIATION FOOTBALL CLUB LIMITED"",""company_status"":""active"",""sic_codes"":"""",""score"":72,""why"":""active; named a football club; every word of the club's name""},{""company_number"":""08179849"",""entity_name"":""HYDE UNITED AFC SOCIAL CLUB LTD"",""company_status"":""active"",""sic_codes"":""56301"",""score"":15,""why"":""active; names a body attached to a club, not the club; every word of the club's name; names something the club does not: social""},{""company_number"":""04644947"",""entity_name"":""HYDE PARK RIDING SCHOOL LIMITED"",""company_status"":""dissolved"",""sic_codes"":""93120"",""score"":7,""why"":""SIC 93120 (sport club); dissolved; the club's place name only; names something the club does not: park, riding, school; nothing in the name says football""}]"
ilkeston-town-fc	Ilkeston Town	7	chosen	10845327	ILKESTON TOWN FC LIMITED	active	93110,93120	102	75	SIC 93120 (sport club); active; named FC; every word of the club's name			"[{""company_number"":""12352168"",""entity_name"":""ILKESTON TOWN FC ACADEMY LIMITED"",""company_status"":""active"",""sic_codes"":""85510"",""score"":27,""why"":""active; named FC; names a body attached to a club, not the club; every word of the club's name; names something the club does not: academy""},{""company_number"":""07433244"",""entity_name"":""ILKESTON FC LIMITED"",""company_status"":""dissolved"",""sic_codes"":""93120"",""score"":19,""why"":""SIC 93120 (sport club); dissolved; named FC; the club's place name only""},{""company_number"":""01000691"",""entity_name"":""ILKESTON TOWN FOOTBALL CLUB LIMITED"",""company_status"":""dissolved"",""sic_codes"":""9261"",""score"":7,""why"":""dissolved; named a football club; every word of the club's name""}]"
kettering-town-fc	Kettering Town	7	review	06591006	KETTERING TOWN HARRIERS	active	93120	69	7	SIC 93120 (sport club); active; every word of the club's name; names something the club does not: harriers			"[{""company_number"":""02267071"",""entity_name"":""KETTERING TOWN F. C. MANAGEMENT LTD."",""company_status"":""active"",""sic_codes"":""93110"",""score"":62,""why"":""sport-adjacent SIC 93110; active; every word of the club's name; names something the club does not: c, f, management""},{""company_number"":""15689118"",""entity_name"":""KETTERING TOWN FC 1872 LTD"",""company_status"":""active"",""sic_codes"":""64209"",""score"":62,""why"":""active; named FC; every word of the club's name""},{""company_number"":""08177932"",""entity_name"":""KETTERING TOWN VE LIMITED"",""company_status"":""active"",""sic_codes"":""96090"",""score"":50,""why"":""active; every word of the club's name; names something the club does not: ve""}]"
lancaster-city-fc	Lancaster City	7	review	06010739	LANCASTER CITY F.C. LIMITED	active	93120	69	19	SIC 93120 (sport club); active; every word of the club's name; names something the club does not: c, f			"[{""company_number"":""16629879"",""entity_name"":""CITY MINI MARKET LANCASTER LTD"",""company_status"":""active"",""sic_codes"":""47290"",""score"":50,""why"":""active; every word of the club's name; names something the club does not: market, mini""},{""company_number"":""17401769"",""entity_name"":""DOMINION CITY LANCASTER LTD"",""company_status"":""active"",""sic_codes"":""85600,88990,94910,96090"",""score"":50,""why"":""active; every word of the club's name; names something the club does not: dominion""},{""company_number"":""09452667"",""entity_name"":""LANCASTER CITY LAUNDRY LIMITED"",""company_status"":""active"",""sic_codes"":""96010"",""score"":50,""why"":""active; every word of the club's name; names something the club does not: laundry""}]"
leatherhead-fc	Leatherhead	7	chosen	03067144	LEATHERHEAD FOOTBALL CLUB LIMITED	active	93120	112	63	SIC 93120 (sport club); active; named a football club; every word of the club's name			"[{""company_number"":""08550103"",""entity_name"":""LEATHERHEAD YOUTH FOOTBALL CLUB"",""company_status"":""active"",""sic_codes"":""93110"",""score"":49,""why"":""sport-adjacent SIC 93110; active; named a football club; names a body attached to a club, not the club; every word of the club's name; names something the club does not: youth""},{""company_number"":""08523188"",""entity_name"":""LEATHERHEAD YOUTH FC TRADING COMPANY LIMITED"",""company_status"":""active"",""sic_codes"":""93110"",""score"":39,""why"":""sport-adjacent SIC 93110; active; named FC; names a body attached to a club, not the club; every word of the club's name; names something the club does not: trading, youth""}]"
leek-town-fc	Leek Town	7	review	01297305	LEEK TOWN FOOTBALL CLUB LIMITED	active	93110	84	10	sport-adjacent SIC 93110; active; named a football club; every word of the club's name			"[{""company_number"":""13162746"",""entity_name"":""LEEK TOWN FC CIC"",""company_status"":""active"",""sic_codes"":""93110"",""score"":74,""why"":""sport-adjacent SIC 93110; active; named FC; every word of the club's name""},{""company_number"":""16019045"",""entity_name"":""LEEK ARCHERY CLUB LIMITED"",""company_status"":""active"",""sic_codes"":""93120"",""score"":69,""why"":""SIC 93120 (sport club); active; the club's place name only; names something the club does not: archery; nothing in the name says football""},{""company_number"":""11102093"",""entity_name"":""THQ LEEK LTD"",""company_status"":""active"",""sic_codes"":""93110,93120,93199"",""score"":69,""why"":""SIC 93120 (sport club); active; the club's place name only; names something the club does not: thq; nothing in the name says football""}]"
leighton-town-fc	Leighton Town	7	review	00221321	LEIGHTON BUZZARD SPORTS ASSOCIATION LIMITED	active	85510,93110,93120,93199	69	0	SIC 93120 (sport club); active; the club's place name only; names something the club does not: buzzard; nothing in the name says football			[]
leiston-fc	Leiston	7	review	CE021431	LEISTON TOWN PASTORS			30	0	every word of the club's name; names something the club does not: pastors, town			[]
lewes-fc	Lewes	7	review	16178356	LEWES FOOTBALL CLUB HOLDINGS LTD	active	93199	78	6	sport-adjacent SIC 93199; active; named a football club; holding company; every word of the club's name			"[{""company_number"":""IP030988"",""entity_name"":""LEWES COMMUNITY FOOTBALL CLUB LIMITED"",""company_status"":""active"",""sic_codes"":"""",""score"":72,""why"":""active; named a football club; every word of the club's name""},{""company_number"":""03790979"",""entity_name"":""LEWES 2000 F.C. LTD"",""company_status"":""active"",""sic_codes"":""93120"",""score"":69,""why"":""SIC 93120 (sport club); active; every word of the club's name; names something the club does not: c, f; nothing in the name says football""},{""company_number"":""11169355"",""entity_name"":""LEWES FC WOMEN LIMITED"",""company_status"":""active"",""sic_codes"":""93120"",""score"":69,""why"":""SIC 93120 (sport club); active; named FC; every word of the club's name; names something the club does not: women""}]"
maldon-and-tiptree-fc	Maldon & Tiptree	7	chosen	07479835	MALDON & TIPTREE FOOTBALL CLUB LIMITED	active	93120	112	0	SIC 93120 (sport club); active; named a football club; every word of the club's name			[]
malvern-town-fc	Malvern Town	7	chosen	08755456	MALVERN TOWN FOOTBALL CLUB CIC	active	56302,93110	84	15	sport-adjacent SIC 93110; active; named a football club; every word of the club's name			"[{""company_number"":""17300919"",""entity_name"":""VELA PILATES MALVERN LTD"",""company_status"":""active"",""sic_codes"":""93120,93130"",""score"":69,""why"":""SIC 93120 (sport club); active; the club's place name only; names something the club does not: pilates, vela; nothing in the name says football""},{""company_number"":""15939885"",""entity_name"":""NEW MALVERN FC LTD"",""company_status"":""active"",""sic_codes"":""68209"",""score"":44,""why"":""active; named FC; the club's place name only; names something the club does not: new""},{""company_number"":""02815811"",""entity_name"":""ALEXANDRA COURT MALVERN LIMITED"",""company_status"":""active"",""sic_codes"":"""",""score"":32,""why"":""active; the club's place name only; names something the club does not: alexandra, court""}]"
needham-market-fc	Needham Market	7	chosen	09946659	NEEDHAM MARKET FC LIMITED	active	93120	102	75	SIC 93120 (sport club); active; named FC; every word of the club's name			"[{""company_number"":""11158839"",""entity_name"":""NEEDHAM MARKET ACADEMY LTD"",""company_status"":""active"",""sic_codes"":""43999,93110"",""score"":27,""why"":""sport-adjacent SIC 93110; active; names a body attached to a club, not the club; every word of the club's name; names something the club does not: academy; nothing in the name says football""}]"
peterborough-sports-fc	Peterborough Sports	7	review	08544721	PETERBOROUGH SPORTS LIMITED	active	93130	69	7	sport-adjacent SIC 93130; active; name matches exactly; nothing in the name says football			"[{""company_number"":""05894596"",""entity_name"":""LIVING SPORT CAMBRIDGESHIRE AND PETERBOROUGH SPORTS PARTNERSHIP LIMITED"",""company_status"":""active"",""sic_codes"":""93199"",""score"":62,""why"":""sport-adjacent SIC 93199; active; every word of the club's name; names something the club does not: cambridgeshire, living, partnership; nothing in the name says football""},{""company_number"":""09542978"",""entity_name"":""PETERBOROUGH FOOTBALL AND SPORTS DEVELOPMENT FOUNDATION"",""company_status"":""active"",""sic_codes"":""93199"",""score"":27,""why"":""sport-adjacent SIC 93199; active; names a body attached to a club, not the club; every word of the club's name; names something the club does not: development, foundation""}]"
plymouth-parkway-fc	Plymouth Parkway	7	chosen	12039047	PLYMOUTH PARKWAY FOOTBALL CLUB LTD	active	56302,93199	84	0	sport-adjacent SIC 93199; active; named a football club; every word of the club's name			[]
poole-town-fc	Poole Town	7	chosen	02609998	POOLE TOWN FOOTBALL CLUB (1991) LIMITED	active	93120	112	43	SIC 93120 (sport club); active; named a football club; every word of the club's name			"[{""company_number"":""16549030"",""entity_name"":""POOLE FOOTBALL CLUB LIMITED"",""company_status"":""active"",""sic_codes"":""93120"",""score"":69,""why"":""SIC 93120 (sport club); active; named a football club; the club's place name only""},{""company_number"":""14966650"",""entity_name"":""POOLE TOWN FC KIDS INITIATIVE CIC"",""company_status"":""active"",""sic_codes"":""85510"",""score"":62,""why"":""active; named FC; every word of the club's name; names something the club does not: initiative, kids""},{""company_number"":""14925921"",""entity_name"":""POOLE TOWN FC WESSEX CIC"",""company_status"":""active"",""sic_codes"":""85510"",""score"":62,""why"":""active; named FC; every word of the club's name; names something the club does not: wessex""}]"
quorn-fc	Quorn	7	review	10800338	QUORN FC LEISURE LTD	active	47990	62	0	active; named FC; every word of the club's name; names something the club does not: leisure			"[{""company_number"":""08428191"",""entity_name"":""QUORN HUNT LIMITED"",""company_status"":""active"",""sic_codes"":""01700,93199,94990"",""score"":62,""why"":""sport-adjacent SIC 93199; active; every word of the club's name; names something the club does not: hunt; nothing in the name says football""}]"
racing-club-warwick-fc	Racing Club Warwick	7	not_found						0				[]
ramsgate-fc	Ramsgate	7	review	02077612	RAMSGATE FOOTBALL CLUB (85) LIMITED	active	93110	84	10	sport-adjacent SIC 93110; active; named a football club; every word of the club's name			"[{""company_number"":""16471541"",""entity_name"":""RAMSGATE FC 2025 LTD"",""company_status"":""active"",""sic_codes"":""93110"",""score"":74,""why"":""sport-adjacent SIC 93110; active; named FC; every word of the club's name""},{""company_number"":""16185428"",""entity_name"":""FRANKED RAMSGATE LTD"",""company_status"":""active"",""sic_codes"":""93290"",""score"":62,""why"":""sport-adjacent SIC 93290; active; every word of the club's name; names something the club does not: franked; nothing in the name says football""},{""company_number"":""10406527"",""entity_name"":""RAMSGATE INTERNATIONAL FILM AND TV FESTIVAL C.I.C."",""company_status"":""active"",""sic_codes"":""93290"",""score"":62,""why"":""sport-adjacent SIC 93290; active; every word of the club's name; names something the club does not: c, festival, film, i, international, tv; nothing in the name says football""}]"
real-bedford-fc	Real Bedford	7	chosen	13774571	REAL BEDFORD FC LIMITED	active	93120	102	0	SIC 93120 (sport club); active; named FC; every word of the club's name			[]
redcar-athletic-fc	Redcar Athletic	7	chosen	17396268	REDCAR ATHLETIC FOOTBALL CLUB LTD	active	93110,93120,93199,93290	112	38	SIC 93120 (sport club); active; named a football club; every word of the club's name			"[{""company_number"":""12520162"",""entity_name"":""REDCAR ATHLETIC FC LTD"",""company_status"":""active"",""sic_codes"":""93110"",""score"":74,""why"":""sport-adjacent SIC 93110; active; named FC; every word of the club's name""},{""company_number"":""12526434"",""entity_name"":""REDCAR & ESTON SCHOOL SPORT PARTNERSHIP CIC"",""company_status"":""active"",""sic_codes"":""85510,93120,93199"",""score"":69,""why"":""SIC 93120 (sport club); active; the club's place name only; names something the club does not: eston, partnership, school; nothing in the name says football""},{""company_number"":""05648265"",""entity_name"":""REDCAR BOROUGH BEARS LIMITED"",""company_status"":""active"",""sic_codes"":""93120"",""score"":69,""why"":""SIC 93120 (sport club); active; the club's place name only; names something the club does not: bears, borough""}]"
redditch-united-fc	Redditch United	7	chosen	01082116	REDDITCH UNITED FOOTBALL CLUB LIMITED	active	93120	112	43	SIC 93120 (sport club); active; named a football club; every word of the club's name			"[{""company_number"":""17381932"",""entity_name"":""ETHOS REDDITCH LIMITED"",""company_status"":""active"",""sic_codes"":""93120"",""score"":69,""why"":""SIC 93120 (sport club); active; the club's place name only; names something the club does not: ethos; nothing in the name says football""},{""company_number"":""11685724"",""entity_name"":""ONSIDE COACHING REDDITCH AND ALCESTER LTD"",""company_status"":""active"",""sic_codes"":""85200,93120"",""score"":69,""why"":""SIC 93120 (sport club); active; the club's place name only; names something the club does not: alcester, coaching, onside; nothing in the name says football""},{""company_number"":""17105019"",""entity_name"":""REDDITCH BOROUGH MEN'S FOOTBALL CLUB LTD"",""company_status"":""active"",""sic_codes"":""93120"",""score"":69,""why"":""SIC 93120 (sport club); active; named a football club; the club's place name only; names something the club does not: borough, men, s""}]"
rushall-olympic-fc	Rushall Olympic	7	not_found						0				[]
sholing-fc	Sholing	7	not_found						0				[]
st-albans-city-fc	St Albans City	7	chosen	01922742	ST. ALBANS CITY FOOTBALL AND ATHLETIC CLUB LIMITED	active	93120	90	21	SIC 93120 (sport club); active; every word of the club's name			"[{""company_number"":""11634452"",""entity_name"":""ST ALBANS JUDO CLUB LIMITED"",""company_status"":""active"",""sic_codes"":""93120"",""score"":69,""why"":""SIC 93120 (sport club); active; the club's place name only; names something the club does not: judo; nothing in the name says football""},{""company_number"":""15819143"",""entity_name"":""THE ST ALBANS CITY COMMUNITY CIC"",""company_status"":""active"",""sic_codes"":""85510,93199"",""score"":62,""why"":""sport-adjacent SIC 93199; active; every word of the club's name""},{""company_number"":""13224797"",""entity_name"":""UNITED DRAGONS FC (ST ALBANS) LTD"",""company_status"":""active"",""sic_codes"":""93199"",""score"":56,""why"":""sport-adjacent SIC 93199; active; named FC; the club's place name only; names something the club does not: dragons, united""}]"
stamford-fc	Stamford	7	chosen	00453270	STAMFORD ASSOCIATION FOOTBALL CLUB LIMITED	active	93110	84	15	sport-adjacent SIC 93110; active; named a football club; every word of the club's name			"[{""company_number"":""13690810"",""entity_name"":""THE CYCLISTS OF STAMFORD COMMUNITY INTEREST COMPANY"",""company_status"":""active"",""sic_codes"":""93120"",""score"":69,""why"":""SIC 93120 (sport club); active; every word of the club's name; names something the club does not: cyclists, of; nothing in the name says football""},{""company_number"":""09160332"",""entity_name"":""STAMFORD YOGA LIMITED"",""company_status"":""active"",""sic_codes"":""86900,93199"",""score"":62,""why"":""sport-adjacent SIC 93199; active; every word of the club's name; names something the club does not: yoga; nothing in the name says football""},{""company_number"":""CE009575"",""entity_name"":""STAMFORD AFC (THE YOUNG DANIELS)"",""company_status"":"""",""sic_codes"":"""",""score"":30,""why"":""every word of the club's name; names something the club does not: daniels, young""}]"
stockton-town-fc	Stockton Town	7	chosen	10781665	STOCKTON TOWN FOOTBALL CLUB	active	93199	84	15	sport-adjacent SIC 93199; active; named a football club; every word of the club's name			"[{""company_number"":""09911999"",""entity_name"":""STOCKTON TOWN FOOTBALL CLUB SPORTS & SOCIAL LIMITED"",""company_status"":""active"",""sic_codes"":""93120"",""score"":69,""why"":""SIC 93120 (sport club); active; named a football club; every word of the club's name; names something the club does not: social""},{""company_number"":""09912082"",""entity_name"":""STOCKTON TOWN FOOTBALL CLUB 3G ACADEMY LIMITED"",""company_status"":""active"",""sic_codes"":""93110"",""score"":49,""why"":""sport-adjacent SIC 93110; active; named a football club; names a body attached to a club, not the club; every word of the club's name; names something the club does not: 3g, academy""},{""company_number"":""CE013688"",""entity_name"":""BILLINGHAM AND STOCKTON BOROUGH FOODBANK"",""company_status"":"""",""sic_codes"":"""",""score"":12,""why"":""the club's place name only; names something the club does not: billingham, borough, foodbank""}]"
stourbridge-fc	Stourbridge	7	chosen	07650054	STOURBRIDGE FOOTBALL CLUB LIMITED	active	93120	112	43	SIC 93120 (sport club); active; named a football club; every word of the club's name			"[{""company_number"":""14223560"",""entity_name"":""STOURBRIDGE STANDARD FOOTBALL CLUB LTD"",""company_status"":""active"",""sic_codes"":""85510"",""score"":69,""why"":""active; named a football club; every word of the club's name; names something the club does not: standard""},{""company_number"":""11196986"",""entity_name"":""STOURBRIDGE FOOTBALL CLUB ACADEMY LTD"",""company_status"":""active"",""sic_codes"":""85510"",""score"":37,""why"":""active; named a football club; names a body attached to a club, not the club; every word of the club's name; names something the club does not: academy""},{""company_number"":""09304751"",""entity_name"":""JC EVENTS STOURBRIDGE LTD"",""company_status"":""active"",""sic_codes"":""93290"",""score"":27,""why"":""sport-adjacent SIC 93290; active; names a body attached to a club, not the club; every word of the club's name; names something the club does not: events, jc; nothing in the name says football""}]"
stratford-town-fc	Stratford Town	7	review	16883698	GYM ON LONDON STRATFORD LTD	active	93120	69	0	SIC 93120 (sport club); active; the club's place name only; names something the club does not: gym, london, on; nothing in the name says football			"[{""company_number"":""16460627"",""entity_name"":""PADELHAUS (STRATFORD) LTD"",""company_status"":""active"",""sic_codes"":""93120,93199"",""score"":69,""why"":""SIC 93120 (sport club); active; the club's place name only; names something the club does not: padelhaus; nothing in the name says football""},{""company_number"":""15607989"",""entity_name"":""STONY STRATFORD CROQUET CLUB"",""company_status"":""active"",""sic_codes"":""93120"",""score"":69,""why"":""SIC 93120 (sport club); active; the club's place name only; names something the club does not: croquet, stony; nothing in the name says football""},{""company_number"":""15952506"",""entity_name"":""STONY STRATFORD TOWN FOOTBALL CLUB CIC"",""company_status"":""active"",""sic_codes"":""93120"",""score"":69,""why"":""SIC 93120 (sport club); active; named a football club; every word of the club's name; names something the club does not: stony""}]"
taunton-town-fc	Taunton Town	7	chosen	01582031	TAUNTON TOWN FOOTBALL CLUB LIMITED	active	93120	112	43	SIC 93120 (sport club); active; named a football club; every word of the club's name			"[{""company_number"":""02846335"",""entity_name"":""TAUNTON SCHOOL ENTERPRISES LIMITED"",""company_status"":""active"",""sic_codes"":""56210,93120"",""score"":69,""why"":""SIC 93120 (sport club); active; the club's place name only; names something the club does not: enterprises, school; nothing in the name says football""},{""company_number"":""05377401"",""entity_name"":""SOUTH SOMERSET MOTOCROSS CLUB TAUNTON LTD"",""company_status"":""dissolved"",""sic_codes"":""93120"",""score"":7,""why"":""SIC 93120 (sport club); dissolved; the club's place name only; names something the club does not: motocross, somerset, south; nothing in the name says football""},{""company_number"":""04983733"",""entity_name"":""TONE LEISURE (TAUNTON DEANE) LIMITED"",""company_status"":""dissolved"",""sic_codes"":""93110,93120,93130,93199"",""score"":7,""why"":""SIC 93120 (sport club); dissolved; the club's place name only; names something the club does not: deane, leisure, tone; nothing in the name says football""}]"
three-bridges-fc	Three Bridges	7	chosen	13837058	THREE BRIDGES FOOTBALL CLUB LIMITED	active	93110,93120	112	38	SIC 93120 (sport club); active; named a football club; every word of the club's name			"[{""company_number"":""15535314"",""entity_name"":""THREE BRIDGES FC CIC"",""company_status"":""active"",""sic_codes"":""93110"",""score"":74,""why"":""sport-adjacent SIC 93110; active; named FC; every word of the club's name""},{""company_number"":""15872756"",""entity_name"":""THREE BRIDGES YOUTH FOOTBALL CLUB CIC"",""company_status"":""active"",""sic_codes"":""85510"",""score"":37,""why"":""active; named a football club; names a body attached to a club, not the club; every word of the club's name; names something the club does not: youth""}]"
uxbridge-fc	Uxbridge	7	review	12238091	KIXX UXBRIDGE LIMITED	active	93120	69	0	SIC 93120 (sport club); active; every word of the club's name; names something the club does not: kixx; nothing in the name says football			[]
warrington-rylands-fc	Warrington Rylands	7	chosen	13480900	WARRINGTON RYLANDS 1906 FC LTD	active	93199	74	0	sport-adjacent SIC 93199; active; named FC; every word of the club's name			[]
warrington-town-fc	Warrington Town	7	chosen	06412371	WARRINGTON TOWN FOOTBALL CLUB LIMITED	active	93110	84	15	sport-adjacent SIC 93110; active; named a football club; every word of the club's name			"[{""company_number"":""10665097"",""entity_name"":""WARRINGTON AND DISTRICT RIFLE AND PISTOL CLUB LIMITED"",""company_status"":""active"",""sic_codes"":""93120"",""score"":69,""why"":""SIC 93120 (sport club); active; the club's place name only; names something the club does not: district, pistol, rifle; nothing in the name says football""},{""company_number"":""00370871"",""entity_name"":""WARRINGTON FOOTBALL CLUB LIMITED(THE)"",""company_status"":""active"",""sic_codes"":""93120"",""score"":69,""why"":""SIC 93120 (sport club); active; named a football club; the club's place name only""},{""company_number"":""12685170"",""entity_name"":""WARRINGTON TOWN LIMITED"",""company_status"":""active"",""sic_codes"":""56101"",""score"":65,""why"":""active; name matches exactly""}]"
welling-united-fc	Welling United	7	review	16273938	WELLING UNITED FC LIMITED	active	93199	74	5	sport-adjacent SIC 93199; active; named FC; every word of the club's name			"[{""company_number"":""11050606"",""entity_name"":""WELLING TOWN FOOTBALL CLUB LIMITED"",""company_status"":""active"",""sic_codes"":""93120"",""score"":69,""why"":""SIC 93120 (sport club); active; named a football club; the club's place name only; names something the club does not: town""},{""company_number"":""08055420"",""entity_name"":""WELLING UNITED FOOTBALL CLUB C.I.C."",""company_status"":""active"",""sic_codes"":""93120"",""score"":69,""why"":""SIC 93120 (sport club); active; named a football club; every word of the club's name; names something the club does not: c, i""},{""company_number"":""17207091"",""entity_name"":""WELLING UNITED FC ACADEMY LIMITED"",""company_status"":""active"",""sic_codes"":""93120"",""score"":67,""why"":""SIC 93120 (sport club); active; named FC; names a body attached to a club, not the club; every word of the club's name; names something the club does not: academy""}]"
whitby-town-fc	Whitby Town	7	chosen	14970713	WHITBY TOWN FOOTBALL CLUB LIMITED	active	93120	112	43	SIC 93120 (sport club); active; named a football club; every word of the club's name			"[{""company_number"":""12192026"",""entity_name"":""WHITBY & DISTRICT RIDING CLUB LTD"",""company_status"":""active"",""sic_codes"":""93120"",""score"":69,""why"":""SIC 93120 (sport club); active; the club's place name only; names something the club does not: district, riding; nothing in the name says football""},{""company_number"":""14583638"",""entity_name"":""WHITBY BIKE PARK CIC"",""company_status"":""active"",""sic_codes"":""93120"",""score"":69,""why"":""SIC 93120 (sport club); active; the club's place name only; names something the club does not: bike, park; nothing in the name says football""},{""company_number"":""07841079"",""entity_name"":""WHITBY TOWN FOOTBALL FOUNDATION LIMITED"",""company_status"":""active"",""sic_codes"":""93120"",""score"":55,""why"":""SIC 93120 (sport club); active; names a body attached to a club, not the club; every word of the club's name; names something the club does not: foundation""}]"
whitehawk-fc	Whitehawk	7	chosen	14984206	WHITEHAWK FOOTBALL CLUB LIMITED	active	93120	112	43	SIC 93120 (sport club); active; named a football club; every word of the club's name			"[{""company_number"":""12810006"",""entity_name"":""WHITEHAWK FC FIRST TEAM LTD"",""company_status"":""active"",""sic_codes"":""93120"",""score"":69,""why"":""SIC 93120 (sport club); active; named FC; every word of the club's name; names something the club does not: first, team""},{""company_number"":""15438553"",""entity_name"":""WHITEHAWK FOOTBALL CLUB, WOMEN & YOUTH CIC"",""company_status"":""active"",""sic_codes"":""93199"",""score"":49,""why"":""sport-adjacent SIC 93199; active; named a football club; names a body attached to a club, not the club; every word of the club's name; names something the club does not: women, youth""},{""company_number"":""09642386"",""entity_name"":""THE WHITEHAWK FC COMMUNITY TRUST LIMITED"",""company_status"":""active"",""sic_codes"":""74990"",""score"":27,""why"":""active; named FC; names a body attached to a club, not the club; every word of the club's name; names something the club does not: trust""}]"
wimborne-town-fc	Wimborne Town	7	chosen	03640938	WIMBORNE TOWN FOOTBALL CLUB LIMITED	active	93120	112	62	SIC 93120 (sport club); active; named a football club; every word of the club's name			"[{""company_number"":""02134529"",""entity_name"":""WIMBORNE MINSTER MODEL TOWN"",""company_status"":""active"",""sic_codes"":""88990"",""score"":50,""why"":""active; every word of the club's name; names something the club does not: minster, model""},{""company_number"":""17181181"",""entity_name"":""WIMBORNE AF LTD"",""company_status"":""active"",""sic_codes"":""93130"",""score"":44,""why"":""sport-adjacent SIC 93130; active; the club's place name only; names something the club does not: af; nothing in the name says football""},{""company_number"":""14686805"",""entity_name"":""WIMBORNE TOWN FC ACADEMY LTD."",""company_status"":""active"",""sic_codes"":""85510,93110"",""score"":39,""why"":""sport-adjacent SIC 93110; active; named FC; names a body attached to a club, not the club; every word of the club's name; names something the club does not: academy""}]"
wingate-and-finchley-fc	Wingate & Finchley	7	review	06014465	WINGATE & FINCHLEY FOOTBALL DEVELOPMENT LIMITED	active	93199	27	0	sport-adjacent SIC 93199; active; names a body attached to a club, not the club; every word of the club's name; names something the club does not: development			[]
worcester-city-fc	Worcester City	7	review	17181104	WORCESTER CITY COMMUNITY FOOTBALL CIC	active	93120	90	6	SIC 93120 (sport club); active; every word of the club's name			"[{""company_number"":""00232010"",""entity_name"":""WORCESTER CITY FOOTBALL CLUB LIMITED"",""company_status"":""active"",""sic_codes"":""93110"",""score"":84,""why"":""sport-adjacent SIC 93110; active; named a football club; every word of the club's name""},{""company_number"":""16273993"",""entity_name"":""JUST CAMPS WORCESTER LTD"",""company_status"":""active"",""sic_codes"":""88910,93120"",""score"":69,""why"":""SIC 93120 (sport club); active; the club's place name only; names something the club does not: camps, just; nothing in the name says football""},{""company_number"":""09085515"",""entity_name"":""UW WORCESTER WOLVES LIMITED"",""company_status"":""active"",""sic_codes"":""93120"",""score"":69,""why"":""SIC 93120 (sport club); active; the club's place name only; names something the club does not: uw, wolves; nothing in the name says football""}]"
workington-afc	Workington	7	chosen	00176420	WORKINGTON ASSOCIATION FOOTBALL CLUB,LIMITED	active	93110	84	15	sport-adjacent SIC 93110; active; named a football club; every word of the club's name			"[{""company_number"":""14243574"",""entity_name"":""WORKINGTON JUNIORS FOOTBALL CLUB LIMITED"",""company_status"":""active"",""sic_codes"":""93120"",""score"":69,""why"":""SIC 93120 (sport club); active; named a football club; names a body attached to a club, not the club; every word of the club's name; names something the club does not: juniors""},{""company_number"":""09899980"",""entity_name"":""MONKEY MADHOUSE (WORKINGTON) LIMITED"",""company_status"":""active"",""sic_codes"":""93290"",""score"":62,""why"":""sport-adjacent SIC 93290; active; every word of the club's name; names something the club does not: madhouse, monkey; nothing in the name says football""},{""company_number"":""16978413"",""entity_name"":""STRENGTH CARTEL WORKINGTON LTD"",""company_status"":""active"",""sic_codes"":""93110"",""score"":62,""why"":""sport-adjacent SIC 93110; active; every word of the club's name; names something the club does not: cartel, strength; nothing in the name says football""}]"
yate-town-fc	Yate Town	7	review	11175318	YATE SPORT LIMITED	active	93120,93199	69	0	SIC 93120 (sport club); active; the club's place name only; nothing in the name says football			"[{""company_number"":""07306689"",""entity_name"":""YATE TOWN F.C LTD"",""company_status"":""active"",""sic_codes"":""93120"",""score"":69,""why"":""SIC 93120 (sport club); active; every word of the club's name; names something the club does not: c, f""},{""company_number"":""01146524"",""entity_name"":""W. AND K.N. ROWLAND (YATE) LIMITED"",""company_status"":""active"",""sic_codes"":""93290"",""score"":44,""why"":""sport-adjacent SIC 93290; active; the club's place name only; names something the club does not: k, n, rowland, w; nothing in the name says football""},{""company_number"":""09809040"",""entity_name"":""YATE OUTDOOR SPORTS COMPLEX LTD"",""company_status"":""active"",""sic_codes"":""93110"",""score"":44,""why"":""sport-adjacent SIC 93110; active; the club's place name only; names something the club does not: complex, outdoor; nothing in the name says football""}]"
