msoa_code,msoa_name,lsoas,population,imd,income,employment,education,health,crime,housing,environment,idaci,idaopi,imd_rank,imd_decile
E02000001,City of London 001,6,11457,10.2098,0.066,0.0488,4.1202,-0.5291,-1.4818,14.2651,49.4636,0.1809,0.1567,5532,9
E02000002,Barking and Dagenham 001,4,8386,30.8332,0.3686,0.183,25.8883,0.4313,0.5613,31.2113,17.7233,0.4712,0.3737,1466,3
E02000003,Barking and Dagenham 002,6,11812,24.9398,0.2985,0.1311,20.1632,-0.1299,0.3894,33.9212,31.4436,0.4212,0.2463,2225,4
E02000004,Barking and Dagenham 003,4,6873,20.1416,0.2512,0.1449,20.3129,-0.0159,-0.1539,25.1027,13.5233,0.352,0.1924,3018,5
E02000005,Barking and Dagenham 004,6,11032,25.8117,0.3423,0.1519,24.432,0.1498,0.2711,26.3057,22.6724,0.4532,0.3018,2104,4
E02000007,Barking and Dagenham 006,5,10161,35.5027,0.4541,0.1976,26.7092,0.6065,0.5221,28.5204,25.9798,0.6361,0.4483,1038,2
E02000008,Barking and Dagenham 007,7,13275,31.053,0.405,0.1799,28.6685,0.4179,0.2079,27.4097,27.3544,0.5494,0.4107,1440,3
E02000009,Barking and Dagenham 008,7,12848,30.5831,0.3954,0.1688,26.6352,0.2279,0.3192,34.0348,23.754,0.5107,0.4593,1498,3
E02000010,Barking and Dagenham 009,5,9451,29.3068,0.3844,0.1792,26.7819,0.442,0.0157,28.8028,20.105,0.5094,0.4047,1650,3
E02000011,Barking and Dagenham 010,4,7048,26.5472,0.33,0.1532,25.9612,0.1232,0.2669,28.8925,25.5944,0.5303,0.1763,1998,3
E02000012,Barking and Dagenham 011,5,11672,21.0575,0.2523,0.1101,19.9037,-0.299,-0.0646,35.8562,25.1794,0.3648,0.2608,2867,5
E02000013,Barking and Dagenham 012,5,9446,28.8974,0.364,0.1667,30.082,0.2556,0.3478,25.5627,29.0856,0.4931,0.3275,1703,3
E02000014,Barking and Dagenham 013,6,9820,31.5526,0.3824,0.1805,27.7632,0.4089,0.5559,28.592,28.1282,0.4952,0.3935,1403,3
E02000015,Barking and Dagenham 014,4,8193,36.9014,0.4708,0.2159,25.0593,0.602,0.7642,29.7867,19.9302,0.616,0.5127,944,2
E02000016,Barking and Dagenham 015,5,10673,37.248,0.4691,0.1712,21.8352,0.0633,0.9799,44.563,26.6711,0.5771,0.7042,918,2
E02000017,Barking and Dagenham 016,5,9148,31.2012,0.3642,0.1436,31.71,0.0156,0.3509,35.3047,41.6291,0.5795,0.3338,1435,3
E02000018,Barking and Dagenham 017,5,9446,33.0133,0.4238,0.1845,26.0657,0.3359,0.4582,31.6165,27.7577,0.5759,0.4281,1245,2
E02000019,Barking and Dagenham 018,5,9623,31.8738,0.4289,0.1851,25.7988,0.3794,0.4891,28.1109,20.6062,0.5479,0.3813,1364,2
E02000020,Barking and Dagenham 019,8,14197,29.9086,0.3843,0.1554,23.2918,0.1959,0.2096,36.193,28.6608,0.5154,0.5278,1561,3
E02000021,Barking and Dagenham 020,5,8826,30.3704,0.4138,0.1682,26.1132,0.3406,0.2627,29.7369,23.9927,0.5787,0.2973,1513,3
E02000022,Barking and Dagenham 021,4,7926,35.4997,0.4472,0.1752,19.5603,0.5273,0.7375,37.0116,29.4411,0.5689,0.7181,1039,2
E02000023,Barking and Dagenham 022,4,8136,33.9814,0.4363,0.1959,19.7928,0.5242,0.3592,37.3696,20.056,0.5343,0.4341,1162,2
E02000024,Barnet 001,6,10861,10.1479,0.1275,0.0733,2.6968,-1.3355,-0.3775,21.4576,32.5957,0.1658,0.1205,5547,9
E02000025,Barnet 002,5,8507,18.4963,0.2134,0.1294,8.3226,-0.484,0.008,30.3369,24.9647,0.2846,0.2167,3387,5
E02000026,Barnet 003,4,6337,11.7596,0.1534,0.0961,5.5232,-1.1059,-0.6302,27.5066,21.2943,0.2117,0.13,5107,8
E02000027,Barnet 004,6,9505,20.3226,0.2645,0.1431,13.8316,-0.2076,-0.1299,28.5731,17.163,0.3726,0.2706,2993,5
E02000028,Barnet 005,4,6391,16.4816,0.2209,0.1162,6.246,-0.8406,-0.253,26.1156,32.9193,0.3099,0.1335,3824,6
E02000029,Barnet 006,5,9493,20.4312,0.2619,0.1257,12.9352,-0.8104,-0.0519,30.578,30.0675,0.3482,0.2498,2977,5
E02000030,Barnet 007,6,9482,12.104,0.1417,0.0876,6.6127,-1.1542,-0.2681,28.1388,16.2658,0.2077,0.1247,5003,8
E02000031,Barnet 008,5,8436,10.4642,0.1727,0.0869,3.9983,-1.0967,-0.4044,17.6847,24.1511,0.2417,0.1529,5469,8
E02000032,Barnet 009,5,7802,7.6668,0.1185,0.0706,4.3472,-1.2947,-0.6915,18.2449,22.5968,0.1374,0.1165,6182,10
E02000033,Barnet 010,5,8846,17.4588,0.2282,0.1286,11.4102,-0.666,-0.1029,24.5191,24.9539,0.3213,0.1814,3607,6
E02000034,Barnet 011,5,9070,14.9153,0.2361,0.1099,6.8469,-0.7887,-0.3741,22.0018,24.9149,0.3523,0.1915,4227,7
E02000035,Barnet 012,5,8665,13.1804,0.2064,0.1014,6.5249,-0.8656,-0.6149,23.3089,19.1792,0.3076,0.2008,4684,7
E02000036,Barnet 013,6,11137,22.6968,0.2865,0.1226,12.1989,-0.5492,-0.2349,44.5317,22.3291,0.4265,0.2131,2607,4
E02000037,Barnet 014,6,10927,16.8447,0.246,0.0916,7.4321,-0.8866,-0.383,37.9549,17.3984,0.3842,0.2167,3746,6
E02000038,Barnet 015,6,10688,17.715,0.2215,0.1146,9.6268,-0.6162,0.2195,24.8027,32.2206,0.3178,0.1784,3549,6
E02000039,Barnet 016,4,7232,13.6935,0.1614,0.0838,6.9353,-1.2992,-0.2438,31.4041,25.2245,0.2341,0.1027,4543,7
E02000040,Barnet 017,5,9664,14.5973,0.2157,0.0951,7.3674,-0.9066,-0.4306,29.0384,19.9975,0.3035,0.2285,4316,7
E02000041,Barnet 018,5,9518,26.342,0.3287,0.1396,16.3709,-0.6569,0.3506,39.4604,31.1466,0.5145,0.2253,2024,3
E02000042,Barnet 019,6,11524,18.485,0.2401,0.1183,9.1357,-0.6111,0.0505,27.1601,31.8377,0.3132,0.2348,3390,5
E02000043,Barnet 020,5,7469,5.6998,0.0978,0.0621,2.0992,-1.3917,-1.1377,16.4198,17.2022,0.1222,0.096,6536,10
E02000044,Barnet 021,5,8676,25.4804,0.3351,0.1469,20.6424,-0.2063,-0.105,35.6039,25.5443,0.4766,0.3098,2156,4
E02000045,Barnet 022,6,10335,23.9091,0.3113,0.1582,12.5955,-0.446,0.0926,32.8637,26.072,0.4008,0.3241,2414,4
E02000046,Barnet 023,4,6989,16.3559,0.1926,0.0945,5.3898,-0.9887,0.1914,27.3518,41.4045,0.2795,0.1826,3855,6
E02000047,Barnet 024,7,12224,31.1239,0.4039,0.1602,24.9432,-0.2397,0.3505,40.8085,26.1346,0.5774,0.4208,1438,3
E02000048,Barnet 025,5,10328,16.5938,0.2051,0.1044,5.6074,-1.1223,-0.2638,36.1318,28.1756,0.2793,0.1471,3798,6
E02000049,Barnet 026,5,10262,32.6712,0.4334,0.1947,19.4098,-0.0997,0.2917,39.549,19.4424,0.6048,0.5734,1287,2
E02000050,Barnet 027,6,10131,21.3568,0.2664,0.1248,9.7873,-0.608,-0.0399,34.1495,32.4293,0.3664,0.3181,2816,5
E02000051,Barnet 028,5,9240,16.1657,0.2068,0.1067,6.6272,-1.3108,-0.3196,31.3144,30.2844,0.2663,0.1898,3903,6
E02000052,Barnet 029,6,9913,15.9265,0.2046,0.0988,4.3994,-1.1108,-0.2468,27.0226,39.5714,0.2957,0.2163,3960,6
E02000054,Barnet 031,4,7805,22.0658,0.2763,0.1223,12.2261,-0.7377,0.0125,39.3493,30.641,0.4247,0.2109,2707,4
E02000055,Barnet 032,6,11864,23.1873,0.2789,0.1222,14.0909,-0.7267,0.3112,37.5138,33.2751,0.4048,0.2671,2515,4
E02000056,Barnet 033,6,9165,10.1133,0.0779,0.047,2.1845,-1.7884,-0.4599,30.3756,40.4966,0.0825,0.0773,5559,9
E02000057,Barnet 034,4,7945,24.3156,0.308,0.1304,11.9815,-0.539,0.1251,37.1765,38.2281,0.4086,0.2283,2331,4
E02000058,Barnet 035,6,10350,17.6304,0.2346,0.0989,6.5092,-1.2016,-0.278,33.6771,36.2318,0.3216,0.1774,3562,6
E02000059,Barnet 036,6,11529,26.6607,0.3317,0.1219,20.6809,-0.5301,0.0993,44.1889,29.2351,0.5948,0.2817,1986,3
E02000060,Barnet 037,6,11568,26.2046,0.4096,0.1447,13.0475,-0.5265,-0.2634,32.1214,36.4902,0.5531,0.2649,2044,3
E02000061,Barnet 038,5,8401,16.9849,0.1781,0.1014,5.9473,-1.157,0.4466,27.7657,37.405,0.2267,0.1727,3702,6
E02000062,Barnet 039,4,6988,37.8071,0.4435,0.1919,24.2277,-0.1011,1.0714,38.7051,41.5748,0.587,0.4614,881,2
E02000063,Barnet 040,4,7515,28.3813,0.4069,0.1808,16.6617,-0.3937,0.1406,32.7343,28.1884,0.5829,0.3058,1760,3
E02000064,Barnet 041,4,6780,24.2243,0.3375,0.1507,14.0206,-0.5778,0.2318,28.313,29.8181,0.4581,0.3723,2347,4
E02000065,Bexley 001,4,8125,23.1994,0.32,0.1599,14.2642,0.1716,0.1809,27.2211,13.8434,0.4385,0.311,2512,4
E02000066,Bexley 002,6,9364,27.5278,0.3482,0.1704,20.655,0.1381,0.5469,23.0376,28.9363,0.4697,0.3788,1861,3
E02000067,Bexley 003,5,10267,24.7529,0.291,0.1505,24.9004,0.184,0.4724,21.6108,28.0562,0.4283,0.2417,2262,4
E02000068,Bexley 004,4,8096,32.0893,0.3594,0.196,26.8112,0.3526,0.7503,29.7439,24.5322,0.4811,0.3352,1347,2
E02000069,Bexley 005,4,7318,16.9212,0.2111,0.1147,17.1777,-0.049,0.0888,15.9609,22.4676,0.2968,0.1863,3725,6
E02000070,Bexley 006,5,8120,11.7461,0.1381,0.0942,16.8761,-0.5545,-0.3633,12.9353,22.1419,0.2204,0.0959,5111,8
E02000071,Bexley 007,5,7594,19.6042,0.2241,0.1243,27.3929,-0.1178,0.0611,17.0215,23.2555,0.3392,0.156,3129,5
E02000072,Bexley 008,8,13215,30.9693,0.3591,0.1888,25.6425,0.5449,0.6637,28.2803,14.7177,0.4826,0.3865,1450,3
E02000073,Bexley 009,7,10742,6.7844,0.1009,0.0695,11.5129,-0.7615,-0.8758,8.6467,13.2569,0.148,0.0804,6356,10
E02000074,Bexley 010,5,8882,27.0304,0.3158,0.1808,29.5751,0.2986,0.2666,26.7253,15.5739,0.4672,0.2414,1922,3
E02000075,Bexley 011,5,7992,6.3099,0.0948,0.0684,9.6267,-0.8504,-0.8964,8.8853,13.443,0.1278,0.0862,6447,10
E02000077,Bexley 013,5,8119,12.3582,0.1649,0.0907,17.1793,-0.4786,-0.3864,10.2465,18.5441,0.2619,0.1471,4925,8
E02000078,Bexley 014,5,8043,8.6652,0.1024,0.0694,14.558,-0.5596,-0.4816,11.3192,19.8842,0.1578,0.0742,5931,9
E02000079,Bexley 015,5,8993,13.3722,0.1572,0.0884,10.0013,-0.2448,0.3356,9.0777,28.386,0.242,0.099,4632,7
E02000080,Bexley 016,6,10224,11.1799,0.1505,0.0818,12.6448,-0.6454,-0.4559,12.3559,22.6355,0.2391,0.1087,5272,8
E02000081,Bexley 017,5,8300,14.0009,0.1749,0.1102,16.5799,-0.2913,0.0347,8.4369,19.7021,0.2622,0.1438,4462,7
E02000082,Bexley 018,6,9416,7.2734,0.093,0.0608,11.997,-0.9542,-0.7434,14.6808,21.0274,0.1423,0.0681,6268,10
E02000083,Bexley 019,7,11378,19.5695,0.2272,0.1327,19.2898,0.0584,0.1599,19.2761,22.6465,0.3007,0.2268,3136,5
E02000084,Bexley 020,7,11226,6.6345,0.0924,0.0625,8.9114,-0.9093,-0.6593,7.337,22.0001,0.1359,0.0739,6385,10
E02000085,Bexley 021,5,7906,9.8339,0.1277,0.0767,13.672,-0.5897,-0.4825,9.9239,24.301,0.2052,0.1083,5620,9
E02000086,Bexley 022,5,7025,6.5887,0.0839,0.0579,10.6821,-0.8106,-0.7565,13.5488,19.6691,0.1387,0.0593,6398,10
E02000087,Bexley 023,5,8180,5.7213,0.0754,0.0552,5.8929,-1.1235,-0.5777,7.7279,20.6397,0.1015,0.0778,6535,10
E02000088,Bexley 024,5,7789,6.5945,0.0887,0.0609,10.6191,-0.9046,-0.7174,11.2053,18.8481,0.1332,0.067,6397,10
E02000089,Bexley 025,5,8014,6.1828,0.0849,0.0656,9.9763,-0.7867,-1.2452,10.728,14.8074,0.1207,0.0759,6466,10
E02000090,Bexley 026,5,9689,11.0882,0.137,0.0698,10.7744,-0.2767,-0.2322,14.3335,28.2006,0.2243,0.1358,5301,8
E02000091,Bexley 027,6,10157,11.7856,0.1542,0.0938,12.0086,-0.4022,-0.4248,12.8605,20.8835,0.2466,0.1492,5097,8
E02000092,Bexley 028,4,6828,26.9107,0.296,0.1832,33.2238,0.3637,0.0979,22.5542,17.6264,0.4009,0.274,1940,3
E02000093,Brent 001,6,12006,20.5049,0.2596,0.1086,20.8872,-0.4601,-0.2314,36.5516,21.311,0.4495,0.2214,2956,5
E02000094,Brent 002,6,10189,23.1799,0.3126,0.1262,18.6287,-0.6151,0.1469,34.5498,27.9177,0.5238,0.2795,2516,4
E02000095,Brent 003,5,10385,21.5111,0.2489,0.1062,20.9918,-0.9183,0.0766,39.9125,26.9144,0.4392,0.2298,2788,5
E02000096,Brent 004,5,7699,12.7266,0.1652,0.0717,8.8359,-1.0938,-0.423,29.0395,28.8391,0.2858,0.1145,4814,8
E02000097,Brent 005,5,9406,22.3436,0.2925,0.1198,22.0537,-0.5772,-0.2613,37.5735,24.5326,0.4992,0.2224,2663,4
E02000098,Brent 006,5,8574,23.0185,0.3242,0.1307,19.1252,-0.5169,-0.1855,35.6326,21.3588,0.5029,0.2885,2548,4
E02000099,Brent 007,5,9447,23.2185,0.3198,0.1043,19.5611,-0.7848,-0.3994,44.0819,23.8279,0.5555,0.2942,2510,4
E02000100,Brent 008,5,8280,12.0796,0.1404,0.0623,7.1958,-1.0163,-0.4583,35.7348,21.579,0.2915,0.1037,5010,8
E02000101,Brent 009,6,9806,32.1465,0.4071,0.1652,21.3438,-0.1975,0.4109,43.3459,26.5475,0.5924,0.4022,1342,2
E02000102,Brent 010,5,8174,47.3959,0.5803,0.2324,42.6226,0.0749,0.3662,50.4739,27.57,0.8091,0.3851,416,1
E02000103,Brent 011,5,9909,38.4569,0.5045,0.1929,25.5442,0.0797,0.2524,49.2331,21.8677,0.8009,0.3773,829,2
E02000104,Brent 012,4,7481,26.1491,0.3364,0.13,19.8446,-0.2737,0.2261,39.8186,27.445,0.6317,0.2381,2056,3
E02000105,Brent 013,5,9818,26.6875,0.3197,0.1158,21.5504,-0.4338,-0.0552,47.8779,29.4112,0.4847,0.3204,1981,3
E02000106,Brent 014,6,10384,47.7495,0.5602,0.2314,36.1435,0.1506,0.8564,47.8112,38.0712,0.8691,0.3873,404,1
E02000107,Brent 015,6,10831,31.8802,0.3554,0.1658,21.3064,0.0065,0.5511,41.0198,37.015,0.5185,0.3525,1363,2
E02000108,Brent 016,4,7337,23.6576,0.2951,0.1066,20.5554,-0.4379,-0.3141,44.6136,26.9472,0.4691,0.28,2457,4
E02000110,Brent 018,5,8084,24.5571,0.2944,0.1419,13.5935,-0.3055,0.2274,38.3425,31.1306,0.4512,0.321,2299,4
E02000111,Brent 019,5,11155,29.2473,0.3728,0.107,31.6456,-0.5667,-0.09,49.6569,27.5039,0.5957,0.3379,1656,3
E02000112,Brent 020,6,12294,28.4216,0.3138,0.1028,31.6194,-0.5783,0.3029,48.8245,30.777,0.5504,0.2684,1754,3
E02000113,Brent 021,6,9458,52.2983,0.6238,0.2729,35.6795,0.5544,0.649,49.1494,29.7278,0.8612,0.5451,257,1
E02000114,Brent 022,5,8908,29.892,0.3742,0.1516,16.2507,-0.189,0.4398,38.9461,39.6488,0.6449,0.461,1563,3
E02000115,Brent 023,5,8377,25.5633,0.3144,0.1396,11.493,-0.0908,0.4834,32.9033,36.083,0.4837,0.4063,2145,4
E02000116,Brent 024,4,8563,46.5346,0.5616,0.2251,29.4627,0.458,0.6987,47.0305,35.2708,0.7687,0.5575,443,1
E02000117,Brent 025,6,12708,49.8637,0.5926,0.2547,32.1681,0.4912,0.7457,47.8071,31.6669,0.8001,0.5834,327,1
E02000118,Brent 026,5,11140,29.7662,0.356,0.1106,40.7969,-0.5821,-0.1113,47.66,26.6646,0.6247,0.323,1579,3
E02000119,Brent 027,6,11240,41.1477,0.5325,0.2089,23.978,0.2618,0.4079,46.8144,24.4162,0.7423,0.6589,678,1
E02000120,Brent 028,5,8708,28.649,0.3471,0.1616,9.7502,0.1562,0.6933,30.0554,39.1522,0.5436,0.4677,1734,3
E02000121,Brent 029,5,12363,28.2511,0.3415,0.0967,39.5806,-0.7725,0.1215,48.2161,26.9958,0.5582,0.3063,1777,3
E02000122,Brent 030,5,7995,18.3778,0.1996,0.1008,7.6483,-0.636,-0.0272,37.4379,33.8127,0.2624,0.2197,3412,5
E02000123,Brent 031,7,13693,50.3827,0.5702,0.2488,27.5856,0.2076,1.1746,47.3634,45.4656,0.792,0.5637,310,1
E02000124,Brent 032,5,9665,21.3973,0.2364,0.1164,6.446,-0.4196,0.3854,31.7973,43.3416,0.335,0.3034,2810,5
E02000125,Brent 033,6,9738,21.1721,0.2389,0.1185,8.3579,-0.4228,-0.1,37.2906,36.7045,0.3032,0.2775,2846,5
E02000126,Brent 034,4,7968,31.1868,0.4282,0.1851,16.4849,0.2708,0.3705,33.5992,24.4709,0.6226,0.622,1436,3
E02000127,Bromley 001,6,9301,27.836,0.3231,0.1862,31.29,0.0414,0.6024,19.8179,23.3334,0.4134,0.3435,1832,3
E02000128,Bromley 002,5,7637,11.0495,0.1477,0.0932,8.6346,-0.6672,-0.3382,17.1896,20.3444,0.1795,0.1485,5309,8
E02000130,Bromley 004,5,8393,17.6069,0.2092,0.1146,6.4768,-0.4716,0.2715,19.3107,39.2638,0.2789,0.2324,3570,6
E02000131,Bromley 005,6,10432,19.1619,0.2377,0.1098,8.9281,-0.4144,0.4016,26.8855,33.7987,0.3796,0.363,3241,5
E02000132,Bromley 006,5,9887,12.2787,0.1864,0.0912,5.8762,-0.6485,-0.0226,16.8447,22.3219,0.3063,0.1854,4952,8
E02000133,Bromley 007,6,10728,4.3712,0.0598,0.0441,1.5592,-1.6279,-0.765,18.0205,18.5659,0.0713,0.0608,6710,10
E02000134,Bromley 008,7,11800,17.1077,0.2027,0.1143,6.5343,-0.4046,0.2853,20.7214,35.725,0.2826,0.2123,3678,6
E02000135,Bromley 009,6,9731,36.5736,0.405,0.2194,25.5344,0.6485,0.7967,32.0778,28.3128,0.5438,0.5009,971,2
E02000136,Bromley 010,4,5695,16.1799,0.1731,0.1222,17.6925,-0.4877,0.2836,19.9974,13.8848,0.1968,0.1839,3900,6
E02000137,Bromley 011,5,8334,7.5195,0.1037,0.0674,2.4563,-0.8383,-0.5826,18.9393,22.8251,0.1469,0.0964,6206,10
E02000138,Bromley 012,5,8477,4.8839,0.0818,0.0528,1.8944,-1.4162,-0.6541,14.7448,19.4508,0.1236,0.0734,6653,10
E02000139,Bromley 013,5,7737,11.871,0.1456,0.086,4.4376,-0.5364,-0.233,13.5743,37.0845,0.1723,0.1694,5073,8
E02000140,Bromley 014,5,8690,31.0157,0.3381,0.2159,35.1464,0.4699,0.718,16.8449,16.5595,0.412,0.3217,1445,3
E02000141,Bromley 015,5,7256,15.7114,0.1932,0.1126,7.3291,-0.5068,0.0359,21.4269,32.0451,0.2561,0.1882,4027,6
E02000142,Bromley 016,5,8756,6.475,0.0951,0.0595,2.5672,-1.0095,-0.6544,15.3399,26.2626,0.1244,0.0903,6419,10
E02000144,Bromley 018,6,10178,9.1596,0.1183,0.0714,2.3314,-1.1769,-0.1143,19.5118,24.1302,0.1623,0.1019,5800,9
E02000145,Bromley 019,5,8786,31.7064,0.3734,0.2025,30.7639,0.2794,0.7942,26.098,17.3354,0.5053,0.3361,1384,3
E02000146,Bromley 020,5,9780,10.2995,0.1269,0.0741,4.5501,-0.5636,-0.2398,19.9758,28.1496,0.1508,0.1703,5507,9
E02000147,Bromley 021,5,8275,3.4199,0.0599,0.042,1.6376,-1.7466,-1.2779,15.135,13.6542,0.0807,0.0549,6794,10
E02000148,Bromley 022,4,6716,4.9145,0.0806,0.0583,2.6121,-1.3084,-0.7892,13.1938,16.6271,0.0824,0.0744,6650,10
E02000149,Bromley 023,5,8193,20.0729,0.255,0.1473,23.9114,-0.0865,0.0302,17.6565,18.2973,0.3669,0.1921,3034,5
E02000150,Bromley 024,5,8634,9.089,0.1171,0.0826,4.6918,-0.9195,-0.347,13.7265,19.4239,0.1365,0.1081,5820,9
E02000151,Bromley 025,5,7614,2.2059,0.0439,0.0381,2.3063,-1.7168,-1.1099,8.6788,11.3077,0.0537,0.0368,6845,10
E02000152,Bromley 026,4,8038,19.8806,0.2494,0.1445,19.6009,0.0251,0.1851,20.0037,13.0765,0.306,0.2476,3079,5
E02000153,Bromley 027,5,8031,4.3294,0.0569,0.0563,4.992,-1.5182,-1.2103,12.7069,10.6624,0.0654,0.06,6717,10
E02000154,Bromley 028,5,8658,9.7006,0.1336,0.0779,6.403,-0.9877,-0.1577,14.3673,19.4878,0.197,0.1146,5657,9
E02000155,Bromley 029,5,7107,12.9339,0.1692,0.1081,13.7529,-0.4987,-0.1986,15.8299,17.8705,0.2711,0.1191,4758,7
E02000156,Bromley 030,8,12171,5.3407,0.0758,0.0546,4.3306,-1.2522,-1.0172,12.9334,22.4404,0.1069,0.06,6591,10
E02000157,Bromley 031,5,8365,2.9278,0.054,0.0401,2.2764,-1.5525,-1.1794,10.7413,15.2127,0.0881,0.0351,6822,10
E02000158,Bromley 032,5,7751,18.6864,0.2416,0.1459,13.4108,-0.4335,-0.0508,18.5791,9.1911,0.3293,0.1714,3355,5
E02000159,Bromley 033,4,7172,6.1438,0.0793,0.0559,8.0296,-1.4738,-0.3172,16.2772,15.4301,0.1388,0.0483,6469,10
E02000160,Bromley 034,5,8212,6.0746,0.0794,0.0555,4.6841,-1.3528,-0.5122,17.9534,19.8255,0.115,0.0583,6478,10
E02000161,Bromley 035,5,8698,3.2222,0.0611,0.048,3.9056,-1.4188,-1.5132,13.312,8.7849,0.0752,0.0514,6807,10
E02000162,Bromley 036,4,7115,11.4187,0.1464,0.0938,10.8123,-0.79,-0.3358,18.6611,17.7877,0.1873,0.1327,5200,8
E02000163,Bromley 037,5,7686,6.6134,0.0965,0.0655,6.1665,-1.0498,-0.8131,17.1538,15.678,0.1391,0.0792,6390,10
E02000165,Bromley 039,5,7047,10.4265,0.1259,0.0735,19.4389,-0.7746,-0.2839,23.5738,6.3108,0.2204,0.0608,5477,8
E02000166,Camden 001,5,7678,23.1905,0.2534,0.1598,8.9208,-0.2647,0.6161,14.6125,40.9014,0.353,0.2799,2514,4
E02000167,Camden 002,5,7255,8.5,0.0687,0.0457,1.939,-1.3263,-0.1355,7.2685,47.7275,0.0749,0.1053,5980,9
E02000168,Camden 003,5,7882,18.1799,0.2013,0.115,4.2284,0.0207,0.1833,14.5467,45.3614,0.2738,0.2735,3457,6
E02000169,Camden 004,5,7263,8.0536,0.1012,0.0603,4.2566,-1.1889,-0.6471,12.7994,37.3463,0.117,0.1148,6089,9
E02000170,Camden 005,5,8083,17.612,0.2055,0.1056,4.6022,-0.2997,0.0232,19.7536,45.1733,0.2745,0.2791,3569,6
E02000171,Camden 006,5,7451,16.1766,0.2033,0.1098,6.571,-0.1537,0.1667,11.5295,39.2874,0.271,0.264,3902,6
E02000172,Camden 007,6,9711,35.9783,0.4246,0.2216,20.2986,0.8346,0.4713,21.7768,35.1605,0.6358,0.5144,1005,2
E02000173,Camden 008,5,7812,10.304,0.1126,0.0623,5.4941,-0.7639,-0.4301,15.7773,37.2098,0.1119,0.2335,5506,9
E02000174,Camden 009,5,8392,25.6127,0.3151,0.1619,10.5517,0.365,0.2122,19.0137,44.2858,0.4597,0.4557,2132,4
E02000175,Camden 010,5,9328,19.5203,0.2041,0.1122,9.2449,-0.1079,0.3219,21.3351,43.8588,0.3243,0.3498,3148,5
E02000176,Camden 011,4,6017,8.4183,0.0877,0.062,5.6326,-0.6415,-0.4495,14.7133,34.6291,0.0572,0.1723,6003,9
E02000177,Camden 012,5,8505,31.7159,0.3905,0.183,18.2098,0.6467,0.5668,20.3075,36.175,0.6121,0.4852,1382,3
E02000178,Camden 013,5,9078,32.8574,0.3814,0.1869,15.051,0.63,0.7256,24.4199,42.7083,0.5817,0.6254,1266,2
E02000179,Camden 014,4,5939,20.485,0.2605,0.143,9.9012,-0.2216,0.3314,18.3692,35.6438,0.4187,0.2883,2962,5
E02000180,Camden 015,4,8051,27.3307,0.3096,0.1563,9.1709,0.3235,0.568,25.8752,43.5703,0.5471,0.4452,1882,3
E02000181,Camden 016,5,8245,11.9032,0.1513,0.0753,5.5143,-0.5666,-0.4229,17.4116,34.9686,0.233,0.2436,5055,8
E02000182,Camden 017,4,7418,16.4292,0.2017,0.0987,10.925,-0.5126,0.1606,20.7937,36.6563,0.3135,0.2655,3842,6
E02000183,Camden 018,5,7665,19.5698,0.2169,0.1257,9.8522,-0.2442,0.2916,20.085,37.4843,0.313,0.3468,3135,5
E02000184,Camden 019,5,9459,29.6293,0.3294,0.1541,20.1816,0.5734,0.6228,26.9231,39.3168,0.6401,0.5359,1603,3
E02000185,Camden 020,5,8977,35.6413,0.4514,0.2084,20.3411,0.4818,0.6197,25.49,40.06,0.6381,0.5665,1030,2
E02000186,Camden 021,4,6497,29.9283,0.2805,0.1531,13.0084,0.4624,0.8692,28.9845,47.1255,0.4674,0.4478,1559,3
E02000187,Camden 022,6,10371,37.6338,0.4158,0.1893,25.3812,0.6436,0.4888,36.8695,44.5503,0.689,0.5928,891,2
E02000188,Camden 023,4,7474,32.5365,0.3847,0.1731,24.429,0.5303,0.087,36.1576,34.9493,0.6791,0.5828,1301,2
E02000191,Camden 026,3,6153,18.9891,0.1324,0.0784,10.6282,0.062,-0.181,25.0097,64.0543,0.4522,0.3914,3280,5
E02000192,Camden 027,4,6962,29.6645,0.3695,0.1692,17.722,0.3158,-0.7143,25.7427,50.4504,0.7094,0.4761,1591,3
E02000193,Camden 028,4,7243,22.4743,0.1838,0.1328,10.5667,-0.0015,0.16,23.0672,58.9519,0.3555,0.3334,2642,4
E02000194,Croydon 001,5,9663,20.8782,0.2437,0.1449,9.0188,-0.0884,0.233,26.7681,29.6738,0.3286,0.2244,2893,5
E02000195,Croydon 002,5,9681,15.0066,0.2097,0.1005,11.7565,-0.8841,0.1656,18.6424,30.2392,0.3368,0.1286,4209,7
E02000196,Croydon 003,4,8103,24.9103,0.332,0.1633,19.49,-0.1642,0.2891,19.8824,28.4353,0.5351,0.2605,2230,4
E02000197,Croydon 004,5,9081,21.4727,0.2936,0.1315,16.186,-0.2919,0.2683,22.065,32.2368,0.4611,0.2583,2793,5
E02000198,Croydon 005,5,8870,30.9605,0.3629,0.1802,24.6757,0.3103,0.4351,28.3905,36.5288,0.5575,0.3074,1453,3
E02000199,Croydon 006,5,8369,23.1926,0.2692,0.1399,16.9671,-0.1273,0.3597,27.6481,33.6035,0.3931,0.1769,2513,4
E02000200,Croydon 007,5,9042,23.4596,0.2487,0.1357,14.0844,-0.0474,0.332,31.7696,36.3276,0.3734,0.2186,2479,4
E02000201,Croydon 008,5,8423,33.3335,0.3745,0.2044,20.6799,0.3359,0.6726,31.2389,36.2611,0.5209,0.3733,1217,2
E02000202,Croydon 009,6,9004,22.2067,0.2914,0.1406,20.4355,-0.1163,-0.0092,22.2184,33.0635,0.467,0.1901,2690,4
E02000203,Croydon 010,5,8005,34.4938,0.3884,0.1974,23.0913,0.2016,0.7753,29.8107,40.7372,0.5632,0.3262,1123,2
E02000204,Croydon 011,6,9820,26.5994,0.3501,0.1521,20.0736,-0.1187,0.5848,23.8567,34.2206,0.5321,0.2273,1992,3
E02000206,Croydon 013,6,10828,32.7995,0.3808,0.1973,22.8147,0.3562,0.6536,26.5638,38.8632,0.5254,0.3848,1270,2
E02000207,Croydon 014,5,8725,29.2256,0.3427,0.1908,21.1106,0.2968,0.4199,27.9149,29.1421,0.5244,0.3349,1662,3
E02000208,Croydon 015,6,11105,39.9906,0.47,0.2314,25.8754,0.6594,0.8392,29.4126,31.4147,0.5825,0.5091,744,2
E02000209,Croydon 016,5,9024,26.8405,0.3495,0.1471,21.438,-0.0617,0.2717,30.2508,33.8428,0.4899,0.2999,1955,3
E02000210,Croydon 017,5,8753,21.6667,0.2537,0.1261,16.3985,-0.122,0.067,28.3375,35.652,0.4224,0.1959,2765,5
E02000211,Croydon 018,5,8304,9.5571,0.136,0.0839,9.3004,-0.7512,-0.6125,21.2925,12.8202,0.2008,0.1064,5695,9
E02000212,Croydon 019,5,9607,33.4553,0.4229,0.1819,27.161,0.036,0.7281,28.3644,36.6506,0.5919,0.3919,1204,2
E02000213,Croydon 020,7,12974,36.4022,0.4055,0.2019,24.3601,0.3812,1.2034,27.4929,36.1913,0.5477,0.5324,980,2
E02000214,Croydon 021,4,6198,11.667,0.1416,0.0846,10.2778,-0.6386,-0.1821,17.1796,29.4855,0.2299,0.0809,5131,8
E02000215,Croydon 022,6,11788,26.2911,0.3053,0.1586,17.2114,0.1927,0.3512,26.4512,35.5765,0.4687,0.3133,2032,3
E02000216,Croydon 023,4,7146,11.6514,0.1763,0.0828,5.3327,-0.7949,-0.4928,24.951,20.0992,0.2435,0.1839,5139,8
E02000217,Croydon 024,7,12009,29.2107,0.3372,0.1651,21.1168,0.014,0.8093,26.9673,35.9798,0.498,0.4106,1664,3
E02000218,Croydon 025,4,6537,23.3009,0.3164,0.1647,17.4097,-0.3889,0.0398,24.0212,13.888,0.4291,0.2904,2497,4
E02000219,Croydon 026,5,7711,8.2606,0.1069,0.0751,6.734,-0.9337,-0.442,17.2213,20.8551,0.2105,0.061,6039,9
E02000221,Croydon 028,5,10969,25.7942,0.3338,0.1739,18.0509,0.3301,0.2531,23.0341,21.8197,0.4632,0.3373,2107,4
E02000222,Croydon 029,5,8380,15.3475,0.2029,0.1056,10.0842,-0.4523,-0.1488,18.1184,30.4645,0.3193,0.1891,4124,7
E02000223,Croydon 030,5,8363,42.5718,0.5241,0.2529,39.989,0.6173,0.3627,37.206,11.0377,0.6366,0.5192,607,1
E02000224,Croydon 031,5,8078,17.54,0.2216,0.1129,9.9951,-0.4644,-0.1253,19.2176,41.3493,0.328,0.184,3587,6
E02000225,Croydon 032,5,7449,32.7402,0.3768,0.1986,39.8268,0.4476,0.1222,33.4181,11.8296,0.5031,0.3169,1277,2
E02000226,Croydon 033,5,7663,5.8084,0.0933,0.0691,5.5774,-0.9248,-0.8748,13.8351,9.9187,0.1499,0.0575,6516,10
E02000227,Croydon 034,8,11576,17.7143,0.2315,0.1287,17.0284,-0.2219,-0.5143,23.1217,13.8821,0.3592,0.1626,3550,6
E02000228,Croydon 035,5,8010,3.4936,0.0622,0.0487,2.5746,-1.1553,-1.1971,13.216,12.6421,0.0829,0.0442,6791,10
E02000229,Croydon 036,4,6274,44.3993,0.4835,0.2689,41.6094,0.8391,0.72,35.5424,12.14,0.6637,0.413,533,1
E02000230,Croydon 037,6,10760,14.9098,0.1918,0.1212,8.9167,-0.5063,-0.2381,17.6436,23.0587,0.3146,0.1264,4229,7
E02000231,Croydon 038,5,7961,6.4943,0.098,0.0662,2.816,-0.8239,-0.5866,13.2085,19.8043,0.1479,0.0648,6417,10
E02000232,Croydon 039,4,6169,8.4986,0.124,0.0803,11.8563,-0.5079,-0.7791,16.3373,7.2386,0.1865,0.1052,5981,9
E02000233,Croydon 040,4,6309,14.0023,0.1942,0.1047,8.5794,-0.3459,-0.4829,21.9555,22.0828,0.2694,0.1587,4461,7
E02000234,Croydon 041,5,9591,15.2549,0.2119,0.1169,11.3344,-0.3545,-0.1248,18.9339,18.9786,0.3046,0.1814,4152,7
E02000235,Croydon 042,4,6943,9.3718,0.1281,0.0738,7.4425,-0.7966,-0.6515,24.694,13.5066,0.1958,0.0897,5747,9
E02000236,Croydon 043,5,9256,6.9533,0.1095,0.0695,7.2414,-0.8862,-0.8741,16.2144,12.6891,0.1483,0.0803,6336,10
E02000237,Croydon 044,5,7574,11.1042,0.1379,0.0933,9.5723,-0.538,-0.4394,19.7134,12.7294,0.1705,0.1315,5294,8
E02000238,Ealing 001,5,10910,23.6393,0.3108,0.117,18.662,-0.5051,-0.2801,42.2473,26.6274,0.4919,0.2496,2459,4
E02000239,Ealing 002,5,9254,18.6189,0.2595,0.0991,17.2409,-0.8347,-0.2419,35.0588,22.3459,0.4602,0.1746,3369,5
E02000240,Ealing 003,6,11172,33.3632,0.4168,0.1696,26.6324,-0.0293,0.3136,46.1424,21.3268,0.6098,0.3707,1211,2
E02000241,Ealing 004,4,7488,25.7112,0.3212,0.1133,20.1221,-0.6486,0.2069,44.1701,30.4498,0.5293,0.2302,2118,4
E02000242,Ealing 005,4,6993,22.8762,0.3247,0.1182,22.496,-0.5964,-0.2702,36.1371,26.4699,0.5711,0.1847,2575,4
E02000243,Ealing 006,5,8770,27.1283,0.3374,0.1373,21.1848,-0.1134,0.086,39.219,30.5861,0.5525,0.2648,1906,3
E02000244,Ealing 007,4,7791,29.8189,0.4071,0.1632,16.6905,-0.3388,0.3846,38.6443,31.9315,0.6499,0.2794,1574,3
E02000245,Ealing 008,5,9383,39.9034,0.5031,0.1931,31.0114,0.3608,0.7337,44.4687,20.1828,0.6928,0.5078,750,2
E02000246,Ealing 009,5,9672,34.1172,0.4064,0.1636,28.8562,0.0733,0.364,47.0243,24.7234,0.5674,0.3839,1147,2
E02000247,Ealing 010,6,11069,32.2714,0.4219,0.1694,22.9477,0.039,0.2147,43.6301,19.4955,0.605,0.3891,1320,2
E02000248,Ealing 011,4,8017,25.9034,0.3431,0.1438,14.0232,-0.7414,0.0828,37.2804,37.3162,0.5414,0.2434,2096,4
E02000249,Ealing 012,4,8568,28.1449,0.3373,0.1366,17.6043,-0.0855,0.2883,42.1751,31.7841,0.5275,0.2956,1794,3
E02000250,Ealing 013,4,6342,9.2208,0.1122,0.0597,1.1008,-1.2353,-0.6525,21.0414,38.8682,0.1661,0.0959,5786,9
E02000251,Ealing 014,5,8360,23.7066,0.2971,0.115,22.844,-0.5253,-0.0639,42.504,23.4203,0.4919,0.1952,2447,4
E02000252,Ealing 015,6,12895,30.1178,0.3799,0.1445,18.7454,0.0119,0.1494,39.1844,37.5411,0.7747,0.4262,1538,3
E02000253,Ealing 016,6,10257,34.1399,0.4167,0.19,20.9173,0.1487,0.1835,46.1909,22.5421,0.5757,0.4212,1145,2
E02000254,Ealing 017,5,9284,29.5067,0.3184,0.1257,33.6113,0.0855,-0.1131,46.4313,30.7637,0.4864,0.2336,1620,3
E02000255,Ealing 018,6,9753,24.4749,0.3254,0.1401,10.6535,-0.4162,-0.2496,33.5505,31.1107,0.4865,0.2655,2311,4
E02000256,Ealing 019,6,9267,16.6733,0.2245,0.0926,4.0689,-0.6552,-0.3811,26.954,39.0516,0.3611,0.2445,3776,6
E02000258,Ealing 021,4,7016,20.6033,0.2365,0.1246,11.2789,-0.4688,-0.0329,33.1845,35.9032,0.3195,0.2364,2939,5
E02000259,Ealing 022,4,6568,20.1054,0.2438,0.1019,5.4508,-0.6351,-0.0753,41.4682,34.7154,0.3826,0.1584,3027,5
E02000260,Ealing 023,5,9871,34.9381,0.3927,0.1433,37.0702,-0.0136,0.4598,46.4042,33.0906,0.591,0.3329,1085,2
E02000261,Ealing 024,6,12673,24.2347,0.3293,0.1296,13.1221,-0.2969,0.2552,35.0516,30.6661,0.5407,0.3633,2342,4
E02000262,Ealing 025,5,9284,27.5936,0.3419,0.1588,10.3474,0.0065,0.6878,27.8888,38.4735,0.4791,0.4267,1857,3
E02000263,Ealing 026,6,14170,33.7261,0.3981,0.1343,39.9342,-0.078,0.3143,46.1447,31.1411,0.6128,0.3386,1184,2
E02000264,Ealing 027,5,8498,17.6069,0.2021,0.097,4.7396,-0.4297,0.1752,25.097,42.7693,0.3638,0.1963,3571,6
E02000265,Ealing 028,6,11353,29.8888,0.3537,0.1629,12.137,0.1289,0.4206,32.9382,39.8523,0.5231,0.4228,1564,3
E02000266,Ealing 029,7,13376,36.0735,0.4255,0.1908,27.7721,0.2873,0.4606,43.5392,23.5376,0.5828,0.4565,1000,2
E02000267,Ealing 030,4,8120,23.2106,0.2648,0.1232,8.0995,-0.3646,0.1321,40.1911,35.7045,0.3631,0.2663,2511,4
E02000268,Ealing 031,6,9132,19.3021,0.2167,0.1222,7.1848,-0.3417,0.1015,30.2431,33.6203,0.2768,0.2381,3199,5
E02000269,Ealing 032,5,8304,13.0136,0.1559,0.068,1.3459,-1.0953,-0.3093,25.7391,45.125,0.2414,0.1204,4733,7
E02000270,Ealing 033,5,9652,24.7662,0.3454,0.1608,8.5332,0.0514,0.1094,25.3095,30.3709,0.4917,0.5502,2258,4
E02000271,Ealing 034,4,6861,11.9605,0.1282,0.0661,1.9682,-1.4777,-0.6011,23.9844,46.8458,0.1483,0.1564,5034,8
E02000272,Ealing 035,4,6630,12.3095,0.1458,0.0729,3.4731,-0.9808,-0.6918,28.4269,36.5716,0.1972,0.1016,4945,8
E02000275,Ealing 038,4,8531,35.0144,0.4017,0.1444,32.5897,0.04,0.5236,47.1119,34.1171,0.5788,0.4204,1079,2
E02000276,Ealing 039,4,6671,14.3434,0.1642,0.0799,2.6578,-0.6313,-0.3718,29.5634,38.705,0.2137,0.2538,4376,7
E02000277,Enfield 001,4,7592,34.3809,0.4483,0.1883,35.3297,-0.1193,0.3898,33.9204,29.9471,0.7106,0.252,1129,2
E02000278,Enfield 002,5,9321,44.5698,0.5321,0.2372,46.7004,0.2994,0.7659,34.2256,30.2211,0.7386,0.3819,525,1
E02000279,Enfield 003,6,12197,37.2522,0.4962,0.2231,34.9253,0.1985,0.5058,30.7198,17.2136,0.665,0.4778,916,2
E02000280,Enfield 004,5,8680,22.71,0.2648,0.1422,16.4068,-0.2926,0.2008,25.5746,35.4671,0.3629,0.2204,2604,4
E02000281,Enfield 005,5,9622,30.6975,0.3986,0.1872,23.5416,0.0289,0.3909,32.8922,20.3472,0.5711,0.3015,1480,3
E02000282,Enfield 006,5,9939,46.7044,0.5721,0.2557,45.699,0.2545,0.6841,35.9391,28.4167,0.7237,0.4441,438,1
E02000283,Enfield 007,5,8435,37.0021,0.4669,0.2077,40.5115,-0.0392,0.4693,35.0564,24.4751,0.7086,0.267,937,2
E02000284,Enfield 008,5,8640,17.9747,0.242,0.1188,11.9057,-0.5649,0.019,21.7164,31.8489,0.3554,0.1864,3497,6
E02000285,Enfield 009,4,6615,10.0876,0.1507,0.0814,6.4855,-0.9251,-0.532,17.1735,27.4124,0.2552,0.0909,5565,9
E02000286,Enfield 010,5,8668,15.0714,0.2061,0.1239,6.9139,-0.6334,-0.2648,22.325,21.8404,0.2851,0.1182,4191,7
E02000287,Enfield 011,4,7428,12.4533,0.1486,0.0826,6.4753,-1.1397,-0.2092,27.8833,20.3353,0.1925,0.1471,4892,8
E02000288,Enfield 012,6,12807,39.996,0.488,0.2021,41.9673,0.0721,0.6405,39.0187,28.4152,0.6352,0.4246,743,2
E02000289,Enfield 013,4,6765,7.8556,0.1254,0.0731,5.7627,-1.2912,-0.6405,16.1878,20.1519,0.1849,0.0998,6141,9
E02000290,Enfield 014,3,6769,43.4355,0.5578,0.2504,37.2745,0.3233,0.4618,34.8196,24.257,0.7218,0.4651,565,1
E02000291,Enfield 015,5,10028,26.8259,0.3477,0.1604,19.9844,-0.3046,0.3575,27.9249,32.4717,0.5228,0.3088,1960,3
E02000292,Enfield 016,6,9785,24.1204,0.336,0.1301,17.9259,-0.4132,-0.0024,30.9918,35.4222,0.5088,0.2011,2373,4
E02000293,Enfield 017,4,6305,8.4034,0.1172,0.0682,4.6835,-1.1018,-0.7453,15.3738,31.1082,0.1781,0.078,6006,9
E02000294,Enfield 018,5,9394,36.7737,0.5102,0.1821,38.4943,-0.0921,0.3631,36.0236,27.0592,0.7983,0.3167,957,2
E02000295,Enfield 019,5,8528,15.4124,0.2106,0.1085,9.8639,-0.6707,-0.3856,25.8665,23.9444,0.2899,0.182,4104,6
E02000296,Enfield 020,6,10359,20.9639,0.3074,0.1252,15.026,-0.5985,-0.0334,29.9558,26.6743,0.4504,0.2638,2881,5
E02000297,Enfield 021,6,9273,11.868,0.168,0.0865,10.123,-0.908,-0.3581,19.7638,26.597,0.2548,0.1246,5074,8
E02000298,Enfield 022,5,8173,8.5901,0.1118,0.0651,4.5936,-1.2696,-0.7349,20.4673,27.8879,0.1458,0.1022,5956,9
E02000299,Enfield 023,5,9583,45.9238,0.5788,0.2364,46.5946,0.086,0.4598,36.3597,37.9342,0.8076,0.3477,468,1
E02000300,Enfield 024,5,8766,41.8897,0.5164,0.2051,41.3345,-0.0846,0.4134,43.6108,36.0995,0.7457,0.3329,644,1
E02000301,Enfield 025,6,10012,47.8527,0.5935,0.2542,45.6448,0.2814,0.5927,37.2054,30.2011,0.8304,0.527,400,1
E02000302,Enfield 026,5,8657,20.1093,0.2668,0.1239,18.2222,-0.523,-0.1006,30.2344,24.2923,0.4116,0.2048,3026,5
E02000303,Enfield 027,5,8221,49.0389,0.5811,0.2511,45.6562,0.464,0.7008,39.3079,32.7038,0.7777,0.5288,362,1
E02000304,Enfield 028,5,7916,8.2612,0.1044,0.0647,4.1095,-1.2362,-0.7331,19.9245,30.5179,0.1491,0.0922,6037,9
E02000305,Enfield 029,5,8687,19.1622,0.253,0.1058,11.2445,-0.6372,0.0325,29.7547,34.3376,0.3736,0.2121,3240,5
E02000306,Enfield 030,5,8849,52.0415,0.6163,0.2636,44.6597,0.5562,0.8897,40.397,30.9293,0.7533,0.6848,265,1
E02000307,Enfield 031,6,9900,31.687,0.4141,0.1541,36.3989,-0.2991,0.162,35.5923,33.6987,0.6229,0.2604,1389,3
E02000308,Enfield 032,5,8756,24.1808,0.2936,0.1443,18.9642,-0.4409,0.1825,28.1738,34.5724,0.4176,0.288,2355,4
E02000309,Enfield 033,6,11580,46.2383,0.5348,0.2186,44.6794,0.0679,0.9406,41.4845,41.3283,0.715,0.4595,456,1
E02000311,Enfield 035,6,10434,30.1502,0.3732,0.1586,27.0556,-0.2397,0.3281,38.4058,31.9376,0.5919,0.3369,1534,3
E02000312,Enfield 036,6,11246,24.7945,0.2911,0.1338,16.8151,-0.4781,0.1609,35.9927,39.1108,0.4318,0.2939,2253,4
E02000313,Greenwich 001,4,6346,34.3332,0.4175,0.2131,22.9808,0.5137,0.5009,34.609,20.053,0.5138,0.4916,1133,2
E02000314,Greenwich 002,7,13552,26.7134,0.305,0.1524,13.0447,0.5626,0.3921,36.7458,15.5975,0.4377,0.4358,1975,3
E02000315,Greenwich 003,5,9924,31.8664,0.37,0.1853,21.7085,0.5616,0.8563,33.3645,16.43,0.481,0.4063,1367,2
E02000317,Greenwich 005,4,7436,32.5041,0.3927,0.1988,22.1305,0.5052,0.4541,32.3123,21.1599,0.5598,0.486,1304,2
E02000318,Greenwich 006,5,11313,31.4251,0.3292,0.154,27.119,0.0058,0.5058,41.6683,39.5832,0.4431,0.4679,1417,3
E02000319,Greenwich 007,6,10606,29.9923,0.3423,0.1624,20.5051,0.2401,0.2882,38.5997,30.1513,0.5034,0.4034,1555,3
E02000320,Greenwich 008,4,7009,25.4827,0.2808,0.1512,20.8079,0.0848,0.2664,30.633,29.2394,0.4014,0.257,2155,4
E02000321,Greenwich 009,4,7698,32.9468,0.377,0.1841,23.5976,0.4958,0.4695,39.7229,24.076,0.5176,0.4087,1257,2
E02000323,Greenwich 011,6,13044,29.5906,0.3494,0.1664,20.4682,0.4203,0.6724,31.3787,26.4395,0.4896,0.5063,1611,3
E02000324,Greenwich 012,4,7868,27.9668,0.3399,0.1739,19.1668,0.4891,0.4827,25.7555,25.2991,0.458,0.3758,1814,3
E02000326,Greenwich 014,4,7750,18.12,0.2368,0.1171,7.2754,0.0126,-0.0613,19.6012,33.122,0.3304,0.2998,3467,6
E02000327,Greenwich 015,4,6894,28.8645,0.3676,0.167,17.6851,0.6565,0.4884,27.735,21.4631,0.5088,0.5653,1707,3
E02000328,Greenwich 016,4,6543,15.7274,0.1861,0.1081,5.8987,-0.144,0.0207,19.6153,33.3502,0.2462,0.2352,4024,6
E02000329,Greenwich 017,4,6319,22.9119,0.2688,0.1529,17.4629,0.071,0.0934,28.4507,25.1607,0.3974,0.2179,2571,4
E02000331,Greenwich 019,4,8342,27.2161,0.3337,0.1687,17.5984,0.4319,0.526,26.7431,22.4106,0.4836,0.3768,1898,3
E02000332,Greenwich 020,5,7339,17.2068,0.2087,0.1203,8.4328,-0.0818,0.079,21.7797,27.1532,0.3188,0.1681,3655,6
E02000333,Greenwich 021,4,6223,13.3182,0.1461,0.0829,5.6156,-0.5325,0.0958,19.713,37.7125,0.21,0.1566,4648,7
E02000334,Greenwich 022,4,6611,21.03,0.2612,0.1495,13.9603,0.1551,0.2781,21.2876,21.2956,0.3753,0.2652,2871,5
E02000335,Greenwich 023,4,6727,10.0988,0.1163,0.0824,7.3796,-0.5435,-0.8475,21.5906,22.8146,0.1483,0.1466,5561,9
E02000337,Greenwich 025,5,8515,29.1817,0.3389,0.1845,25.9604,0.437,0.304,25.0689,29.9381,0.4637,0.369,1669,3
E02000339,Greenwich 027,4,6434,16.1476,0.1591,0.1035,5.9903,-0.3158,0.3142,22.044,37.8652,0.2193,0.1575,3906,6
E02000340,Greenwich 028,4,7173,15.8441,0.1751,0.0988,10.679,-0.5643,0.3745,22.8469,30.3112,0.2679,0.1188,3987,6
E02000341,Greenwich 029,5,7937,36.4303,0.3986,0.2217,31.3389,0.8063,0.7253,31.0266,18.7405,0.5286,0.4268,979,2
E02000342,Greenwich 030,3,6496,21.4376,0.2532,0.1342,19.0378,0.0169,0.1257,29.8961,18.0701,0.3946,0.2636,2801,5
E02000343,Greenwich 031,4,7099,25.7493,0.287,0.173,21.8574,0.2812,0.4045,23.9497,19.4869,0.3949,0.2779,2112,4
E02000344,Greenwich 032,4,6410,13.2962,0.1489,0.0999,9.7601,-0.2768,-0.4587,21.0589,26.0546,0.2071,0.1337,4654,7
E02000345,Hackney 001,5,8316,51.4829,0.7924,0.1826,42.9976,0.611,0.0891,43.2927,38.4393,0.9682,0.4916,289,1
E02000346,Hackney 002,5,9759,31.6194,0.4106,0.1743,19.287,0.6298,0.5995,23.2179,30.9154,0.6839,0.5822,1398,3
E02000347,Hackney 003,5,8134,45.4136,0.7329,0.1754,32.4468,0.4745,-0.1495,40.1278,34.9718,0.9359,0.5388,492,1
E02000348,Hackney 004,5,8214,54.5665,0.8641,0.2357,39.4659,1.0482,0.2396,38.8767,32.7037,0.9759,0.6975,197,1
E02000350,Hackney 006,5,10259,26.767,0.3977,0.1255,11.0594,0.1983,0.0058,28.8309,39.4453,0.6772,0.4725,1968,3
E02000351,Hackney 007,6,9283,24.6897,0.2778,0.1334,8.4055,0.5014,0.4955,25.7241,37.5466,0.4552,0.4882,2278,4
E02000352,Hackney 008,4,6793,25.7268,0.3603,0.1527,8.358,0.5707,0.1382,21.9947,28.3917,0.501,0.453,2115,4
E02000353,Hackney 009,5,7831,19.7955,0.2282,0.1151,3.7162,0.0735,0.3221,21.2127,43.156,0.3438,0.3505,3097,5
E02000354,Hackney 010,6,9600,32.3503,0.3867,0.1851,16.5563,0.8544,0.5786,23.6133,35.7946,0.5434,0.6868,1314,2
E02000355,Hackney 011,5,8247,26.2092,0.2734,0.1571,5.7581,0.3298,0.705,28.1726,42.3156,0.3294,0.383,2043,3
E02000356,Hackney 012,4,6907,18.4569,0.2245,0.1297,3.1545,0.3016,0.2257,14.5051,35.237,0.3036,0.3761,3394,5
E02000357,Hackney 013,4,6801,39.0107,0.4757,0.2367,21.6702,0.8532,0.6328,33.3373,21.4504,0.6576,0.5948,804,2
E02000358,Hackney 014,6,11017,27.7078,0.352,0.166,10.1069,0.6906,0.4336,20.1573,36.8223,0.5582,0.5569,1842,3
E02000359,Hackney 015,4,6730,23.7811,0.2797,0.147,8.1515,0.3706,0.2281,28.7511,32.2997,0.3504,0.4129,2435,4
E02000360,Hackney 016,6,11528,35.1221,0.4398,0.2037,15.8037,0.8627,0.5808,25.406,36.529,0.6165,0.7073,1074,2
E02000361,Hackney 017,4,8249,34.7233,0.3066,0.3157,7.9676,0.7712,1.1865,29.3867,46.4316,0.5094,0.5875,1107,2
E02000362,Hackney 018,4,7293,36.9773,0.3892,0.2011,16.2825,0.9435,1.0559,33.0177,34.8564,0.6356,0.5987,939,2
E02000363,Hackney 019,6,11987,40.7076,0.4777,0.2181,19.2923,0.9685,0.7901,34.5816,34.4042,0.6515,0.6592,702,2
E02000364,Hackney 020,6,9204,25.0405,0.2832,0.1476,5.814,0.422,0.6968,23.0039,40.4275,0.3923,0.5445,2209,4
E02000366,Hackney 022,5,8437,33.6992,0.3598,0.2042,11.5622,0.7682,0.7606,30.3229,37.437,0.5026,0.4918,1185,2
E02000367,Hackney 023,6,10622,27.3659,0.2798,0.1409,6.2389,0.8756,0.8759,26.0694,34.7937,0.4463,0.5385,1878,3
E02000368,Hackney 024,6,10019,31.9213,0.3975,0.2002,14.8762,0.7435,0.696,22.0498,30.8768,0.587,0.6357,1359,2
E02000369,Hackney 025,8,13317,27.0645,0.3549,0.156,11.3806,0.4535,0.5237,21.1067,33.7571,0.587,0.6194,1916,3
E02000370,Hackney 026,6,8920,26.9518,0.3415,0.1683,15.6174,0.4905,0.2813,20.4456,25.5564,0.5677,0.6512,1933,3
E02000372,Hammersmith and Fulham 001,6,10673,33.3421,0.3778,0.1712,20.1227,0.7278,0.277,35.631,34.8734,0.6773,0.5126,1214,2
E02000373,Hammersmith and Fulham 002,4,7080,36.0074,0.4873,0.2077,25.8517,0.363,0.4714,29.1189,30.1532,0.6758,0.5554,1004,2
E02000374,Hammersmith and Fulham 003,4,6979,25.7836,0.3097,0.1502,13.0728,0.2386,0.3194,26.7622,40.5041,0.4653,0.4081,2109,4
E02000375,Hammersmith and Fulham 004,4,7577,28.3827,0.3324,0.1743,10.4929,0.33,0.4504,25.0362,37.2623,0.5133,0.4872,1759,3
E02000376,Hammersmith and Fulham 005,4,6806,27.2127,0.3102,0.151,11.3974,0.3102,0.9881,21.5236,42.342,0.5172,0.5114,1900,3
E02000377,Hammersmith and Fulham 006,5,7839,24.3511,0.2966,0.1481,8.522,0.3077,0.5628,22.4032,36.3775,0.4664,0.455,2328,4
E02000378,Hammersmith and Fulham 007,4,6414,23.1312,0.2555,0.1304,7.0101,0.1925,0.6196,22.29,42.3379,0.393,0.3996,2523,4
E02000379,Hammersmith and Fulham 008,4,7372,15.9603,0.2128,0.111,4.1842,-0.2412,-0.4479,19.9803,30.8691,0.2734,0.3083,3954,6
E02000380,Hammersmith and Fulham 009,4,5504,16.1573,0.1866,0.1089,4.4964,-0.0847,0.0194,16.2612,40.6163,0.2523,0.2848,3905,6
E02000381,Hammersmith and Fulham 010,5,7725,18.1877,0.2118,0.1257,5.4639,-0.1398,-0.0015,21.3397,38.1331,0.2502,0.333,3455,6
E02000382,Hammersmith and Fulham 011,4,6259,16.4921,0.1702,0.095,3.728,-0.3999,0.2589,21.0907,47.8331,0.227,0.2685,3818,6
E02000383,Hammersmith and Fulham 012,6,8657,18.1461,0.1983,0.1044,7.1712,-0.1635,-0.1471,22.2605,46.8237,0.3264,0.3268,3465,6
E02000384,Hammersmith and Fulham 013,5,8439,26.3798,0.2783,0.1544,12.2789,0.4887,0.6529,20.0115,43.246,0.4084,0.4071,2013,3
E02000385,Hammersmith and Fulham 014,4,5543,18.3102,0.1673,0.08,5.902,0.0424,0.3871,23.0069,50.77,0.4478,0.308,3428,5
E02000386,Hammersmith and Fulham 015,5,7579,30.3209,0.3628,0.1765,17.4329,0.4533,0.3368,25.6525,38.1387,0.5841,0.5286,1518,3
E02000387,Hammersmith and Fulham 016,4,6186,22.2238,0.2483,0.1171,10.4061,0.2051,0.2976,28.4548,39.4318,0.413,0.3875,2685,4
E02000388,Hammersmith and Fulham 017,5,8916,19.8254,0.185,0.1052,6.4353,0.0653,0.4493,24.8272,44.7814,0.2913,0.3861,3091,5
E02000389,Hammersmith and Fulham 018,5,8830,10.3447,0.1172,0.0625,1.5766,-0.8605,-0.3129,22.5322,37.5398,0.1639,0.1878,5499,9
E02000390,Hammersmith and Fulham 019,4,6130,19.8626,0.1993,0.102,6.2353,-0.0203,-0.0707,28.7736,48.9438,0.3143,0.37,3083,5
E02000391,Hammersmith and Fulham 020,5,7599,16.9842,0.1523,0.0861,5.6886,-0.2737,0.0436,20.7462,51.9284,0.1741,0.2732,3703,6
E02000392,Hammersmith and Fulham 021,6,9194,18.656,0.1754,0.0953,6.4606,-0.269,0.1186,24.3747,50.7877,0.2469,0.3195,3361,5
E02000393,Hammersmith and Fulham 022,4,5969,10.67,0.0952,0.0478,1.3638,-0.5644,-0.4738,22.1411,48.9008,0.1303,0.2149,5412,8
E02000394,Hammersmith and Fulham 023,6,9543,16.6464,0.228,0.1029,6.1742,0.0779,-0.0658,20.3455,30.7435,0.3508,0.4281,3780,6
E02000395,Hammersmith and Fulham 024,4,5808,11.7849,0.096,0.0531,2.1028,-0.9022,-0.3781,19.2326,54.5948,0.1617,0.1891,5098,8
E02000396,Hammersmith and Fulham 025,4,6885,17.8101,0.2175,0.1039,6.5775,-0.3725,-0.0005,22.9744,41.3346,0.3013,0.3118,3530,6
E02000397,Haringey 001,4,7988,33.6344,0.3758,0.1725,18.5726,-0.1233,0.2807,45.891,44.8087,0.5484,0.4188,1188,2
E02000398,Haringey 002,4,7497,57.2219,0.6216,0.2978,44.87,0.7407,0.9968,48.5219,29.6722,0.8346,0.6295,131,1
E02000400,Haringey 004,4,7847,26.0782,0.3094,0.1551,12.1486,-0.3193,0.2347,38.1137,33.9596,0.4059,0.3509,2073,4
E02000401,Haringey 005,4,6827,41.538,0.4747,0.2253,34.8421,0.3568,0.6452,40.8578,33.5494,0.6495,0.5337,660,1
E02000402,Haringey 006,4,6518,45.8951,0.5405,0.2458,39.8404,0.5045,0.6596,37.1871,36.3469,0.7472,0.5967,469,1
E02000403,Haringey 007,4,7375,32.283,0.3432,0.1524,19.8674,0.0665,0.3029,46.7888,42.2971,0.5038,0.4062,1318,2
E02000404,Haringey 008,4,6955,40.4888,0.4319,0.1969,37.7642,0.1213,0.7108,47.6175,32.7129,0.6458,0.4545,713,2
E02000405,Haringey 009,4,6375,10.4599,0.1129,0.0707,0.8327,-0.9791,-0.2615,20.8224,36.8317,0.1121,0.1212,5472,8
E02000406,Haringey 010,4,6628,37.8536,0.3928,0.1932,29.9521,0.2535,0.6466,45.4333,40.6781,0.5646,0.552,873,2
E02000407,Haringey 011,4,7507,44.7389,0.4881,0.2235,37.1194,0.2839,0.9671,41.9362,43.7794,0.7021,0.5052,518,1
E02000408,Haringey 012,4,8134,42.0305,0.4755,0.2183,37.1326,0.1905,0.8984,40.4494,34.3218,0.6141,0.5713,636,1
E02000409,Haringey 013,4,6024,38.4536,0.4522,0.2201,28.5199,0.1799,0.5842,37.8265,28.3442,0.6706,0.4905,831,2
E02000410,Haringey 014,4,6202,9.4212,0.1212,0.0672,1.4961,-1.1994,-0.2486,15.0011,39.0066,0.1452,0.163,5730,9
E02000411,Haringey 015,5,12087,29.6301,0.3622,0.1541,24.2824,-0.085,0.4759,34.0535,34.1309,0.5901,0.5321,1602,3
E02000412,Haringey 016,4,7451,40.9723,0.4409,0.203,22.8971,0.1279,1.4004,42.8766,39.3556,0.7492,0.4958,690,2
E02000413,Haringey 017,4,7629,12.8397,0.1597,0.0928,4.4054,-0.8399,-0.389,19.1068,31.5498,0.1702,0.2104,4788,7
E02000414,Haringey 018,4,7037,34.2054,0.3737,0.1823,24.8405,0.0726,0.5026,41.9643,40.8954,0.5533,0.3464,1144,2
E02000415,Haringey 019,4,7194,29.3236,0.3288,0.1465,18.2108,-0.1059,0.6354,38.8425,39.8079,0.4601,0.4207,1648,3
E02000416,Haringey 020,6,8312,26.108,0.3112,0.1565,12.7907,0.1846,0.4601,30.277,28.5488,0.4541,0.5403,2068,4
E02000417,Haringey 021,4,6499,9.7789,0.1074,0.0689,2.257,-1.1534,-0.0405,14.2149,37.0904,0.1212,0.1304,5633,9
E02000418,Haringey 022,4,5266,10.5105,0.1092,0.0742,1.0419,-0.8242,-0.3429,18.3846,41.6991,0.0979,0.1666,5456,8
E02000419,Haringey 023,4,8720,27.4034,0.3087,0.1367,18.2645,-0.1917,0.4518,34.054,44.1265,0.4791,0.4275,1875,3
E02000420,Haringey 024,4,8027,37.2949,0.4282,0.1852,25.7846,-0.0347,1.058,39.92,36.6927,0.6918,0.4986,912,2
E02000421,Haringey 025,4,8638,41.8202,0.4541,0.2039,37.4614,0.3743,1.0818,39.5784,38.3818,0.7318,0.6916,649,1
E02000422,Haringey 026,4,7343,37.6972,0.4307,0.1977,29.699,0.322,0.7146,40.4808,34.2585,0.6049,0.5018,885,2
E02000423,Haringey 027,4,6824,26.7684,0.2688,0.1287,18.0722,-0.137,0.6618,34.3775,46.7821,0.4008,0.3419,1967,3
E02000424,Haringey 028,4,6630,18.1588,0.2207,0.1343,3.5101,-0.4212,-0.0127,25.4227,35.31,0.2209,0.2922,3460,6
E02000425,Haringey 029,4,8146,49.7288,0.7691,0.167,44.1519,0.2832,0.0361,42.1541,41.684,0.9829,0.4257,332,1
E02000426,Haringey 030,4,6532,12.4747,0.1367,0.0874,3.8067,-1.0669,-0.1635,20.8237,38.7167,0.1401,0.1668,4886,8
E02000427,Haringey 031,4,6565,26.0336,0.2661,0.137,9.2403,-0.0383,0.8356,29.9187,45.8857,0.4442,0.3461,2080,4
E02000428,Haringey 032,4,8438,38.4875,0.4996,0.1907,25.9726,0.3093,0.4752,37.9583,35.8781,0.8196,0.6059,828,2
E02000429,Haringey 033,4,6521,10.2089,0.1199,0.068,1.6453,-1.035,-0.2857,22.4178,33.6271,0.1334,0.1789,5534,9
E02000430,Haringey 034,4,6769,14.1715,0.1552,0.0873,2.6969,-0.9031,0.0892,26.8304,38.5301,0.1745,0.2501,4421,7
E02000431,Haringey 035,4,5795,11.3592,0.1068,0.069,1.772,-0.7626,-0.1061,20.4657,44.4108,0.1381,0.1701,5216,8
E02000432,Haringey 036,4,5976,22.9157,0.2217,0.1312,6.0928,-0.0876,0.3906,34.6467,41.3955,0.3277,0.3189,2567,4
E02000433,Harrow 001,4,8716,15.718,0.2051,0.092,7.1793,-1.0227,-0.4704,38.5414,18.99,0.369,0.1633,4026,6
E02000434,Harrow 002,6,9853,18.4247,0.2482,0.102,9.8939,-0.8888,-0.2589,37.0982,25.4475,0.4504,0.1686,3401,5
E02000435,Harrow 003,4,8220,22.5448,0.263,0.125,15.417,-0.5502,-0.5035,48.0314,13.4441,0.395,0.2244,2637,4
E02000436,Harrow 004,4,5605,5.4435,0.1124,0.0532,2.6165,-1.4884,-1.2492,15.1085,16.0653,0.2089,0.0883,6574,10
E02000437,Harrow 005,5,8788,18.6552,0.2777,0.1147,14.6156,-0.3119,-0.1905,25.0285,23.0232,0.446,0.2103,3362,5
E02000438,Harrow 006,5,8446,17.2377,0.2497,0.1225,12.5038,-0.6547,-0.3755,20.0289,24.8193,0.3529,0.2354,3651,6
E02000439,Harrow 007,5,9351,22.9556,0.3198,0.1288,21.6492,-0.7673,0.0314,31.7051,24.6948,0.5219,0.2355,2558,4
E02000440,Harrow 008,5,9475,13.1882,0.2143,0.0696,7.7849,-1.1915,-0.7271,33.3475,18.9409,0.3816,0.13,4679,7
E02000441,Harrow 009,4,7253,15.9706,0.2421,0.1137,8.7771,-0.7892,-0.3013,25.2999,18.1245,0.3449,0.233,3952,6
E02000442,Harrow 010,5,9608,19.5899,0.2548,0.093,29.8059,-0.9679,-0.3435,32.2085,27.0424,0.443,0.2129,3131,5
E02000443,Harrow 011,5,10778,27.6238,0.3846,0.1486,25.295,-0.2241,0.3203,33.9374,22.1088,0.5868,0.3268,1851,3
E02000444,Harrow 012,5,8793,17.1532,0.2672,0.0823,17.52,-1.2265,-0.6448,33.7018,21.2167,0.4929,0.1508,3667,6
E02000445,Harrow 013,6,11925,27.8652,0.356,0.1447,21.687,-0.3794,0.198,40.7576,29.9605,0.5391,0.2893,1829,3
E02000447,Harrow 015,5,8340,10.5814,0.1772,0.0765,6.2129,-1.0437,-0.6249,21.6254,20.6444,0.2419,0.1607,5433,8
E02000448,Harrow 016,4,6982,7.6533,0.1202,0.063,2.717,-1.3521,-0.7582,16.9345,26.7131,0.1608,0.0988,6184,10
E02000449,Harrow 017,5,8339,19.6682,0.2867,0.0971,26.0454,-0.7627,-0.5182,33.0634,20.3761,0.5401,0.2717,3116,5
E02000451,Harrow 019,4,6665,7.1595,0.1231,0.061,3.7442,-1.3334,-0.8856,18.0686,20.6382,0.1856,0.0987,6299,10
E02000452,Harrow 020,4,10115,23.0119,0.3263,0.1224,12.9717,-0.504,0.2584,33.0827,28.952,0.5041,0.3288,2550,4
E02000453,Harrow 021,4,8299,15.6098,0.2431,0.0957,7.7309,-0.7743,-0.2375,27.5789,26.0509,0.3883,0.1985,4056,6
E02000454,Harrow 022,4,7305,3.8036,0.0998,0.0487,1.5889,-1.6966,-1.1625,12.837,13.2694,0.1275,0.0872,6763,10
E02000455,Harrow 023,7,12241,19.2341,0.2559,0.1141,8.8651,-0.4237,0.3215,29.4473,24.9866,0.3945,0.4404,3214,5
E02000456,Harrow 024,4,7847,14.9547,0.2057,0.094,8.8361,-0.7605,-0.4181,25.5791,32.2328,0.3171,0.2354,4219,7
E02000457,Harrow 025,4,7034,11.9259,0.1943,0.087,6.5936,-0.9434,-0.6595,21.128,22.9898,0.3123,0.1454,5048,8
E02000459,Harrow 027,5,9134,23.3919,0.3552,0.1252,15.3415,-0.4215,0.1766,30.1789,26.3721,0.5299,0.3113,2485,4
E02000460,Harrow 028,4,7237,23.1724,0.3632,0.1352,16.1291,-0.2315,0.0954,29.1756,16.3086,0.5252,0.4072,2517,4
E02000461,Harrow 029,4,7409,14.2001,0.1588,0.0765,6.1858,-0.9288,-0.3743,33.82,29.0918,0.2348,0.1489,4412,7
E02000462,Harrow 030,4,6980,22.2203,0.319,0.1136,18.7664,-0.6654,0.297,29.6443,30.5834,0.5284,0.262,2686,4
E02000463,Harrow 031,5,8653,22.1753,0.3427,0.1181,17.8327,-0.3876,-0.1587,32.4241,21.82,0.5101,0.3161,2694,4
E02000464,Havering 001,4,7745,28.0435,0.3052,0.1696,34.7955,0.3026,0.3148,34.1103,10.5757,0.4354,0.2719,1806,3
E02000465,Havering 002,5,9366,27.9064,0.3036,0.1681,33.1561,0.285,0.489,29.7483,16.0623,0.3766,0.3337,1822,3
E02000466,Havering 003,5,9072,23.2517,0.2572,0.1488,29.9897,0.1476,-0.0052,27.7091,14.3897,0.3385,0.2109,2503,4
E02000467,Havering 004,6,11685,39.8829,0.4196,0.2314,41.0062,0.5383,0.7668,39.9628,15.526,0.5207,0.4252,753,2
E02000468,Havering 005,5,8748,18.2332,0.2245,0.1199,23.1211,-0.2803,-0.0715,25.459,14.7274,0.3285,0.1592,3445,6
E02000469,Havering 006,4,7331,28.0193,0.3075,0.1663,33.0363,0.28,0.3685,32.7755,14.1354,0.3886,0.3071,1809,3
E02000470,Havering 007,6,9917,12.5989,0.1491,0.0829,11.7236,-0.5375,-0.3061,27.0369,17.593,0.2267,0.1452,4849,8
E02000471,Havering 008,5,7803,7.4551,0.1028,0.0667,13.2252,-0.9998,-0.6032,16.5127,13.4816,0.1854,0.0545,6226,10
E02000472,Havering 009,6,9533,12.6671,0.1715,0.0991,16.7043,-0.5105,-0.3732,18.2267,14.3014,0.2669,0.1134,4827,8
E02000473,Havering 010,6,10590,11.1295,0.1382,0.0832,10.4891,-0.6841,-0.5371,25.3763,16.8777,0.2019,0.1134,5287,8
E02000474,Havering 011,5,9407,19.0438,0.2452,0.1266,20.7944,-0.2451,0.0511,22.0195,22.0664,0.3628,0.1928,3266,5
E02000475,Havering 012,6,9729,12.4352,0.162,0.089,9.8741,-0.5912,-0.1277,17.1189,21.9559,0.2838,0.1254,4900,8
E02000476,Havering 013,5,9560,26.8563,0.3187,0.1665,18.5981,0.1376,0.878,23.1097,25.2096,0.4701,0.3163,1952,3
E02000477,Havering 014,6,9432,6.3133,0.0976,0.0637,8.1904,-0.9559,-0.8529,15.9057,13.5699,0.1517,0.077,6446,10
E02000478,Havering 015,4,6017,5.6357,0.0656,0.0569,8.4389,-1.0642,-0.9791,22.6135,6.8813,0.0948,0.0685,6548,10
E02000479,Havering 016,5,9593,20.6879,0.2449,0.1257,18.6213,-0.0661,0.1904,23.605,29.9797,0.4018,0.2097,2928,5
E02000480,Havering 017,8,14204,20.9156,0.279,0.1353,19.5985,-0.0674,-0.0047,23.4447,23.3874,0.4234,0.2877,2886,5
E02000481,Havering 018,5,8145,9.4185,0.1217,0.0702,13.4138,-0.9143,-0.7584,23.5934,13.49,0.1745,0.0872,5733,9
E02000482,Havering 019,4,6587,3.2047,0.0419,0.0379,4.3902,-1.477,-1.0537,12.6335,16.4889,0.0553,0.0414,6808,10
E02000483,Havering 020,5,7787,15.1861,0.1795,0.1036,13.1407,-0.4193,-0.2164,23.222,24.879,0.2705,0.1498,4167,7
E02000484,Havering 021,5,8527,8.9035,0.1326,0.0832,13.313,-0.8033,-0.6,15.0311,11.0567,0.1889,0.1025,5863,9
E02000485,Havering 022,5,8587,11.3736,0.1323,0.078,10.8993,-0.8673,-0.4744,26.984,19.6549,0.2092,0.0909,5213,8
E02000486,Havering 023,5,7332,10.1466,0.1307,0.0794,13.058,-0.7217,-0.5705,18.2287,20.8837,0.241,0.0654,5548,9
E02000487,Havering 024,5,7885,2.7923,0.035,0.0431,4.7379,-1.5356,-1.2048,13.598,8.898,0.0554,0.0199,6828,10
E02000488,Havering 025,5,7895,5.2374,0.0807,0.059,10.2941,-0.8978,-1.3138,13.9857,8.3208,0.1315,0.0619,6606,10
E02000489,Havering 026,5,8717,15.9881,0.2075,0.1106,18.8585,-0.3271,-0.1221,20.799,15.8624,0.3006,0.1737,3942,6
E02000490,Havering 027,5,8537,15.5919,0.2073,0.104,18.8125,-0.3017,-0.1845,21.8774,16.5851,0.3258,0.1595,4059,6
E02000491,Havering 028,5,11414,24.9877,0.3236,0.1467,24.1511,0.0841,0.3548,26.8897,20.0229,0.481,0.2291,2217,4
E02000492,Havering 029,4,6774,15.1319,0.1778,0.1037,16.5667,-0.5968,-0.4724,31.3219,14.0587,0.3471,0.0911,4177,7
E02000493,Havering 030,4,6756,23.5158,0.2924,0.1441,20.9653,-0.2473,0.3362,28.0116,26.5937,0.4541,0.231,2469,4
E02000494,Hillingdon 001,5,7777,8.6424,0.1147,0.0791,5.7342,-0.7989,-0.748,20.483,13.2898,0.1283,0.1201,5941,9
E02000495,Hillingdon 002,6,10534,15.0703,0.2093,0.0971,9.9672,-0.5292,-0.1556,24.5834,25.5457,0.3225,0.1741,4192,7
E02000496,Hillingdon 003,5,7672,23.4194,0.2135,0.1151,28.4355,-0.0339,-0.0543,43.8531,18.259,0.3235,0.1849,2482,4
E02000497,Hillingdon 004,5,9345,14.0289,0.186,0.1067,9.8032,-0.539,-0.309,24.9784,14.2491,0.2502,0.1728,4456,7
E02000498,Hillingdon 005,4,6287,11.8992,0.1535,0.0877,9.9725,-0.5836,-0.6228,25.3989,15.4337,0.2209,0.1573,5060,8
E02000499,Hillingdon 006,5,7883,6.6182,0.1035,0.0542,3.9476,-1.1039,-0.9824,18.0549,20.0078,0.1757,0.0886,6389,10
E02000500,Hillingdon 007,5,8415,7.6384,0.0983,0.0541,5.491,-1.154,-0.2461,18.2747,22.3205,0.1693,0.0793,6187,10
E02000501,Hillingdon 008,5,8402,8.1123,0.1258,0.0705,6.8385,-0.8473,-0.5407,17.3492,16.1056,0.1737,0.1062,6070,9
E02000502,Hillingdon 009,5,8925,9.9818,0.1396,0.0669,6.8134,-0.6795,-0.6643,24.8475,19.6355,0.2171,0.1118,5589,9
E02000503,Hillingdon 010,5,8646,7.0124,0.1098,0.0563,7.0123,-0.917,-0.6231,18.2319,17.6658,0.1723,0.1012,6323,10
E02000504,Hillingdon 011,5,7688,5.1094,0.0759,0.0462,3.5032,-1.2296,-0.9333,20.2267,14.4016,0.1042,0.0687,6629,10
E02000506,Hillingdon 013,5,8015,8.4377,0.1158,0.0704,5.3479,-0.8347,-0.3506,19.7259,19.0372,0.1819,0.065,5998,9
E02000507,Hillingdon 014,5,8182,14.6378,0.1996,0.0967,12.6578,-0.3747,-0.3874,25.9839,18.3103,0.2874,0.149,4303,7
E02000508,Hillingdon 015,7,12588,15.301,0.1867,0.0905,11.0741,-0.2788,0.2108,24.4953,21.7335,0.3254,0.2307,4136,7
E02000509,Hillingdon 016,5,10946,22.4464,0.268,0.1199,17.7239,-0.086,0.2582,30.759,26.8849,0.508,0.2703,2652,4
E02000510,Hillingdon 017,5,9175,17.5,0.2246,0.1031,13.0166,-0.4083,0.132,27.9595,21.9129,0.3572,0.161,3598,6
E02000511,Hillingdon 018,6,10111,21.0222,0.2799,0.1148,22.4056,-0.2938,-0.1189,31.5089,21.0189,0.44,0.1885,2873,5
E02000512,Hillingdon 019,5,8874,29.1048,0.3649,0.1644,27.0694,0.0705,0.3525,33.5731,23.8378,0.509,0.3535,1676,3
E02000513,Hillingdon 020,5,9899,33.001,0.4172,0.1784,30.5444,0.0774,0.6527,38.123,15.9474,0.5623,0.3825,1247,2
E02000514,Hillingdon 021,6,10786,24.9364,0.3321,0.1254,28.8071,-0.2582,0.2868,31.3977,21.9576,0.4924,0.2254,2226,4
E02000515,Hillingdon 022,7,13987,26.1724,0.2974,0.1406,22.5262,0.0843,0.5452,36.1564,19.5134,0.4203,0.3364,2053,3
E02000516,Hillingdon 023,5,8643,24.5585,0.328,0.1293,28.5988,-0.1205,0.195,31.8222,13.5444,0.4976,0.296,2298,4
E02000517,Hillingdon 024,5,10417,29.7963,0.4037,0.1615,27.8924,0.081,0.4106,32.658,21.0413,0.5584,0.3568,1576,3
E02000518,Hillingdon 025,5,9640,28.0395,0.3285,0.1496,30.2468,0.2631,0.0566,36.6838,21.663,0.4555,0.3437,1807,3
E02000519,Hillingdon 026,5,9553,29.3874,0.3705,0.1622,29.795,0.0736,0.4999,29.415,24.789,0.5053,0.3932,1638,3
E02000520,Hillingdon 027,8,14602,28.8064,0.3847,0.144,28.8256,-0.0891,0.4529,31.4374,25.551,0.5816,0.3769,1714,3
E02000521,Hillingdon 028,6,13248,28.6417,0.3418,0.1504,27.9055,0.0731,0.3687,38.1399,20.5371,0.4904,0.3895,1735,3
E02000522,Hillingdon 029,5,9688,30.676,0.3205,0.1465,25.3121,0.2737,0.6455,42.0514,27.622,0.4494,0.2801,1485,3
E02000523,Hillingdon 030,6,11830,24.9616,0.3038,0.1134,26.7035,-0.2493,0.5269,32.062,32.1543,0.4702,0.2855,2220,4
E02000524,Hillingdon 031,4,8795,29.4765,0.3043,0.113,30.3149,-0.2891,0.172,49.4446,39.8461,0.5321,0.2291,1624,3
E02000525,Hillingdon 032,5,10413,31.2429,0.3636,0.1318,34.0716,-0.2884,0.4462,42.7084,35.2068,0.5399,0.3044,1433,3
E02000526,Hounslow 001,5,8663,11.2646,0.0937,0.0573,3.1408,-1.2355,-0.0695,20.5517,50.6645,0.1071,0.1285,5241,8
E02000529,Hounslow 004,5,9838,28.9197,0.3771,0.1569,25.3141,-0.3407,0.3671,35.1516,29.555,0.5399,0.3439,1699,3
E02000530,Hounslow 005,4,8088,36.9381,0.4671,0.1821,38.4937,0.1012,0.3663,41.2729,26.9365,0.6568,0.4722,942,2
E02000531,Hounslow 006,6,11771,23.3749,0.2814,0.1345,11.6674,-0.3961,0.1632,33.3819,36.1911,0.4162,0.26,2487,4
E02000532,Hounslow 007,6,9031,15.8708,0.1609,0.0967,4.973,-0.9474,0.0947,27.3833,38.4822,0.196,0.1684,3980,6
E02000533,Hounslow 008,5,8286,15.8818,0.1738,0.0934,2.8707,-0.8846,-0.0028,27.5702,43.5045,0.2223,0.2007,3975,6
E02000534,Hounslow 009,4,8588,14.1558,0.1723,0.0787,6.7164,-1.2209,-0.2427,29.9683,36.5365,0.258,0.1372,4425,7
E02000535,Hounslow 010,5,10223,23.246,0.2628,0.1084,21.7137,-0.6547,0.0849,39.2047,37.7804,0.4021,0.251,2504,4
E02000536,Hounslow 011,5,11153,24.9447,0.2879,0.1187,22.6298,-0.4421,0.1483,38.6439,36.2007,0.4549,0.2506,2223,4
E02000537,Hounslow 012,5,9982,19.0696,0.2099,0.0855,14.4854,-0.9727,0.0958,33.4718,43.3457,0.3734,0.177,3259,5
E02000538,Hounslow 013,5,10265,29.0311,0.3321,0.1254,29.0907,-0.5399,0.1755,48.0665,31.583,0.5734,0.3027,1690,3
E02000539,Hounslow 014,6,12110,23.0641,0.2638,0.1229,13.4176,-0.2834,0.1259,36.0799,34.883,0.3677,0.3253,2534,4
E02000540,Hounslow 015,6,12367,24.2699,0.2832,0.1234,16.2251,-0.3927,0.6126,31.2271,38.007,0.3947,0.3689,2337,4
E02000541,Hounslow 016,5,10700,32.5222,0.3586,0.143,30.4983,-0.3487,0.5317,45.5979,38.115,0.5384,0.3279,1302,2
E02000542,Hounslow 017,6,12338,29.9997,0.3408,0.1359,24.0329,-0.3144,0.3885,45.2125,36.8094,0.4676,0.3832,1552,3
E02000543,Hounslow 018,7,14298,29.6378,0.334,0.1318,18.1465,-0.5066,0.8897,39.8228,42.5147,0.4637,0.3609,1600,3
E02000544,Hounslow 019,5,8453,15.4803,0.1954,0.0952,12.9294,-0.7597,-0.3924,25.5675,34.073,0.2875,0.1799,4086,6
E02000545,Hounslow 020,5,9225,25.1483,0.3213,0.1522,15.035,-0.208,0.014,28.9,32.2326,0.4294,0.3611,2200,4
E02000546,Hounslow 021,5,10323,27.4583,0.3349,0.1318,22.846,-0.5257,0.2354,41.1098,36.3437,0.508,0.2935,1869,3
E02000547,Hounslow 022,5,11459,27.4119,0.3164,0.1313,30.7299,-0.2289,0.1862,37.8765,33.2864,0.4711,0.2753,1874,3
E02000548,Hounslow 023,5,10592,30.6461,0.3546,0.1621,34.9644,0.0227,0.3383,39.3647,21.0956,0.5103,0.344,1493,3
E02000549,Hounslow 024,6,13420,25.6343,0.2937,0.1217,27.6428,-0.3014,0.4333,35.5328,32.3249,0.4807,0.2545,2130,4
E02000550,Hounslow 025,6,10672,27.378,0.3195,0.1443,27.4639,-0.0462,0.5317,36.6876,18.4134,0.4413,0.3834,1877,3
E02000551,Hounslow 026,5,9877,35.1639,0.4074,0.1871,34.1596,0.1733,0.5246,39.6758,25.621,0.5625,0.3872,1070,2
E02000552,Hounslow 027,5,9373,21.9315,0.2626,0.1193,19.8224,-0.3362,0.1789,38.3056,16.0888,0.3756,0.2443,2733,4
E02000553,Hounslow 028,4,7022,25.9806,0.2974,0.1528,24.3943,-0.1515,0.3399,31.8101,27.2269,0.4283,0.2278,2088,4
E02000554,Islington 001,6,9219,38.0782,0.4453,0.2316,18.0955,0.7593,0.6721,31.9612,33.7654,0.6747,0.5909,857,2
E02000555,Islington 002,6,9615,25.851,0.3121,0.1589,12.1321,0.3641,0.3313,25.3899,33.7962,0.5005,0.4087,2100,4
E02000556,Islington 003,6,11468,28.1166,0.2883,0.1486,12.6761,0.4754,0.7119,33.1997,38.9397,0.5176,0.4481,1798,3
E02000557,Islington 004,5,8930,28.2645,0.2962,0.165,11.1591,0.4372,0.7512,31.6148,34.9857,0.4611,0.4229,1772,3
E02000558,Islington 005,5,9412,44.7288,0.5233,0.2511,23.9149,0.7565,0.9274,34.5055,33.6314,0.822,0.6566,519,1
E02000559,Islington 006,6,9599,17.2987,0.1965,0.1047,4.5727,-0.1918,-0.102,24.9409,35.3534,0.2749,0.3485,3640,6
E02000560,Islington 007,5,7524,27.2694,0.2758,0.1328,10.1622,0.5266,0.8793,27.5624,43.4631,0.5603,0.4597,1892,3
E02000561,Islington 008,4,7337,16.4294,0.1609,0.1071,2.3688,-0.2362,0.2397,22.4381,42.1441,0.1872,0.2429,3841,6
E02000562,Islington 009,5,7728,23.7084,0.3019,0.1514,9.5505,0.2475,0.2661,23.0168,33.0227,0.4672,0.4157,2446,4
E02000563,Islington 010,5,8794,32.7196,0.3843,0.2045,19.8016,0.7127,0.4289,24.8678,34.0406,0.6371,0.5576,1281,2
E02000564,Islington 011,8,12612,23.3942,0.2469,0.1277,11.6757,0.3167,0.3198,28.9389,34.1847,0.46,0.4986,2484,4
E02000565,Islington 012,5,8527,27.6461,0.3375,0.1659,13.9923,0.4852,0.4706,21.7058,37.2293,0.5436,0.5086,1849,3
E02000566,Islington 013,5,8549,20.1685,0.1965,0.1096,6.2689,-0.1266,0.5801,25.467,43.7278,0.2759,0.3233,3014,5
E02000567,Islington 014,6,10026,28.2548,0.3226,0.1713,17.1474,0.5196,0.5076,19.6043,41.3357,0.5645,0.4909,1776,3
E02000568,Islington 015,5,11830,29.7626,0.3314,0.1709,21.0554,0.8856,0.4676,25.491,27.2485,0.5673,0.5553,1581,3
E02000569,Islington 016,6,9971,30.7173,0.3357,0.1919,16.263,0.3868,0.5321,23.2288,42.237,0.5258,0.4502,1476,3
E02000570,Islington 017,5,8221,19.0516,0.1873,0.1159,7.7349,-0.1147,0.1633,24.4148,44.5471,0.3107,0.2739,3264,5
E02000571,Islington 018,5,8992,27.6776,0.3222,0.1721,18.8467,0.6189,0.5595,16.3109,34.1249,0.5478,0.5105,1845,3
E02000572,Islington 019,5,8962,31.4694,0.3865,0.1848,23.0851,0.5504,0.3199,27.8175,33.0085,0.6826,0.5667,1414,3
E02000573,Islington 020,6,10544,19.8429,0.2058,0.1086,14.2083,0.1545,0.5266,14.9236,41.2242,0.3972,0.3649,3087,5
E02000574,Islington 021,5,8424,23.9134,0.2668,0.1479,8.9604,0.3559,0.3782,20.5566,44.6612,0.5593,0.4462,2413,4
E02000575,Islington 022,7,11817,20.7614,0.2526,0.1296,12.0807,0.1551,-0.2831,18.2378,43.0028,0.5546,0.4155,2914,5
E02000576,Islington 023,5,11493,26.6095,0.3865,0.168,17.1531,0.2528,0.0873,16.0144,36.3617,0.7635,0.4655,1990,3
E02000577,Kensington and Chelsea 001,5,7745,39.1423,0.4432,0.2199,20.1738,0.6423,0.8046,39.7937,32.1849,0.6313,0.6418,799,2
E02000578,Kensington and Chelsea 002,4,5845,39.3707,0.4489,0.2383,26.2169,0.7471,0.5267,32.5689,30.6939,0.5511,0.5865,782,2
E02000579,Kensington and Chelsea 003,5,8923,25.0339,0.2682,0.1411,9.9233,-0.0288,0.572,29.3935,43.1065,0.3348,0.4181,2211,4
E02000580,Kensington and Chelsea 004,5,7740,33.4064,0.3427,0.1852,12.1496,0.4494,1.0924,30.9188,46.6937,0.4732,0.5082,1207,2
E02000581,Kensington and Chelsea 005,5,7237,34.4395,0.42,0.2107,21.8538,0.475,0.4014,30.9066,32.7996,0.5993,0.5696,1126,2
E02000582,Kensington and Chelsea 006,5,6705,15.3128,0.1212,0.0666,3.1745,-1.1446,0.3749,22.6642,59.5231,0.1356,0.1999,4132,7
E02000583,Kensington and Chelsea 007,5,6391,14.3021,0.1248,0.0685,4.8081,-1.0386,0.3109,16.186,55.7536,0.1525,0.1906,4383,7
E02000584,Kensington and Chelsea 008,5,7429,9.8265,0.0649,0.0471,1.263,-1.6997,0.06,10.6719,55.0084,0.057,0.121,5623,9
E02000585,Kensington and Chelsea 009,5,8129,14.7976,0.1395,0.0864,5.9956,-1.3222,0.1248,17.6056,48.0049,0.1475,0.2267,4254,7
E02000586,Kensington and Chelsea 010,5,6903,10.4351,0.0428,0.0445,8.6119,-1.7349,-0.275,11.8386,58.8605,0.0442,0.0905,5473,8
E02000587,Kensington and Chelsea 011,5,6704,10.1333,0.0762,0.0393,2.3986,-1.7014,-0.0398,10.9092,57.2358,0.0879,0.1453,5550,9
E02000588,Kensington and Chelsea 012,5,6178,10.8924,0.0464,0.0254,3.409,-2.0557,-0.2106,21.1449,62.7095,0.0765,0.0682,5349,8
E02000589,Kensington and Chelsea 013,5,7668,14.2167,0.1103,0.0694,4.7421,-0.9209,0.1598,20.0475,54.3693,0.1293,0.2646,4409,7
E02000590,Kensington and Chelsea 014,5,6333,21.1879,0.212,0.1119,8.2379,-0.4557,0.2243,25.8537,54.4551,0.3131,0.2922,2844,5
E02000591,Kensington and Chelsea 015,4,6469,26.6614,0.2835,0.1454,8.6173,0.1733,0.9057,22.9339,48.7515,0.4386,0.4276,1985,3
E02000592,Kensington and Chelsea 016,4,6140,11.1334,0.0576,0.0333,2.5676,-1.9259,-0.0369,12.0406,70.2359,0.0603,0.1049,5284,8
E02000593,Kensington and Chelsea 017,5,7624,18.0401,0.1589,0.0883,5.4704,-0.5195,0.2965,23.2162,53.0452,0.1985,0.3787,3486,6
E02000594,Kensington and Chelsea 018,5,6690,14.6045,0.1092,0.0638,4.7658,-1.5848,-0.1133,18.3187,61.9153,0.1707,0.1217,4312,7
E02000595,Kensington and Chelsea 019,5,6288,15.8718,0.1301,0.0798,2.901,-1.0476,0.0425,19.4081,62.9966,0.1415,0.1936,3979,6
E02000596,Kensington and Chelsea 020,4,6893,11.7999,0.0851,0.0434,5.453,-1.5849,-0.1041,19.2067,55.74,0.1475,0.1693,5091,8
E02000597,Kensington and Chelsea 021,5,6358,34.2927,0.3956,0.2106,11.5995,0.26,0.5953,28.4038,46.6462,0.5147,0.4945,1137,2
E02000598,Kingston upon Thames 001,5,8144,5.168,0.0943,0.0612,1.3055,-1.2064,-0.8379,7.8817,21.4612,0.1134,0.0894,6619,10
E02000599,Kingston upon Thames 002,5,7060,6.6417,0.0913,0.0545,6.4551,-1.2603,-0.6145,12.5278,21.8992,0.1328,0.0819,6384,10
E02000600,Kingston upon Thames 003,5,8481,11.6021,0.1806,0.0776,5.6201,-0.8968,-0.3757,14.0726,33.1247,0.2609,0.2163,5156,8
E02000601,Kingston upon Thames 004,7,12023,9.4106,0.1399,0.0711,2.9355,-0.935,-0.3379,9.0797,32.5058,0.1824,0.1727,5736,9
E02000602,Kingston upon Thames 005,5,10438,19.5375,0.2489,0.1266,12.809,-0.2236,0.327,15.1567,35.7335,0.3731,0.3388,3144,5
E02000603,Kingston upon Thames 006,5,8711,18.7987,0.2785,0.1253,18.048,-0.2839,0.0246,13.0813,23.7988,0.4081,0.2852,3328,5
E02000604,Kingston upon Thames 007,5,9103,11.4812,0.1801,0.0814,5.9421,-1.1222,-0.3364,10.0974,37.1448,0.2427,0.1699,5183,8
E02000605,Kingston upon Thames 008,5,8478,10.0787,0.155,0.0824,4.802,-0.6984,-0.8256,7.8701,31.8573,0.2248,0.1248,5571,9
E02000606,Kingston upon Thames 009,5,10873,9.1149,0.1257,0.0629,2.7452,-1.0213,-0.0588,12.3782,32.1054,0.2191,0.1565,5813,9
E02000607,Kingston upon Thames 010,4,7070,6.5503,0.1099,0.0578,2.0922,-1.0553,-0.773,10.7235,29.1107,0.1648,0.1133,6405,10
E02000608,Kingston upon Thames 011,4,6942,12.5657,0.1558,0.0845,5.7655,-0.664,0.0727,11.3069,37.8658,0.2045,0.2306,4864,8
E02000609,Kingston upon Thames 012,5,7555,13.0252,0.1998,0.0982,10.275,-0.6159,-0.3814,8.1377,30.3158,0.2931,0.156,4730,7
E02000610,Kingston upon Thames 013,5,8032,13.6751,0.1834,0.1015,9.5495,-0.3837,-0.3864,11.2565,27.0217,0.2544,0.2553,4548,7
E02000611,Kingston upon Thames 014,5,7450,3.5354,0.0698,0.052,2.6571,-1.3848,-1.2999,4.5679,17.0709,0.0908,0.071,6786,10
E02000612,Kingston upon Thames 015,5,8312,6.5595,0.1188,0.0639,4.5415,-1.1817,-0.846,4.8197,25.3748,0.1709,0.0867,6403,10
E02000613,Kingston upon Thames 016,5,8203,10.3211,0.1576,0.0835,5.8632,-0.7,-0.5938,11.6083,29.3759,0.2036,0.1719,5505,9
E02000614,Kingston upon Thames 017,5,9562,15.6273,0.2488,0.1031,13.7534,-0.5524,0.0169,13.935,24.4913,0.3793,0.1797,4055,6
E02000615,Kingston upon Thames 018,5,7805,10.4057,0.1543,0.0805,12.7079,-0.7537,-0.4919,10.0706,24.9984,0.2353,0.1013,5483,8
E02000616,Kingston upon Thames 019,4,6063,7.7858,0.129,0.0704,11.7336,-0.8188,-0.6432,10.3802,15.2144,0.2157,0.0742,6157,9
E02000617,Kingston upon Thames 020,5,8777,14.5986,0.2042,0.1121,20.7854,-0.345,-0.215,12.8665,15.121,0.2921,0.1681,4315,7
E02000619,Lambeth 002,5,9119,26.9458,0.3343,0.1574,14.3714,0.2014,0.1105,31.5103,35.8472,0.5115,0.485,1935,3
E02000620,Lambeth 003,6,10074,24.8322,0.2867,0.1369,14.3498,-0.048,0.2404,30.3923,41.857,0.5454,0.4242,2246,4
E02000621,Lambeth 004,8,13623,18.3602,0.2081,0.0974,9.446,-0.168,0.3838,21.5222,40.9336,0.5389,0.4142,3414,5
E02000622,Lambeth 005,5,8327,24.1511,0.2521,0.1275,11.3078,0.0672,0.3479,29.9906,47.1383,0.4515,0.4259,2366,4
E02000623,Lambeth 006,5,7859,26.0661,0.3247,0.1548,19.3036,0.1628,0.1271,26.8006,34.714,0.5259,0.458,2077,4
E02000624,Lambeth 007,5,9457,23.8039,0.2897,0.1391,14.0529,0.2126,0.3806,25.2956,33.4119,0.4822,0.6164,2430,4
E02000625,Lambeth 008,5,9189,26.4279,0.3321,0.1438,16.842,0.2942,0.2927,25.108,39.6133,0.5678,0.5274,2007,3
E02000626,Lambeth 009,5,8059,35.5376,0.4184,0.2076,22.6876,0.4207,0.5432,33.1501,38.002,0.6526,0.6292,1037,2
E02000627,Lambeth 010,5,9521,24.6049,0.2645,0.1311,12.0063,0.1514,0.6268,23.7793,46.0505,0.5107,0.4698,2291,4
E02000628,Lambeth 011,6,10745,30.114,0.3585,0.1588,21.4903,0.3812,0.862,23.8887,36.2646,0.644,0.6045,1541,3
E02000629,Lambeth 012,5,9026,19.8086,0.1985,0.0946,6.7872,0.1094,0.359,22.7169,49.8315,0.4135,0.3643,3093,5
E02000630,Lambeth 013,5,7486,18.0396,0.1673,0.0943,6.5544,-0.2262,0.3227,25.067,41.7247,0.231,0.3541,3487,6
E02000631,Lambeth 014,5,9486,19.7133,0.2019,0.1075,9.3234,-0.1943,-0.1571,27.8211,47.0734,0.3009,0.3637,3102,5
E02000632,Lambeth 015,5,9443,16.7141,0.1517,0.077,6.3361,-0.0728,0.3251,20.7949,50.8891,0.4019,0.4326,3768,6
E02000633,Lambeth 016,5,8943,28.1083,0.3046,0.1415,14.6956,0.3578,1.0966,24.3643,41.6518,0.5743,0.5479,1800,3
E02000634,Lambeth 017,4,6811,26.1015,0.2833,0.1437,10.0057,0.3656,0.54,27.9736,40.7713,0.5268,0.4175,2070,4
E02000635,Lambeth 018,5,9663,22.3418,0.2387,0.1308,10.6034,0.112,0.5743,19.7088,41.176,0.3744,0.4752,2664,4
E02000636,Lambeth 019,5,7799,12.9296,0.1225,0.061,4.6163,-0.301,-0.0541,17.2998,45.6313,0.1962,0.2447,4760,7
E02000637,Lambeth 020,5,8275,19.6788,0.1883,0.0992,6.7781,-0.0269,0.4605,19.7208,54.4465,0.3452,0.3578,3112,5
E02000638,Lambeth 021,5,10244,22.2537,0.2537,0.1192,13.5949,0.1953,0.2714,27.5118,36.7591,0.5012,0.4321,2682,4
E02000639,Lambeth 022,5,8119,23.7048,0.2952,0.1393,16.4847,0.0359,0.0771,28.7437,32.5912,0.502,0.545,2448,4
E02000640,Lambeth 023,6,9012,13.0943,0.1622,0.0829,4.0196,-0.1147,-0.3942,20.4408,33.1609,0.2768,0.329,4709,7
E02000641,Lambeth 024,5,8418,30.6832,0.3947,0.195,21.2195,0.3814,0.3769,27.086,26.9291,0.5701,0.5175,1483,3
E02000642,Lambeth 025,5,9580,22.8775,0.249,0.1319,12.6135,-0.1885,0.245,21.7025,50.5033,0.3635,0.3216,2574,4
E02000643,Lambeth 026,5,9269,20.7205,0.2297,0.1093,9.1475,-0.0887,0.203,25.5832,43.2665,0.3967,0.3557,2922,5
E02000644,Lambeth 027,5,8386,21.0832,0.2291,0.123,8.1428,-0.1776,0.205,25.4045,46.566,0.311,0.3111,2861,5
E02000645,Lambeth 028,5,9410,22.2684,0.2428,0.1288,11.132,-0.185,0.2421,24.4412,47.4755,0.3617,0.3019,2677,4
E02000646,Lambeth 029,5,9721,19.3172,0.2066,0.1024,7.8599,-0.3441,0.3642,25.0777,46.664,0.3238,0.2964,3195,5
E02000647,Lambeth 030,5,8600,17.2934,0.2132,0.1193,5.7402,-0.2662,-0.1679,24.3731,34.1972,0.2657,0.2646,3642,6
E02000648,Lambeth 031,5,7629,34.2235,0.4049,0.2247,18.6477,0.6377,0.4471,27.7094,29.7869,0.5234,0.5237,1142,2
E02000649,Lambeth 032,6,12255,25.8071,0.2966,0.1322,11.7097,0.1661,0.509,27.7919,46.1588,0.5008,0.3918,2106,4
E02000650,Lambeth 033,5,7452,26.6887,0.3201,0.1727,13.0396,0.1615,0.5349,22.8207,37.9309,0.4286,0.4074,1978,3
E02000651,Lambeth 034,5,8720,22.2551,0.2513,0.1263,10.538,-0.2466,0.3098,25.6935,47.8988,0.349,0.2962,2680,4
E02000652,Lambeth 035,5,7586,23.151,0.2894,0.1436,15.9406,-0.1645,0.0493,28.9486,33.764,0.4059,0.2413,2520,4
E02000653,Lewisham 001,7,12599,20.8766,0.2701,0.1211,12.8618,0.3007,0.0605,24.5955,24.6265,0.4521,0.589,2894,5
E02000654,Lewisham 002,5,8648,33.1508,0.3877,0.1838,14.3149,0.577,0.5394,37.1822,34.4664,0.5689,0.5987,1236,2
E02000655,Lewisham 003,5,10229,24.8899,0.2728,0.1272,13.8692,0.2304,0.367,35.2966,32.4712,0.408,0.4374,2237,4
E02000657,Lewisham 005,5,9970,24.7668,0.2471,0.1263,9.9757,0.2284,0.6154,32.4378,42.2188,0.4012,0.4151,2257,4
E02000658,Lewisham 006,5,8587,22.2828,0.2519,0.1267,8.6525,0.0278,0.2155,26.3796,42.7763,0.3605,0.4025,2672,4
E02000659,Lewisham 007,5,7962,19.4857,0.2355,0.1177,7.9899,0.0433,0.2311,21.4908,33.9816,0.3912,0.2902,3159,5
E02000660,Lewisham 008,5,8130,22.2096,0.2223,0.1176,7.0971,0.1612,0.4421,29.0386,42.5866,0.3248,0.4218,2689,4
E02000661,Lewisham 009,4,6634,17.1773,0.1933,0.1049,5.9854,-0.4849,0.0885,22.1935,42.906,0.2789,0.2467,3662,6
E02000662,Lewisham 010,5,7912,25.21,0.3027,0.1532,9.5264,0.3462,0.1821,25.1673,37.0945,0.4174,0.4063,2192,4
E02000663,Lewisham 011,4,6883,18.9565,0.2076,0.12,6.3692,-0.1742,0.1296,21.827,45.0851,0.2819,0.2518,3290,5
E02000665,Lewisham 013,4,8133,20.0747,0.2359,0.1257,7.4837,-0.2486,0.3691,22.606,39.4186,0.3309,0.2969,3031,5
E02000666,Lewisham 014,4,7098,21.2463,0.2149,0.1313,7.688,0.1762,0.2022,26.4182,38.8865,0.2916,0.2336,2838,5
E02000667,Lewisham 015,4,6666,13.8408,0.142,0.0832,3.5057,-0.2889,-0.0093,20.2274,42.7484,0.1881,0.1693,4503,7
E02000668,Lewisham 016,4,6789,16.8774,0.1906,0.1135,6.1494,-0.2457,-0.1761,21.6017,40.1123,0.2423,0.1985,3736,6
E02000669,Lewisham 017,5,7965,24.1605,0.2698,0.1508,9.293,0.3147,0.4177,26.999,35.4464,0.3687,0.3358,2361,4
E02000670,Lewisham 018,4,6545,33.4973,0.3623,0.1907,16.52,0.3697,0.7374,32.6751,46.1268,0.4943,0.3854,1200,2
E02000671,Lewisham 019,5,8557,19.1732,0.2107,0.1245,6.4039,-0.0708,0.2402,21.9045,36.5455,0.2654,0.2821,3237,5
E02000672,Lewisham 020,6,10047,34.8912,0.335,0.1916,14.6225,0.3931,0.8659,31.1782,49.7352,0.4598,0.4003,1089,2
E02000673,Lewisham 021,5,8037,17.1083,0.1831,0.1079,3.0632,-0.3722,0.1801,26.2076,40.3868,0.2741,0.1952,3677,6
E02000674,Lewisham 022,5,8467,21.6621,0.2433,0.1273,9.22,0.0427,-0.0097,33.6397,33.4351,0.3308,0.1924,2767,5
E02000675,Lewisham 023,5,8422,19.5199,0.2294,0.1235,9.9453,-0.1777,-0.1036,28.1806,33.4364,0.3536,0.1933,3149,5
E02000676,Lewisham 024,5,7643,18.7915,0.2139,0.1206,4.9762,-0.0257,0.1208,21.5624,42.2135,0.2986,0.2497,3331,5
E02000677,Lewisham 025,4,7334,24.9049,0.2613,0.1562,11.8423,0.0878,0.3611,31.701,38.0657,0.3628,0.1796,2233,4
E02000678,Lewisham 026,4,6881,33.1348,0.3749,0.1946,24.9463,0.4101,0.4735,36.5508,27.4786,0.5204,0.3036,1237,2
E02000679,Lewisham 027,5,7994,26.0157,0.3052,0.1687,10.3882,0.2352,0.3633,27.4903,32.4265,0.3903,0.3876,2083,4
E02000680,Lewisham 028,4,7064,25.6054,0.3324,0.1689,9.7747,0.3881,0.2511,23.2536,30.301,0.4656,0.3123,2135,4
E02000681,Lewisham 029,5,8377,33.2736,0.385,0.2093,19.4647,0.4784,0.7628,26.2785,30.0245,0.5232,0.3896,1222,2
E02000682,Lewisham 030,5,8956,33.3966,0.4065,0.198,21.5276,0.3037,0.5871,33.6912,24.716,0.5691,0.3661,1208,2
E02000683,Lewisham 031,4,6818,28.9301,0.3557,0.1921,20.104,0.3207,0.367,28.4853,23.2184,0.5226,0.357,1698,3
E02000685,Lewisham 033,5,8110,24.561,0.3204,0.1601,12.988,0.2972,0.3535,22.2834,27.7814,0.4703,0.3164,2296,4
E02000686,Lewisham 034,4,7342,40.1312,0.4524,0.246,24.2043,0.6818,0.9096,35.4333,23.8664,0.592,0.4465,736,2
E02000687,Lewisham 035,5,8253,25.2216,0.2731,0.1609,11.9619,0.1948,0.4952,27.4245,35.6763,0.3775,0.2557,2190,4
E02000689,Merton 001,6,9143,8.0282,0.106,0.0583,3.4458,-1.315,-0.6696,11.0241,33.1668,0.1631,0.1275,6101,9
E02000690,Merton 002,4,5555,4.7002,0.0561,0.0376,2.3953,-1.7983,-0.6001,8.653,28.366,0.0558,0.0772,6675,10
E02000691,Merton 003,5,7207,10.7064,0.1392,0.0791,1.5806,-1.0094,-0.1193,12.6743,39.2104,0.1934,0.1248,5403,8
E02000692,Merton 004,5,7610,5.8562,0.0751,0.0432,1.1839,-1.6245,-0.9454,13.8439,35.2356,0.0647,0.1572,6506,10
E02000693,Merton 005,6,9909,10.7848,0.1656,0.0681,5.0844,-0.7912,-0.0581,12.5083,33.2983,0.3257,0.197,5382,8
E02000694,Merton 006,5,9049,9.5745,0.1419,0.0661,3.9816,-0.9673,-0.3252,10.3889,31.9012,0.1868,0.2373,5686,9
E02000695,Merton 007,5,8687,16.9062,0.2245,0.1114,16.4034,-0.5667,-0.0982,17.2884,35.2825,0.3354,0.196,3729,6
E02000696,Merton 008,5,8485,18.2685,0.27,0.1133,16.5473,-0.4943,-0.0399,23.6602,24.0847,0.4262,0.3719,3435,6
E02000697,Merton 009,5,8554,6.4549,0.0879,0.0482,0.8814,-1.291,-0.4532,9.8297,34.8462,0.109,0.132,6426,10
E02000698,Merton 010,5,8301,5.0606,0.076,0.0427,1.0065,-1.7569,-0.931,10.6105,32.008,0.0988,0.0674,6634,10
E02000699,Merton 011,5,8234,5.5021,0.0822,0.0448,0.9695,-1.4776,-1.0719,7.3897,35.4478,0.1033,0.111,6566,10
E02000700,Merton 012,5,8557,25.2119,0.369,0.158,23.1013,-0.0457,0.1814,20.568,21.5649,0.513,0.409,2191,4
E02000701,Merton 013,5,8900,21.9426,0.3132,0.1279,19.3578,-0.4657,0.3238,23.8077,28.4683,0.457,0.2704,2731,4
E02000702,Merton 014,5,9305,22.856,0.3041,0.1528,19.2341,-0.1459,0.3045,22.4687,24.5239,0.407,0.2386,2578,4
E02000703,Merton 015,5,7979,5.2768,0.0852,0.0515,2.4334,-1.3757,-0.7385,3.7917,24.7751,0.1066,0.1016,6598,10
E02000704,Merton 016,5,8790,13.6295,0.1891,0.0983,6.3955,-0.7545,-0.1721,14.7841,32.6644,0.2884,0.2086,4562,7
E02000705,Merton 017,5,9365,16.6042,0.2454,0.1229,15.6791,-0.3566,0.0313,14.9973,20.2089,0.3743,0.1929,3794,6
E02000706,Merton 018,5,10012,29.2922,0.3865,0.1771,26.5733,0.0918,0.5689,23.6377,24.4107,0.5091,0.3794,1652,3
E02000707,Merton 019,5,8345,26.9224,0.3581,0.1761,25.7793,0.0128,0.2969,23.1877,21.9801,0.5134,0.3082,1937,3
E02000708,Merton 020,5,8902,8.27,0.1475,0.0695,4.7836,-1.0866,-0.6952,11.2053,26.0691,0.1956,0.1389,6034,9
E02000709,Merton 021,5,7998,5.2318,0.1001,0.0588,5.3435,-1.3657,-0.7502,5.5394,17.4176,0.1237,0.1001,6607,10
E02000710,Merton 022,5,9355,22.4645,0.2971,0.1446,19.6396,-0.2019,0.2181,22.3849,29.3065,0.4302,0.2284,2649,4
E02000711,Merton 023,5,9361,20.3143,0.2823,0.1344,19.0372,-0.4736,0.3006,17.4959,29.3379,0.3801,0.3147,2996,5
E02000712,Merton 024,5,9705,19.9495,0.2945,0.1387,19.2132,-0.2118,-0.0541,16.5825,22.9559,0.3912,0.3022,3062,5
E02000713,Merton 025,5,7813,8.5337,0.1292,0.075,13.1281,-0.9971,-0.6276,9.564,21.1914,0.182,0.0986,5967,9
E02000714,Newham 001,4,7716,30.0167,0.3591,0.148,19.9838,-0.0658,0.4314,41.8281,35.804,0.5223,0.3899,1551,3
E02000715,Newham 002,4,7322,39.8051,0.5372,0.1792,34.9499,0.2558,0.2081,36.7711,37.3815,0.708,0.5127,757,2
E02000716,Newham 003,4,7320,36.9457,0.4591,0.1584,27.3964,0.2371,0.441,38.521,46.0869,0.6413,0.4406,941,2
E02000717,Newham 004,4,8265,37.1449,0.4995,0.1646,33.2384,0.0339,0.2176,39.4165,38.1365,0.6767,0.5433,926,2
E02000718,Newham 005,4,7274,41.2867,0.5602,0.1946,29.4799,0.491,0.1114,41.9031,30.3084,0.7602,0.623,672,1
E02000719,Newham 006,4,8011,31.6223,0.3709,0.1602,20.4919,0.1239,0.3785,45.1761,28.7985,0.6124,0.4231,1396,3
E02000720,Newham 007,4,7718,28.3304,0.3286,0.1307,23.1663,-0.0657,-0.1437,39.3503,44.3903,0.4552,0.3681,1766,3
E02000721,Newham 008,5,9701,40.9789,0.4785,0.1743,32.4276,0.0985,0.6167,43.4812,48.994,0.6677,0.5434,689,2
E02000722,Newham 009,4,8273,32.1946,0.3742,0.1497,22.2983,0.2091,0.472,42.3603,34.4675,0.6112,0.4079,1330,2
E02000723,Newham 010,5,11383,30.5861,0.3494,0.1264,30.3719,-0.2043,-0.0457,43.9957,43.6815,0.5242,0.3485,1497,3
E02000724,Newham 011,5,10130,30.9184,0.3669,0.1344,33.2091,-0.3536,-0.1553,46.1339,36.1404,0.5098,0.4161,1458,3
E02000725,Newham 012,5,10009,32.065,0.3437,0.1458,19.5414,0.0124,0.9626,44.1613,34.4628,0.5542,0.517,1348,2
E02000727,Newham 014,4,8690,35.3096,0.4228,0.1403,31.4186,-0.1012,0.0855,45.9967,46.5877,0.5969,0.4425,1053,2
E02000728,Newham 015,5,8622,32.9571,0.4253,0.1377,31.7623,-0.093,-0.2115,43.9561,40.8755,0.6852,0.4321,1256,2
E02000729,Newham 016,4,7285,28.1643,0.3565,0.1273,23.5094,-0.1398,-0.0088,41.5079,34.0628,0.5757,0.3653,1791,3
E02000730,Newham 017,4,10093,29.6157,0.3457,0.1279,27.5058,-0.2812,0.001,43.6469,42.0102,0.5058,0.4048,1607,3
E02000731,Newham 018,5,10217,38.5989,0.468,0.15,34.5979,-0.1444,0.6821,44.9076,44.6384,0.7054,0.429,822,2
E02000732,Newham 019,4,9187,34.4017,0.4612,0.1576,31.5466,-0.0468,0.1723,39.1739,35.4026,0.654,0.5554,1127,2
E02000733,Newham 020,5,10033,31.5739,0.3699,0.1651,23.6838,0.1269,0.2348,41.4795,31.2868,0.5445,0.4527,1402,3
E02000734,Newham 021,4,7279,34.2822,0.425,0.1728,25.2701,0.2676,0.3846,41.8033,28.1373,0.623,0.5734,1138,2
E02000735,Newham 022,5,8801,33.901,0.4209,0.147,27.7188,0.0281,0.5851,42.287,35.9804,0.5797,0.5238,1168,2
E02000736,Newham 023,5,9237,38.8913,0.4858,0.1765,32.6467,0.3045,0.2971,41.173,38.3967,0.673,0.4827,808,2
E02000737,Newham 024,5,10526,34.6449,0.4318,0.1563,27.4597,0.2571,0.3284,40.9541,37.1348,0.6162,0.4205,1111,2
E02000738,Newham 025,5,9769,29.222,0.3736,0.1183,25.735,-0.2814,-0.069,38.6244,47.0503,0.5577,0.367,1663,3
E02000739,Newham 026,4,7786,31.8483,0.3706,0.1559,24.4895,0.2363,0.2701,41.5575,35.9852,0.527,0.4777,1369,2
E02000740,Newham 027,4,6777,33.558,0.4175,0.1758,19.3984,0.5685,0.3084,41.0483,26.2097,0.6767,0.5439,1194,2
E02000741,Newham 028,4,8405,35.9079,0.4267,0.1603,26.6903,0.22,0.3787,41.3867,43.2157,0.6332,0.3893,1013,2
E02000742,Newham 029,4,8632,33.6046,0.4271,0.1596,25.4162,0.3059,0.2034,39.684,36.824,0.5936,0.3813,1190,2
E02000743,Newham 030,4,10438,36.5318,0.4401,0.178,26.8838,0.3442,0.7568,40.5851,30.0951,0.6539,0.5769,973,2
E02000744,Newham 031,4,9309,35.1474,0.4298,0.1644,26.5388,0.3464,0.3152,40.9749,39.0467,0.6576,0.464,1072,2
E02000745,Newham 032,5,8545,29.9044,0.3777,0.1713,23.8313,0.2392,0.0806,35.0445,24.7975,0.5435,0.4978,1562,3
E02000746,Newham 033,6,9606,29.2492,0.3919,0.156,19.9326,0.3305,0.4607,26.66,25.5607,0.58,0.6496,1655,3
E02000747,Newham 034,8,13801,26.6352,0.3352,0.1236,15.6642,0.0275,0.4052,35.1937,29.8277,0.6312,0.5457,1987,3
E02000748,Newham 035,4,6265,26.7954,0.3605,0.1482,21.9174,0.2933,0.1608,32.9618,17.0843,0.5279,0.4492,1964,3
E02000749,Newham 036,5,9855,37.1894,0.4469,0.191,28.2058,0.4579,0.4483,44.7337,22.9685,0.66,0.5051,923,2
E02000751,Redbridge 001,7,11255,7.037,0.0968,0.0568,3.6599,-1.3855,-0.7967,15.6959,29.4019,0.1507,0.0868,6316,10
E02000752,Redbridge 002,4,8965,24.5127,0.312,0.1508,20.6769,0.2136,0.1536,32.2936,13.2484,0.3847,0.3735,2301,4
E02000753,Redbridge 003,4,6955,24.1539,0.2907,0.1554,23.3286,0.0337,-0.0302,31.0144,20.7625,0.3485,0.2794,2365,4
E02000754,Redbridge 004,4,6585,14.0895,0.1958,0.0961,9.9494,-0.7594,-0.0556,20.5652,26.3683,0.2957,0.1925,4445,7
E02000755,Redbridge 005,3,5473,15.4315,0.2081,0.1021,13.5943,-0.6517,-0.0453,20.4817,27.5722,0.3146,0.1786,4098,6
E02000756,Redbridge 006,7,14771,16.4892,0.2178,0.0968,14.311,-0.6296,-0.0766,30.3554,20.2126,0.3226,0.2049,3820,6
E02000757,Redbridge 007,7,12110,10.0875,0.1371,0.0734,4.5741,-1.0155,-0.3814,18.1933,29.6186,0.1837,0.1698,5566,9
E02000758,Redbridge 008,4,6803,15.0628,0.2337,0.1159,13.3501,-0.4907,-0.3407,19.8286,12.5814,0.3038,0.2293,4195,7
E02000759,Redbridge 009,7,12945,15.9746,0.2101,0.0967,9.0435,-0.8194,-0.3067,23.1657,35.9325,0.2862,0.2357,3948,6
E02000760,Redbridge 010,4,7580,20.1951,0.3052,0.1284,13.4898,-0.3348,-0.0351,26.264,20.3819,0.4135,0.2656,3011,5
E02000762,Redbridge 012,4,6738,10.8171,0.1848,0.0749,8.2713,-0.9852,-0.4167,16.7479,24.8875,0.2922,0.1715,5370,8
E02000763,Redbridge 013,4,7913,18.8876,0.2447,0.1157,13.7519,-0.2671,0.0847,29.476,21.4438,0.3504,0.2365,3299,5
E02000764,Redbridge 014,7,12219,9.9148,0.1288,0.0713,3.947,-0.7539,-0.3908,16.5473,30.297,0.1601,0.1557,5603,9
E02000765,Redbridge 015,4,7722,15.4257,0.2355,0.0965,12.7478,-0.7819,-0.1189,24.9285,20.459,0.3314,0.2218,4099,6
E02000767,Redbridge 017,4,8783,15.7437,0.2511,0.0962,12.9236,-0.5175,-0.1578,21.7989,22.1065,0.3381,0.2098,4015,6
E02000768,Redbridge 018,4,5780,7.3763,0.1014,0.0639,2.1993,-1.1458,-0.293,11.9388,30.3209,0.1343,0.0939,6245,10
E02000770,Redbridge 020,4,8021,20.6576,0.3121,0.1211,14.6743,-0.5029,-0.3483,28.8432,30.4074,0.4523,0.2553,2931,5
E02000772,Redbridge 022,4,8455,26.2603,0.3266,0.1209,19.6992,-0.2928,0.6443,38.1978,27.5621,0.4889,0.28,2039,3
E02000773,Redbridge 023,5,10789,17.7506,0.2831,0.1098,12.8363,-0.78,-0.0703,24.1863,24.347,0.386,0.2819,3544,6
E02000774,Redbridge 024,4,8348,24.4815,0.3319,0.1257,22.3416,-0.5059,0.2527,32.5013,29.3243,0.4655,0.2688,2308,4
E02000776,Redbridge 026,4,7061,23.2233,0.3845,0.1199,14.7286,-0.5391,-0.0589,28.4103,27.7055,0.6129,0.2672,2507,4
E02000777,Redbridge 027,4,6112,12.9001,0.1671,0.0959,4.5012,-0.7305,-0.108,19.7745,29.0291,0.1911,0.1916,4768,7
E02000779,Redbridge 029,4,8723,38.4332,0.4892,0.1787,22.071,0.1849,0.8935,36.691,40.8877,0.7051,0.4045,834,2
E02000781,Redbridge 031,7,16307,19.5481,0.284,0.1126,19.3183,-0.7869,0.0044,27.4333,24.5071,0.4209,0.2283,3141,5
E02000782,Redbridge 032,7,11825,35.3339,0.4616,0.1633,24.7238,-0.0053,0.7396,32.3366,40.8884,0.6587,0.5272,1050,2
E02000783,Redbridge 033,4,7411,34.6022,0.4927,0.1807,29.341,-0.1351,0.3358,31.5525,28.0757,0.6541,0.5442,1117,2
E02000784,Richmond upon Thames 001,7,9916,10.5258,0.1197,0.0802,5.307,-1.5489,-0.454,4.3852,40.1304,0.1382,0.1316,5450,8
E02000785,Richmond upon Thames 002,6,9755,8.4952,0.0645,0.0426,0.8255,-2.0612,-0.4462,5.4266,55.8163,0.0844,0.0707,5982,9
E02000786,Richmond upon Thames 003,7,11360,10.9949,0.1389,0.0776,1.7563,-1.4358,-0.2334,6.3181,45.9632,0.1724,0.1535,5326,8
E02000787,Richmond upon Thames 004,7,12227,11.957,0.158,0.0882,2.966,-1.062,-0.154,10.3052,42.4474,0.1795,0.2083,5038,8
E02000788,Richmond upon Thames 005,5,8998,8.8473,0.0768,0.0526,0.4001,-1.8371,-0.5096,4.9948,56.5017,0.0663,0.116,5883,9
E02000789,Richmond upon Thames 006,4,6387,10.8033,0.12,0.0731,2.1483,-1.5403,-0.0732,9.4382,45.3336,0.1154,0.1742,5379,8
E02000790,Richmond upon Thames 007,4,6562,5.7696,0.0609,0.0368,0.3318,-1.8436,-0.8181,3.3881,42.4361,0.07,0.064,6525,10
E02000791,Richmond upon Thames 008,4,6545,7.2818,0.0605,0.0366,0.5147,-2.1351,-0.2908,8.9146,46.8916,0.0689,0.0938,6265,10
E02000792,Richmond upon Thames 009,4,7109,5.425,0.0601,0.0397,0.2507,-1.895,-0.947,3.3737,40.6989,0.052,0.0876,6577,10
E02000793,Richmond upon Thames 010,5,8133,12.2711,0.1629,0.0922,7.5336,-0.8834,0.0305,8.5297,35.8011,0.2373,0.1337,4955,8
E02000794,Richmond upon Thames 011,4,7048,5.7884,0.0851,0.0461,0.9138,-1.7017,-0.393,4.3092,33.5692,0.1178,0.077,6522,10
E02000795,Richmond upon Thames 012,4,6910,8.0113,0.0779,0.0533,1.7681,-1.8247,-0.5353,6.1373,41.9979,0.1103,0.0623,6106,9
E02000796,Richmond upon Thames 013,6,11101,17.7656,0.2555,0.1251,16.2717,-0.6875,-0.0334,13.7284,30.6389,0.3713,0.192,3539,6
E02000797,Richmond upon Thames 014,4,7942,7.3263,0.0875,0.0543,0.3738,-1.4855,-0.1258,5.7548,39.9563,0.0953,0.1221,6257,10
E02000798,Richmond upon Thames 015,7,11254,9.5933,0.1353,0.0782,3.6246,-1.0309,-0.3004,9.3197,32.9206,0.1749,0.1365,5680,9
E02000799,Richmond upon Thames 016,4,6660,6.0687,0.0789,0.0519,0.551,-1.7364,-0.7409,3.3193,38.4256,0.0939,0.082,6480,10
E02000800,Richmond upon Thames 017,3,5385,13.0021,0.2029,0.1228,8.1726,-0.8854,-0.1596,10.8606,18.1163,0.2476,0.1774,4737,7
E02000801,Richmond upon Thames 018,4,7150,5.5167,0.096,0.0534,0.965,-1.3478,-0.9766,6.7499,30.6296,0.1314,0.0953,6565,10
E02000802,Richmond upon Thames 019,4,7076,6.6592,0.1025,0.061,1.2199,-1.2848,-0.5597,6.7672,31.6908,0.1284,0.1018,6380,10
E02000803,Richmond upon Thames 020,6,9788,15.1923,0.2021,0.1314,12.6357,-0.5982,0.0462,8.9344,17.1284,0.2695,0.1982,4166,7
E02000804,Richmond upon Thames 021,4,6995,7.4792,0.1054,0.0568,1.3759,-1.3912,-0.6688,7.5428,35.7046,0.1396,0.1108,6216,10
E02000805,Richmond upon Thames 022,6,10624,8.2872,0.123,0.081,2.4426,-1.2072,-0.4716,7.49,28.5692,0.1692,0.1119,6030,9
E02000806,Richmond upon Thames 023,6,10240,8.1891,0.1151,0.0705,4.0759,-1.2407,-0.6598,6.2963,28.1695,0.1557,0.1183,6052,9
E02000807,Southwark 001,5,8294,11.2867,0.1532,0.0811,8.4428,-0.2062,-0.0947,15.6273,17.1448,0.2717,0.2989,5233,8
E02000808,Southwark 002,6,11037,16.4673,0.1748,0.0985,5.5419,0.0199,-0.2029,22.326,41.1296,0.4458,0.3855,3829,6
E02000810,Southwark 004,7,11699,25.1544,0.3105,0.1505,11.6839,0.3006,0.5755,25.6084,30.9731,0.5515,0.5062,2198,4
E02000812,Southwark 006,6,11088,24.4616,0.2843,0.1367,11.1758,0.4337,0.3404,25.4081,37.7571,0.4993,0.489,2317,4
E02000813,Southwark 007,5,10323,25.598,0.3006,0.1482,13.9982,0.4203,0.7634,21.4532,33.5444,0.5203,0.4805,2136,4
E02000814,Southwark 008,5,10449,14.5229,0.1943,0.0993,7.5381,-0.0346,0.0905,18.7366,18.3908,0.3268,0.3732,4337,7
E02000815,Southwark 009,5,8375,20.5333,0.205,0.0868,11.0649,0.0636,0.6673,22.5509,44.3942,0.5062,0.4175,2951,5
E02000816,Southwark 010,5,9705,29.766,0.3324,0.1703,19.1389,0.6405,0.4977,29.3291,32.2602,0.5258,0.5455,1580,3
E02000817,Southwark 011,4,6958,32.7982,0.3942,0.199,24.3064,0.693,0.513,26.5107,28.0431,0.5972,0.5646,1271,2
E02000818,Southwark 012,6,10288,25.6947,0.2942,0.1285,11.8637,0.3453,0.9027,24.12,38.3456,0.5669,0.5546,2119,4
E02000819,Southwark 013,5,8548,30.583,0.3524,0.1707,21.6156,0.4258,0.5643,31.2792,33.8681,0.5723,0.4962,1499,3
E02000820,Southwark 014,6,9402,25.6192,0.2977,0.142,11.6446,0.4321,0.4527,28.2249,34.8914,0.5342,0.5318,2131,4
E02000821,Southwark 015,5,9142,31.4231,0.333,0.1488,28.901,0.2037,0.6748,35.6489,39.8304,0.4931,0.463,1418,3
E02000822,Southwark 016,4,6673,31.8585,0.4102,0.1728,18.4493,0.4559,0.7101,28.1373,33.0785,0.6449,0.5836,1368,2
E02000823,Southwark 017,5,8681,26.5842,0.3182,0.1439,14.2916,0.1944,0.4844,28.5671,38.999,0.5368,0.4936,1993,3
E02000824,Southwark 018,5,10046,30.4659,0.3961,0.1854,19.0712,0.2612,0.4131,30.6182,28.4393,0.6312,0.494,1508,3
E02000825,Southwark 019,5,10231,28.2157,0.3636,0.1826,15.1649,0.3397,0.1767,32.6095,22.3349,0.5385,0.5289,1779,3
E02000826,Southwark 020,5,9956,23.343,0.2948,0.1419,13.427,0.0941,0.2501,28.4446,28.9069,0.462,0.465,2493,4
E02000827,Southwark 021,6,11452,29.5965,0.3323,0.1579,14.5209,0.2133,0.7949,31.4038,41.5281,0.5017,0.4862,1610,3
E02000828,Southwark 022,5,9061,32.7227,0.3719,0.1768,17.2555,0.2609,0.9763,30.8027,41.7484,0.5892,0.5371,1280,2
E02000829,Southwark 023,5,10855,29.6027,0.3257,0.1699,13.3662,0.5811,0.5322,29.9845,38.0353,0.4823,0.4985,1609,3
E02000830,Southwark 024,5,9160,19.9128,0.1842,0.105,6.6779,-0.0982,0.2227,32.0873,41.5875,0.2759,0.3234,3070,5
E02000831,Southwark 025,5,9490,22.8429,0.244,0.1205,6.4966,-0.0021,0.5812,29.3748,43.2721,0.3416,0.3803,2579,4
E02000832,Southwark 026,5,9616,27.5737,0.3293,0.1811,14.4349,0.4029,0.3689,24.1157,35.03,0.4425,0.4597,1859,3
E02000833,Southwark 027,5,7324,22.0054,0.2637,0.1253,9.1822,0.0505,-0.3104,34.857,33.5448,0.3962,0.3662,2720,4
E02000834,Southwark 028,5,9275,16.7417,0.1503,0.0971,2.8829,-0.1421,-0.0413,28.7883,43.7612,0.1656,0.2905,3764,6
E02000835,Southwark 029,4,7632,16.7134,0.2001,0.1148,5.1754,-0.1879,-0.2448,23.9277,36.042,0.2411,0.2402,3769,6
E02000836,Southwark 030,5,8416,15.8023,0.1323,0.0834,2.4594,-0.4792,-0.3423,29.7109,50.3682,0.1431,0.2199,4003,6
E02000837,Southwark 031,5,8642,10.9954,0.0832,0.0521,0.6343,-1.3345,-0.3796,18.8652,57.3812,0.0895,0.0974,5325,8
E02000838,Southwark 032,5,9565,16.6432,0.1711,0.1054,6.26,-0.3475,-0.2373,28.0872,39.24,0.2129,0.2549,3782,6
E02000839,Southwark 033,5,8330,17.0293,0.207,0.1181,7.8788,-0.5315,-0.1116,20.5416,38.2308,0.2886,0.1971,3693,6
E02000840,Sutton 001,5,9250,29.4621,0.3479,0.1875,31.3477,0.4332,0.5045,24.4003,19.4905,0.4527,0.4413,1625,3
E02000841,Sutton 002,5,9162,27.9356,0.3511,0.1819,29.6541,0.1216,0.3932,23.6493,20.5327,0.4832,0.3581,1818,3
E02000842,Sutton 003,5,8400,9.1688,0.1302,0.0696,10.6381,-0.8942,-0.4497,13.8311,26.5517,0.1673,0.1024,5798,9
E02000843,Sutton 004,6,9638,13.9831,0.1867,0.1019,10.1593,-0.2536,0.0045,19.1974,19.5051,0.2529,0.2528,4466,7
E02000844,Sutton 005,5,8757,19.4774,0.2404,0.1283,23.4032,-0.0251,0.2069,17.8979,20.0227,0.3208,0.2191,3161,5
E02000845,Sutton 006,5,9421,9.5575,0.1669,0.0782,7.5738,-0.8935,-0.4676,14.9181,17.6191,0.2194,0.1423,5694,9
E02000846,Sutton 007,4,7669,9.8288,0.1349,0.0713,8.1431,-0.8923,-0.1425,12.2,31.2241,0.178,0.1299,5622,9
E02000847,Sutton 008,6,9477,6.9101,0.1149,0.0657,5.826,-1.0171,-0.7719,13.1864,18.3631,0.1677,0.0928,6347,10
E02000848,Sutton 009,5,8180,7.2242,0.1009,0.0583,7.6838,-1.1801,-0.567,16.1775,21.7126,0.1447,0.0748,6276,10
E02000849,Sutton 010,5,8152,14.7879,0.188,0.1095,10.1317,-0.3946,0.0112,16.404,27.3928,0.2497,0.1515,4255,7
E02000850,Sutton 011,7,10884,11.9824,0.1614,0.0919,12.3228,-0.591,-0.4713,17.3443,20.8972,0.2404,0.1356,5030,8
E02000851,Sutton 012,6,12051,19.5426,0.2584,0.1312,13.9873,-0.1828,0.5274,16.3414,22.658,0.3449,0.3339,3143,5
E02000852,Sutton 013,5,8136,10.7825,0.1473,0.0803,7.0817,-0.7346,-0.2334,16.375,27.0535,0.2093,0.1223,5383,8
E02000853,Sutton 014,5,8043,13.3817,0.1875,0.1,10.5891,-0.6238,-0.2307,15.2604,28.9847,0.2395,0.1873,4630,7
E02000854,Sutton 015,5,7507,11.2264,0.1251,0.0882,6.4511,-0.7877,-0.1894,13.8152,35.1276,0.1718,0.096,5258,8
E02000855,Sutton 016,5,8167,6.5404,0.0884,0.0645,4.5436,-1.1238,-0.8306,13.3986,22.1461,0.1139,0.0986,6408,10
E02000856,Sutton 017,5,9356,12.7099,0.1649,0.091,6.0289,-0.7654,-0.0806,17.6896,28.3664,0.2014,0.1358,4818,8
E02000857,Sutton 018,5,9070,10.8458,0.1672,0.0837,6.4027,-0.7495,-0.3064,17.8081,23.23,0.2525,0.1756,5363,8
E02000858,Sutton 019,5,8599,33.6012,0.3819,0.222,36.2064,0.35,0.4048,26.0287,14.0899,0.4935,0.3927,1191,2
E02000859,Sutton 020,5,8536,12.6588,0.1692,0.1133,7.5484,-0.4754,-0.5495,14.9263,20.8154,0.2285,0.1291,4828,8
E02000860,Sutton 021,5,8843,17.8773,0.2564,0.1342,13.5818,-0.152,-0.3524,18.6097,20.0058,0.3502,0.2895,3517,6
E02000861,Sutton 022,5,7605,3.8528,0.0665,0.0546,2.7007,-1.2195,-1.4395,9.928,17.6086,0.0868,0.0428,6759,10
E02000863,Sutton 024,4,6759,8.7861,0.1228,0.086,9.1698,-0.984,-0.4349,15.0543,13.0479,0.1844,0.0901,5899,9
E02000864,Tower Hamlets 001,6,11531,30.6622,0.397,0.1739,20.8479,0.4838,0.7332,22.6608,28.6728,0.6391,0.5711,1489,3
E02000865,Tower Hamlets 002,5,8116,38.2125,0.461,0.1824,19.9996,0.8164,0.8143,35.9702,35.1803,0.7045,0.6911,850,2
E02000866,Tower Hamlets 003,5,11036,22.9825,0.285,0.1227,10.1011,-0.0751,0.4526,25.0592,40.7599,0.4977,0.3729,2553,4
E02000867,Tower Hamlets 004,7,11776,25.5282,0.3259,0.1305,14.3498,0.4714,0.4536,23.6954,34.384,0.6339,0.5866,2150,4
E02000868,Tower Hamlets 005,4,7306,29.1109,0.3621,0.1376,12.5796,0.3786,0.6597,30.6859,41.8806,0.6781,0.6525,1675,3
E02000869,Tower Hamlets 006,3,6040,31.8387,0.3951,0.1729,11.0782,0.478,0.8514,27.2302,42.4828,0.6118,0.5858,1370,2
E02000870,Tower Hamlets 007,4,6352,35.2638,0.4545,0.1702,17.6742,0.6094,0.6288,31.7576,39.8623,0.7868,0.519,1057,2
E02000871,Tower Hamlets 008,7,11801,37.6471,0.5199,0.1858,23.2259,0.5981,0.504,31.7636,31.6635,0.7623,0.732,890,2
E02000872,Tower Hamlets 009,5,8205,36.4992,0.4363,0.1647,15.8533,0.6554,0.949,34.9058,43.9842,0.837,0.8083,975,2
E02000873,Tower Hamlets 010,4,10614,28.7912,0.3734,0.1253,22.4288,0.1699,0.3691,34.2996,32.3258,0.7322,0.6647,1719,3
E02000874,Tower Hamlets 011,4,7805,39.7194,0.5173,0.1779,21.1233,0.4815,0.8378,35.6522,42.1917,0.9259,0.7094,762,2
E02000875,Tower Hamlets 012,7,13949,36.3868,0.4999,0.1783,20.0747,0.4183,0.4455,37.5124,27.5881,0.7896,0.769,982,2
E02000876,Tower Hamlets 013,4,7450,40.943,0.4701,0.1813,17.1923,0.5837,1.1428,37.979,47.4199,0.847,0.8282,692,2
E02000877,Tower Hamlets 014,7,14057,32.6174,0.45,0.1523,15.9155,0.4727,0.503,35.188,30.9451,0.7127,0.7249,1294,2
E02000878,Tower Hamlets 015,5,10989,33.7757,0.3788,0.159,11.7226,0.5902,0.5715,36.626,44.7312,0.6983,0.6983,1180,2
E02000879,Tower Hamlets 016,4,8707,38.6925,0.5163,0.1838,20.8007,0.6821,0.4433,37.7904,32.7424,0.8501,0.6062,816,2
E02000880,Tower Hamlets 017,4,6866,39.8587,0.5145,0.1628,18.4761,0.6576,0.5631,42.6357,41.0086,0.7849,0.8018,756,2
E02000881,Tower Hamlets 018,5,10946,35.3274,0.4941,0.1777,20.8538,0.4705,0.5295,31.8309,27.4206,0.7456,0.6733,1052,2
E02000882,Tower Hamlets 019,6,11683,38.1428,0.4718,0.1986,22.5735,0.6836,0.4718,38.8381,29.0834,0.6653,0.8008,853,2
E02000883,Tower Hamlets 020,5,9721,42.7566,0.547,0.2161,27.9499,0.7847,0.6568,36.5952,28.5755,0.766,0.6916,600,1
E02000884,Tower Hamlets 021,7,14587,24.7653,0.3308,0.0995,12.3761,0.0373,0.2917,33.851,37.976,0.787,0.7744,2259,4
E02000885,Tower Hamlets 022,4,7274,46.5162,0.5814,0.2293,25.6983,0.5524,0.4453,44.8474,39.9488,0.8214,0.716,445,1
E02000886,Tower Hamlets 023,5,9905,25.411,0.3409,0.117,13.4439,0.1083,0.5388,31.3963,29.6328,0.6301,0.6069,2167,4
E02000887,Tower Hamlets 024,6,11075,40.4895,0.5328,0.198,22.8814,0.737,0.5618,35.7226,31.2633,0.8366,0.745,712,2
E02000888,Tower Hamlets 025,5,8686,32.1686,0.4058,0.1479,16.1272,0.3529,0.5511,36.9179,35.0613,0.6692,0.5995,1338,2
E02000889,Tower Hamlets 026,5,9392,22.729,0.3395,0.1114,10.3317,0.0682,0.0705,26.2253,29.6133,0.6651,0.477,2601,4
E02000890,Tower Hamlets 027,3,5793,9.1751,0.1315,0.0596,2.2545,-0.6814,-0.2659,15.6579,34.0752,0.3267,0.1775,5796,9
E02000893,Tower Hamlets 030,4,7689,28.1344,0.3773,0.1481,15.4818,0.085,0.1251,38.4742,18.1735,0.5881,0.4465,1796,3
E02000894,Tower Hamlets 031,6,11125,17.862,0.2579,0.0999,10.8054,-0.119,-0.4239,29.5944,18.8516,0.4405,0.4375,3522,6
E02000895,Waltham Forest 001,5,8375,18.0232,0.2389,0.1297,17.8712,-0.3202,-0.1533,22.4019,19.8242,0.3521,0.2104,3489,6
E02000896,Waltham Forest 002,5,9326,13.5265,0.1736,0.1005,8.3968,-0.6136,-0.1179,19.209,28.4428,0.2669,0.1287,4592,7
E02000897,Waltham Forest 003,5,8438,24.0359,0.2878,0.1666,20.6729,0.0439,-0.0653,24.0081,23.2359,0.3798,0.2826,2387,4
E02000898,Waltham Forest 004,5,7932,19.4895,0.2559,0.1465,17.3216,-0.2186,-0.0087,21.4744,16.2613,0.3402,0.2305,3158,5
E02000899,Waltham Forest 005,5,8782,18.3148,0.2263,0.1111,19.9706,-0.4012,0.1801,17.1403,34.3706,0.3604,0.167,3425,5
E02000900,Waltham Forest 006,5,9006,23.972,0.307,0.1485,24.6158,-0.059,0.3597,18.3271,28.5431,0.4331,0.2737,2401,4
E02000901,Waltham Forest 007,6,10311,12.5022,0.1663,0.0885,8.3345,-0.705,-0.3577,19.0747,28.0996,0.2333,0.147,4880,8
E02000902,Waltham Forest 008,5,9740,20.3165,0.298,0.1304,16.983,-0.3503,0.0662,22.2506,24.3182,0.4199,0.2455,2995,5
E02000903,Waltham Forest 009,5,10152,28.5031,0.4026,0.1785,21.3937,0.2222,0.3025,24.9292,22.3722,0.5509,0.4682,1750,3
E02000904,Waltham Forest 010,4,8396,19.4916,0.2448,0.1191,14.0328,-0.3806,0.1082,23.7695,36.4135,0.3727,0.2238,3156,5
E02000905,Waltham Forest 011,5,10307,20.1246,0.2726,0.1153,12.2783,-0.2404,0.2575,23.4051,34.4596,0.3589,0.2759,3022,5
E02000906,Waltham Forest 012,5,9544,24.5413,0.3314,0.1437,15.4294,-0.179,0.0392,25.8957,35.5514,0.4998,0.3725,2300,4
E02000907,Waltham Forest 013,6,10523,34.8694,0.4403,0.1954,21.7382,0.4077,0.5737,31.8178,29.9943,0.5905,0.5077,1091,2
E02000908,Waltham Forest 014,6,13490,21.6805,0.3043,0.1155,13.0781,-0.1468,0.1442,26.5109,30.6169,0.5626,0.4552,2764,5
E02000909,Waltham Forest 015,5,9184,18.4962,0.2431,0.1117,8.9278,-0.313,-0.0273,24.4463,34.9226,0.3608,0.2779,3388,5
E02000910,Waltham Forest 016,6,11168,21.485,0.2758,0.121,11.4896,-0.1479,0.2995,24.1414,39.8354,0.4173,0.3258,2791,5
E02000911,Waltham Forest 017,5,12842,26.8447,0.3259,0.1339,16.8868,-0.0977,0.6444,31.4523,37.5634,0.5241,0.4038,1954,3
E02000912,Waltham Forest 018,5,9609,24.8278,0.3099,0.1429,18.902,-0.2371,0.0393,31.2984,34.1582,0.4409,0.3747,2248,4
E02000913,Waltham Forest 019,5,9595,21.2486,0.2562,0.1242,14.5949,-0.2328,0.08,25.1602,39.6648,0.362,0.2587,2836,5
E02000914,Waltham Forest 020,6,11715,36.1121,0.4158,0.1878,25.5343,0.3109,0.5423,33.4185,45.6694,0.5465,0.5041,996,2
E02000915,Waltham Forest 021,5,7863,21.4473,0.248,0.1285,10.1169,-0.1021,0.1584,22.7306,44.6767,0.3778,0.2834,2799,5
E02000916,Waltham Forest 022,5,10612,26.3498,0.3096,0.1409,18.6428,-0.1064,0.1885,33.7832,40.23,0.4848,0.3259,2019,3
E02000917,Waltham Forest 023,5,9432,21.6867,0.2806,0.1147,14.5186,-0.0547,0.2131,25.5674,35.7966,0.4661,0.305,2763,5
E02000918,Waltham Forest 024,5,9128,25.1217,0.295,0.139,14.6348,0.0973,0.4309,26.5023,36.7345,0.4194,0.3851,2203,4
E02000919,Waltham Forest 025,5,9214,20.4624,0.2339,0.1092,13.9542,-0.2843,0.2555,21.9456,47.6876,0.3652,0.3128,2968,5
E02000920,Waltham Forest 026,5,10293,28.4114,0.3473,0.1609,20.0545,0.0159,0.571,30.0407,33.5476,0.5397,0.387,1755,3
E02000921,Waltham Forest 027,6,11057,30.5485,0.3758,0.1679,23.3194,0.2057,0.3375,29.8199,37.0621,0.5509,0.5115,1502,3
E02000922,Waltham Forest 028,6,10278,25.9967,0.3117,0.1283,19.3403,0.1333,0.2353,28.8774,43.5296,0.4912,0.3331,2085,4
E02000923,Wandsworth 001,4,7655,11.1444,0.132,0.0611,5.7065,-1.1096,-0.1025,12.986,44.9038,0.2794,0.1567,5278,8
E02000925,Wandsworth 003,4,7966,22.6328,0.2998,0.146,13.3719,0.0167,0.2439,16.1436,38.4844,0.4851,0.3908,2621,4
E02000926,Wandsworth 004,7,12201,11.619,0.1651,0.0694,5.5256,-0.5568,-0.0751,11.7196,37.5578,0.3409,0.3056,5150,8
E02000927,Wandsworth 005,4,7105,23.9926,0.27,0.1416,14.9215,0.1298,0.2552,17.895,50.9758,0.4533,0.4354,2394,4
E02000928,Wandsworth 006,5,8271,10.1642,0.1023,0.0529,1.2216,-1.3103,-0.6113,12.6572,53.6829,0.1535,0.149,5544,9
E02000929,Wandsworth 007,4,8082,30.7513,0.4084,0.1816,19.24,0.3497,0.5085,22.7591,31.8361,0.6656,0.5142,1472,3
E02000930,Wandsworth 008,5,10248,14.7692,0.1268,0.062,6.2485,-0.7119,0.3864,18.7768,54.4925,0.2849,0.2729,4264,7
E02000931,Wandsworth 009,5,8910,8.6296,0.0518,0.0321,0.4355,-1.1797,-0.8177,14.2354,58.7796,0.0634,0.1419,5944,9
E02000932,Wandsworth 010,8,13019,9.7999,0.1071,0.0443,2.0732,-1.1317,-0.0036,14.9207,43.1034,0.2034,0.2467,5629,9
E02000933,Wandsworth 011,5,8871,9.1987,0.1131,0.0571,2.8291,-1.2036,-0.3397,13.9997,41.4891,0.1807,0.1382,5790,9
E02000934,Wandsworth 012,5,9069,12.1531,0.1371,0.0661,4.1734,-0.5317,0.0664,15.216,42.1437,0.2838,0.2984,4988,8
E02000935,Wandsworth 013,4,7470,30.2315,0.4618,0.1691,25.3583,0.1831,0.3006,23.0842,23.7502,0.7919,0.4751,1526,3
E02000936,Wandsworth 014,5,9483,10.6059,0.1555,0.0696,5.8037,-0.9539,-0.4555,16.7549,32.8677,0.3021,0.2192,5428,8
E02000937,Wandsworth 015,5,8028,7.3325,0.0756,0.0471,1.1267,-1.0496,-0.8282,13.4621,44.2204,0.0789,0.1704,6252,10
E02000938,Wandsworth 016,5,10871,19.4765,0.2997,0.1369,11.4228,-0.3139,0.1933,17.0789,23.8407,0.4388,0.3274,3162,5
E02000939,Wandsworth 017,5,7700,7.4991,0.0658,0.0455,2.1924,-1.3521,-1.0642,9.4392,46.0428,0.0807,0.1031,6208,10
E02000940,Wandsworth 018,5,9359,18.7732,0.2729,0.1107,7.7377,-0.4205,0.4118,16.9908,33.7269,0.4619,0.4505,3334,5
E02000941,Wandsworth 019,6,10145,10.1748,0.1337,0.07,3.1996,-0.5947,-0.3986,12.461,37.9154,0.173,0.2257,5540,9
E02000942,Wandsworth 020,6,9707,7.4085,0.0951,0.0493,0.9044,-1.4046,-0.6756,11.6754,40.7097,0.1174,0.1322,6237,10
E02000943,Wandsworth 021,5,8726,9.572,0.1153,0.056,1.9043,-0.8252,-0.0136,11.5264,38.8761,0.211,0.2556,5687,9
E02000944,Wandsworth 022,4,7682,26.3464,0.4193,0.164,13.9188,0.2727,-0.0007,19.7002,23.0082,0.6804,0.4059,2021,3
E02000945,Wandsworth 023,4,8018,32.4371,0.4591,0.1772,22.3781,0.3297,0.6875,21.9163,32.0805,0.794,0.4737,1308,2
E02000946,Wandsworth 024,5,8403,15.9,0.1814,0.1044,8.19,-0.0945,0.1968,16.8834,32.9816,0.3286,0.3248,3967,6
E02000947,Wandsworth 025,5,9330,6.3841,0.1013,0.0514,0.7364,-1.1903,-0.7558,11.1553,31.7043,0.1375,0.1927,6438,10
E02000948,Wandsworth 026,6,9870,9.5642,0.1322,0.0597,3.0616,-0.5619,-0.2956,12.6853,36.1692,0.2361,0.2512,5691,9
E02000949,Wandsworth 027,6,9919,8.622,0.0861,0.055,1.4474,-0.9037,-0.2746,8.5162,38.8586,0.1352,0.1216,5946,9
E02000950,Wandsworth 028,5,7572,14.5955,0.2593,0.1013,9.223,-0.5764,-0.3885,18.1437,23.1194,0.4384,0.2443,4318,7
E02000951,Wandsworth 029,4,6423,13.5765,0.1636,0.091,2.3784,-0.3284,0.0691,11.6956,42.6903,0.2988,0.2369,4576,7
E02000952,Wandsworth 030,4,6077,13.0508,0.1698,0.0939,5.8846,-0.4599,0.0676,12.9072,34.5094,0.2249,0.3588,4720,7
E02000953,Wandsworth 031,4,7459,10.2171,0.1491,0.062,5.0126,-0.5442,-0.6086,17.0679,33.3615,0.2754,0.2943,5529,9
E02000954,Wandsworth 032,4,6124,14.4256,0.1809,0.0913,5.0937,-0.741,0.1281,11.6336,43.4791,0.348,0.2171,4357,7
E02000955,Wandsworth 033,4,6784,20.7376,0.2726,0.1199,12.3628,-0.051,0.1729,16.1102,41.8926,0.4942,0.3652,2921,5
E02000956,Wandsworth 034,4,7382,22.1269,0.3083,0.1268,13.6409,0.0893,0.0944,17.044,37.8446,0.6271,0.4493,2701,4
E02000957,Wandsworth 035,6,10861,19.947,0.2704,0.1078,7.5326,-0.0896,0.4707,17.9714,37.7299,0.4923,0.3572,3065,5
E02000958,Wandsworth 036,5,8403,14.6323,0.2036,0.0995,6.3541,-0.6191,-0.1308,14.8433,40.1159,0.3018,0.1966,4305,7
E02000959,Wandsworth 037,4,7812,23.8845,0.3266,0.1478,14.3741,-0.1154,0.2239,19.3791,38.0591,0.5146,0.3622,2417,4
E02000960,Westminster 001,4,6370,11.6531,0.1291,0.0677,5.5263,-1.3925,-0.2069,19.2654,44.7763,0.2016,0.1751,5138,8
E02000961,Westminster 002,5,9996,19.213,0.2442,0.11,11.7837,-1.0158,-0.0707,24.8904,41.1751,0.3674,0.3291,3223,5
E02000962,Westminster 003,5,7960,17.9438,0.2187,0.1041,7.374,-0.5147,-0.4031,24.9947,44.1319,0.2248,0.4677,3503,6
E02000963,Westminster 004,5,10393,36.5775,0.4224,0.207,22.7708,0.3974,0.5937,38.4789,33.8508,0.613,0.5775,970,2
E02000964,Westminster 005,6,12131,36.5911,0.4107,0.2075,16.1218,0.5204,0.7523,39.6538,35.4484,0.6662,0.5778,968,2
E02000965,Westminster 006,5,7890,19.1235,0.2019,0.1024,4.5431,-0.2623,0.159,26.6259,42.2438,0.3332,0.348,3248,5
E02000966,Westminster 007,5,9400,14.1997,0.1455,0.0772,4.1399,-1.0201,-0.0282,23.8531,48.556,0.1984,0.2258,4413,7
E02000967,Westminster 008,4,6415,11.9244,0.1012,0.0482,5.6831,-1.2836,-0.0668,18.9057,53.3292,0.1797,0.1476,5050,8
E02000968,Westminster 009,8,14809,46.0731,0.5555,0.2559,30.486,0.6733,0.6699,32.218,38.62,0.8478,0.7371,462,1
E02000969,Westminster 010,5,9670,43.1583,0.5058,0.2408,23.9637,0.6659,0.7155,35.21,38.2292,0.765,0.6432,580,1
E02000970,Westminster 011,5,7230,10.2903,0.0755,0.046,5.3951,-1.4998,-0.4439,9.176,58.465,0.1117,0.1153,5510,9
E02000971,Westminster 012,5,7808,17.6944,0.1449,0.0791,3.9363,-0.8418,0.5118,22.4784,63.9447,0.2497,0.2507,3553,6
E02000972,Westminster 013,4,8369,20.6102,0.1928,0.1142,7.307,-0.0869,0.193,21.3417,55.5842,0.4332,0.3121,2936,5
E02000973,Westminster 014,5,10028,18.4485,0.1718,0.0961,5.2375,-0.4393,0.4263,26.8166,48.1786,0.2444,0.3205,3395,5
E02000974,Westminster 015,6,9380,23.0107,0.2157,0.1127,12.4443,-0.408,0.6142,25.5621,52.036,0.3978,0.3228,2551,4
E02000975,Westminster 016,5,7866,16.8389,0.1437,0.0717,4.0048,-0.5344,0.3042,25.461,55.9449,0.255,0.275,3747,6
E02000976,Westminster 017,6,8584,22.5963,0.2195,0.1069,5.1108,-0.3153,0.9565,24.4353,51.6034,0.3725,0.3825,2628,4
E02000977,Westminster 018,4,6933,19.1898,0.1422,0.0913,7.0826,-0.2406,0.336,20.0371,59.8383,0.3276,0.2239,3230,5
E02000978,Westminster 019,5,7646,9.7599,0.0263,0.0155,4.4689,-2.27,0.0004,12.3849,60.5668,0.0318,0.0525,5637,9
E02000979,Westminster 020,5,8390,21.2785,0.2012,0.1418,6.8637,0.0606,-0.1668,18.9738,43.0487,0.2739,0.2406,2830,5
E02000980,Westminster 021,6,8918,23.9612,0.2835,0.1441,10.2421,0.2348,0.0773,23.3974,39.2075,0.4531,0.4143,2404,4
E02000981,Westminster 022,5,8358,21.0154,0.1906,0.1051,9.3547,-0.2478,0.4121,25.1944,53.8989,0.3218,0.2522,2875,5
E02000982,Westminster 023,5,7538,29.3732,0.3399,0.168,13.8754,0.3254,0.369,30.804,42.5106,0.5526,0.4034,1644,3
E02000983,Westminster 024,5,7784,28.1993,0.326,0.1551,15.2848,0.0425,0.182,28.1393,45.3001,0.5549,0.3996,1783,3
E02000984,Bolton 001,5,7680,4.856,0.0504,0.0509,2.3867,-0.5919,-0.639,18.9864,11.3222,0.0729,0.0488,6657,10
E02000985,Bolton 002,5,7374,7.6229,0.0912,0.0722,4.4258,-0.4692,-0.2396,13.7945,15.3221,0.155,0.0588,6192,10
E02000986,Bolton 003,5,8487,12.6843,0.1544,0.0934,9.3884,-0.2293,0.0848,14.3759,22.2128,0.2447,0.1187,4821,8
E02000987,Bolton 004,5,7435,29.8698,0.2835,0.1829,25.4149,0.8018,0.8488,19.1092,30.3664,0.414,0.2509,1567,3
E02000988,Bolton 005,5,9118,32.2334,0.3822,0.1902,25.8946,0.6246,0.7155,13.5203,37.7835,0.558,0.342,1326,2
E02000989,Bolton 006,6,8375,10.6022,0.1106,0.0874,8.22,-0.2173,-0.1866,16.204,14.1531,0.165,0.077,5431,8
E02000990,Bolton 007,5,8382,14.784,0.1581,0.1044,9.2516,0.0847,0.0991,15.9791,24.7618,0.2466,0.1222,4257,7
E02000991,Bolton 008,5,7871,23.0439,0.2544,0.1377,17.3203,0.127,0.2724,17.3433,42.2752,0.3787,0.1383,2539,4
E02000992,Bolton 009,4,6316,13.2167,0.135,0.0979,9.4145,0.0177,-0.1622,22.7492,17.1754,0.2124,0.1144,4671,7
E02000993,Bolton 010,4,8476,45.0907,0.4763,0.2715,40.3606,1.2087,1.3016,14.8602,15.537,0.6366,0.4333,503,1
E02000994,Bolton 011,5,9155,52.4759,0.5642,0.2859,46.9129,1.1601,1.2178,22.5069,33.9888,0.6603,0.6141,253,1
E02000995,Bolton 012,5,8393,27.3066,0.2697,0.1706,21.6714,0.1892,0.4976,20.2918,24.8615,0.365,0.1943,1884,3
E02000996,Bolton 013,5,8601,56.8634,0.5518,0.3467,49.4388,1.5188,1.5538,22.2951,11.8637,0.7157,0.4009,142,1
E02000997,Bolton 014,4,6627,17.4949,0.1819,0.1296,12.1979,-0.0075,0.1488,18.8652,16.6486,0.2594,0.1361,3599,6
E02000998,Bolton 015,5,10729,47.8837,0.4938,0.2426,45.9349,0.8106,0.9339,26.9318,54.3687,0.6358,0.373,399,1
E02000999,Bolton 016,5,8949,62.4283,0.6082,0.3569,51.0918,1.5874,1.5655,26.3186,26.2398,0.7641,0.5851,56,1
E02001000,Bolton 017,6,9487,38.0889,0.3786,0.2276,29.5698,0.912,1.002,15.6221,42.0124,0.5432,0.2792,856,2
E02001001,Bolton 018,5,8944,29.1873,0.3214,0.1598,24.3165,0.188,0.6233,21.9791,41.7896,0.4512,0.2042,1668,3
E02001002,Bolton 019,6,9760,32.8081,0.2982,0.2029,32.4336,0.6257,1.1318,21.369,16.5266,0.3948,0.2063,1268,2
E02001003,Bolton 020,5,7442,9.8336,0.1145,0.074,8.1022,-0.4996,0.0171,22.2963,9.7784,0.1845,0.0704,5621,9
E02001004,Bolton 021,5,9377,53.4999,0.5919,0.2655,51.3033,0.8518,0.8178,33.3063,46.1737,0.7393,0.5883,225,1
E02001005,Bolton 022,5,10379,45.0281,0.4807,0.2275,46.1536,0.7899,1.2074,25.3616,39.8789,0.6446,0.3652,505,1
E02001006,Bolton 023,5,8593,41.2753,0.4755,0.2016,40.6482,0.5455,0.3568,29.1502,53.8703,0.6321,0.4449,674,1
E02001007,Bolton 024,7,10067,20.5654,0.1975,0.1467,19.8028,0.3901,0.2533,19.0562,14.6929,0.2974,0.1515,2947,5
E02001008,Bolton 025,5,9243,48.9682,0.571,0.2489,46.9648,0.9087,0.7187,33.4693,29.018,0.6709,0.5186,363,1
E02001009,Bolton 026,4,7633,39.4192,0.4175,0.2133,32.4034,0.6224,1.1033,24.0851,33.0009,0.5847,0.2799,777,2
E02001010,Bolton 027,4,6589,46.3302,0.4618,0.2431,38.944,1.0905,1.3712,20.8441,45.2068,0.6379,0.3416,453,1
E02001011,Bolton 028,6,9854,9.6216,0.1107,0.0821,7.8518,-0.3151,-0.1824,13.1728,15.3542,0.1591,0.1005,5673,9
E02001012,Bolton 029,5,9968,29.1158,0.3217,0.1757,32.2002,0.5266,0.552,20.9787,24.7884,0.4006,0.2721,1674,3
E02001013,Bolton 030,4,6171,14.0398,0.157,0.0987,11.3236,-0.073,0.1903,23.2118,11.5862,0.2331,0.0916,4452,7
E02001014,Bolton 031,5,8448,30.0225,0.3152,0.1953,27.4007,0.855,0.5934,16.3347,20.3832,0.4439,0.2627,1550,3
E02001015,Bolton 032,5,8220,42.95,0.389,0.2656,32.8999,1.3199,1.45,13.8897,33.1859,0.5628,0.283,589,1
E02001016,Bolton 033,5,8757,47.8932,0.4814,0.2896,45.4795,1.4052,1.2677,16.7733,17.6948,0.6171,0.3825,398,1
E02001017,Bolton 034,7,10684,21.8836,0.2195,0.1453,22.5124,0.5182,0.3681,14.4306,21.5336,0.3252,0.1693,2742,4
E02001018,Bolton 035,5,7569,12.646,0.1336,0.1059,10.379,0.0564,-0.1403,17.8559,12.1977,0.1993,0.0854,4833,8
E02001019,Bury 001,6,8998,16.9589,0.1571,0.1048,11.5613,-0.0214,0.1295,22.0222,34.3465,0.2082,0.1483,3710,6
E02001020,Bury 002,4,5943,8.3607,0.0835,0.0721,4.198,-0.5978,-0.5046,24.239,14.2344,0.1489,0.0595,6017,9
E02001021,Bury 003,5,7524,9.767,0.0763,0.0681,3.498,-0.3352,-0.5704,25.316,25.2742,0.1073,0.0634,5636,9
E02001022,Bury 004,5,8038,23.4871,0.2331,0.1512,20.3128,0.5766,0.2697,19.1534,28.1013,0.3337,0.1666,2474,4
E02001023,Bury 005,4,5674,20.4236,0.2258,0.1524,19.3308,0.2298,0.0787,22.2835,9.6655,0.3504,0.1382,2979,5
E02001024,Bury 006,5,7915,11.3106,0.1228,0.0883,8.2784,-0.0353,-0.4082,17.0123,20.1066,0.2109,0.0791,5227,8
E02001025,Bury 007,5,8215,45.309,0.4409,0.2713,42.8799,1.141,1.2036,20.0143,26.7162,0.5913,0.3545,497,1
E02001026,Bury 008,6,11499,46.3986,0.4912,0.2276,47.2549,0.835,1.0698,22.4827,49.4951,0.6759,0.3965,449,1
E02001027,Bury 009,4,7264,30.3557,0.2758,0.1801,20.3227,0.8481,0.9184,13.5852,43.3437,0.3754,0.1974,1516,3
E02001028,Bury 010,5,7351,5.2979,0.0723,0.0678,3.8152,-0.4473,-0.7819,14.7091,6.7067,0.1061,0.063,6593,10
E02001029,Bury 011,4,7867,36.529,0.4166,0.2074,36.9229,0.6124,0.8068,16.5332,36.8408,0.5717,0.3146,974,2
E02001030,Bury 012,4,6125,12.2007,0.111,0.0921,11.6572,-0.169,0.0353,20.0429,17.2556,0.1677,0.0946,4976,8
E02001031,Bury 013,4,6888,25.6427,0.2997,0.1743,21.9835,0.5916,0.4388,14.3836,16.6899,0.4404,0.2271,2129,4
E02001032,Bury 014,5,7775,20.8405,0.222,0.139,21.6492,0.4161,0.2533,13.2048,24.9962,0.3671,0.1514,2902,5
E02001033,Bury 015,4,6223,27.217,0.2989,0.1703,24.1185,0.5254,0.8138,15.5221,27.2187,0.4562,0.1869,1897,3
E02001034,Bury 016,5,8802,52.4387,0.4782,0.3163,46.6047,1.5058,1.5179,17.145,33.2963,0.6182,0.3825,255,1
E02001035,Bury 017,5,7227,9.5209,0.1214,0.0869,7.5244,-0.2545,-0.1724,8.0875,17.7011,0.2086,0.0775,5711,9
E02001036,Bury 018,4,7389,25.3541,0.276,0.167,24.8249,0.5088,0.6394,14.6675,20.5403,0.4116,0.1977,2173,4
E02001037,Bury 019,5,7251,8.2883,0.0848,0.0733,5.7213,-0.4555,-0.2906,9.838,25.7358,0.1141,0.0679,6029,9
E02001038,Bury 020,4,5699,27.2974,0.2623,0.1844,17.7884,0.7022,0.6999,7.3185,31.7193,0.345,0.2479,1885,3
E02001039,Bury 021,5,8610,32.6478,0.3638,0.2209,30.6375,0.6698,0.6418,10.4145,18.7333,0.4606,0.3177,1291,2
E02001040,Bury 022,4,6464,18.8204,0.1558,0.1269,11.5375,0.1832,0.2731,12.6642,37.0963,0.2013,0.1039,3321,5
E02001041,Bury 023,5,7783,23.0193,0.2633,0.155,18.1502,0.4516,0.3846,8.796,30.8151,0.3785,0.2258,2547,4
E02001042,Bury 024,4,6600,17.168,0.1869,0.1324,8.786,0.1305,0.2308,8.3456,29.491,0.2708,0.1577,3664,6
E02001043,Bury 025,4,5830,22.2684,0.2424,0.1513,18.4391,0.5758,0.3625,10.3477,19.6906,0.3601,0.1892,2676,4
E02001044,Bury 026,5,9636,21.5798,0.3136,0.1346,16.6012,0.0665,-0.1387,15.1822,32.0505,0.4194,0.1479,2775,5
E02001045,Manchester 001,5,8583,51.7051,0.4737,0.2876,40.0518,1.4808,1.1551,40.3462,17.7244,0.6265,0.4024,277,1
E02001046,Manchester 002,6,11371,45.7058,0.4455,0.251,31.2426,1.3031,1.3769,36.1702,18.5633,0.5833,0.3738,482,1
E02001047,Manchester 003,6,10497,44.5247,0.4271,0.2577,34.7072,1.2808,1.1266,33.592,14.7178,0.5714,0.3649,526,1
E02001048,Manchester 004,5,9583,39.1506,0.409,0.2005,30.7212,0.7715,0.972,42.1689,22.4987,0.5614,0.3046,798,2
E02001049,Manchester 005,6,10580,30.7098,0.3068,0.1917,29.3317,0.8706,0.7143,21.9361,18.3819,0.4324,0.2239,1477,3
E02001050,Manchester 006,4,8561,56.5706,0.5326,0.2895,39.1309,1.4235,1.6121,39.0922,35.6649,0.7034,0.3933,150,1
E02001051,Manchester 007,5,9447,47.5137,0.4748,0.2486,31.9621,1.0641,1.1949,38.1297,34.2059,0.6653,0.261,412,1
E02001052,Manchester 008,7,15125,49.6118,0.5363,0.221,43.9618,0.8868,0.8879,43.6679,40.117,0.6413,0.5418,338,1
E02001053,Manchester 009,6,11836,68.4898,0.6171,0.3626,47.9279,1.902,1.8737,42.4151,20.889,0.6908,0.5884,14,1
E02001055,Manchester 011,5,9906,56.9146,0.5028,0.3013,45.3206,1.6355,1.3813,36.7898,30.4837,0.637,0.3763,139,1
E02001056,Manchester 012,5,9003,61.8494,0.5748,0.331,43.5686,1.7197,1.3411,43.019,23.9399,0.7012,0.5322,62,1
E02001059,Manchester 015,6,12093,50.6357,0.4854,0.2723,33.4119,1.4567,1.2192,39.2054,21.5348,0.6057,0.5231,304,1
E02001061,Manchester 017,6,11107,56.2513,0.5323,0.2921,34.8823,1.4218,1.427,45.8124,28.1459,0.6683,0.4522,156,1
E02001062,Manchester 018,6,10718,41.8364,0.4457,0.2133,23.2217,1.2929,0.8651,37.4544,22.9658,0.6501,0.717,647,1
E02001063,Manchester 019,5,12098,26.6283,0.2351,0.1189,16.0608,0.9824,0.6425,34.4797,22.7664,0.5205,0.6964,1988,3
E02001064,Manchester 020,5,11022,53.2391,0.5463,0.2701,38.1005,1.5171,1.1659,40.7032,19.7908,0.657,0.5474,233,1
E02001065,Manchester 021,5,9957,54.1172,0.5014,0.2586,34.0186,1.0326,1.3919,47.6738,48.454,0.6971,0.3199,207,1
E02001066,Manchester 022,5,12184,40.5382,0.3828,0.1777,28.98,1.3343,0.6108,36.6749,45.2931,0.6717,0.6093,711,2
E02001067,Manchester 023,6,11574,57.3126,0.583,0.2856,39.6757,1.3233,1.2784,46.3747,22.2439,0.704,0.5506,128,1
E02001068,Manchester 024,5,12161,51.5442,0.5682,0.2598,37.4224,1.2716,0.8162,39.4105,31.0765,0.6861,0.695,287,1
E02001069,Manchester 025,7,12846,43.2565,0.4334,0.2007,31.883,1.0364,0.9611,37.4726,42.5785,0.6488,0.6009,576,1
E02001070,Manchester 026,5,12975,32.9605,0.2873,0.1349,27.3343,0.8664,0.8875,34.7104,37.8004,0.5577,0.5176,1254,2
E02001072,Manchester 028,5,8902,31.8104,0.3239,0.183,14.4447,0.9355,0.5547,31.8058,35.2904,0.4353,0.4237,1377,3
E02001073,Manchester 029,6,9203,17.8654,0.1547,0.0992,4.0096,0.3397,0.2378,20.869,42.1424,0.1697,0.2591,3519,6
E02001074,Manchester 030,6,11809,38.4952,0.4142,0.2187,24.7022,1.169,0.822,27.5008,25.166,0.545,0.4357,827,2
E02001075,Manchester 031,4,9151,42.1641,0.4333,0.2075,24.0228,0.9692,0.9551,27.2598,61.3833,0.5578,0.4434,627,1
E02001076,Manchester 032,4,11245,24.0478,0.1621,0.0748,24.2255,0.9098,0.8173,28.1191,36.5312,0.5462,0.5044,2384,4
E02001077,Manchester 033,5,7368,17.4196,0.1576,0.1028,3.5751,0.378,0.1525,19.4669,39.8918,0.1761,0.2374,3617,6
E02001078,Manchester 034,6,10668,28.0472,0.3142,0.158,16.1923,0.5362,0.648,24.9283,36.3817,0.4529,0.273,1805,3
E02001079,Manchester 035,5,9663,33.8251,0.377,0.1933,23.9441,1.0745,0.7568,23.4425,18.5307,0.6191,0.454,1175,2
E02001080,Manchester 036,5,10088,24.9818,0.1965,0.093,20.6561,1.1383,0.7835,25.6576,30.3171,0.5774,0.4386,2218,4
E02001081,Manchester 037,4,6288,17.3501,0.1655,0.1068,5.7877,0.3466,-0.0761,21.2744,28.43,0.1929,0.2299,3634,6
E02001082,Manchester 038,4,6787,18.3822,0.1612,0.0948,9.1255,0.49,0.3204,16.8751,36.9419,0.2709,0.2473,3411,5
E02001083,Manchester 039,5,8284,18.1831,0.16,0.099,6.3021,0.6906,-0.0729,17.5623,25.4286,0.1942,0.316,3456,6
E02001084,Manchester 040,5,8719,20.4925,0.2086,0.1213,11.0241,0.5672,0.3936,20.3733,25.7851,0.3294,0.2398,2960,5
E02001085,Manchester 041,5,9033,44.1862,0.4878,0.2689,39.9455,1.2484,0.88,24.1939,13.3113,0.6177,0.4675,546,1
E02001086,Manchester 042,4,7239,27.4195,0.291,0.1643,13.5457,0.6871,0.7657,26.5311,14.4829,0.3846,0.3007,1872,3
E02001087,Manchester 043,6,9311,8.875,0.087,0.0614,1.2909,-0.2197,-0.2594,14.8151,29.6326,0.0893,0.1507,5872,9
E02001088,Manchester 044,5,9254,36.6659,0.3811,0.2423,30.3835,1.1957,0.965,18.6121,11.8083,0.4896,0.3242,963,2
E02001089,Manchester 045,5,8201,13.2285,0.1361,0.085,4.1083,-0.045,0.2299,17.2693,29.6497,0.1823,0.1327,4667,7
E02001090,Manchester 046,4,6976,22.4565,0.2063,0.1502,11.3103,0.7041,0.5405,16.2897,30.4192,0.2388,0.2298,2650,4
E02001091,Manchester 047,5,8468,29.0449,0.278,0.1863,24.8937,1.0046,0.5764,20.2971,11.91,0.3682,0.2429,1687,3
E02001092,Manchester 048,5,9364,37.9149,0.3568,0.2301,35.5063,1.4147,1.0126,17.0122,14.9802,0.4484,0.3326,870,2
E02001093,Manchester 049,5,9928,49.8845,0.4975,0.2863,45.7878,1.6668,0.7864,23.4707,13.2325,0.65,0.3904,324,1
E02001094,Manchester 050,5,10085,59.8394,0.5869,0.3375,55.3849,1.8335,1.3329,23.1319,12.4445,0.6987,0.5694,92,1
E02001095,Manchester 051,5,9189,42.9153,0.4085,0.2649,38.8047,1.6777,0.8777,21.4303,12.2841,0.5234,0.4006,591,1
E02001096,Manchester 052,5,8027,37.0068,0.3629,0.2319,33.9046,1.273,0.5832,25.4941,12.3907,0.5286,0.2976,935,2
E02001097,Manchester 053,5,9232,43.7451,0.4143,0.2824,42.382,1.5245,0.7283,22.3825,11.6464,0.5086,0.4011,559,1
E02001098,Oldham 001,4,5937,20.7953,0.2042,0.1564,20.9049,0.4419,0.0865,16.677,18.4725,0.3138,0.1332,2910,5
E02001099,Oldham 002,4,5662,29.063,0.2606,0.1825,23.3081,0.6913,0.6422,18.7447,35.8597,0.3791,0.1889,1682,3
E02001100,Oldham 003,4,6071,23.3498,0.2056,0.1497,16.9165,0.5164,0.459,18.0233,28.5092,0.2965,0.1445,2491,4
E02001101,Oldham 004,4,5619,15.5794,0.1386,0.1028,15.4454,0.1395,0.3317,18.65,23.0827,0.2345,0.0827,4063,6
E02001102,Oldham 005,4,5935,19.7024,0.2004,0.1255,18.9316,0.3473,0.4094,14.7817,25.1133,0.3435,0.1168,3103,5
E02001103,Oldham 006,4,5502,16.1455,0.0849,0.0758,5.3491,-0.2817,-0.2017,45.1795,34.9136,0.1181,0.0782,3908,6
E02001104,Oldham 007,4,7386,29.063,0.2707,0.1638,26.0816,0.5508,0.6641,31.9954,14.0319,0.3705,0.2043,1683,3
E02001105,Oldham 008,4,6011,24.1774,0.2404,0.1535,24.1397,0.4855,0.5206,18.3861,19.411,0.3825,0.1738,2356,4
E02001106,Oldham 009,4,6161,27.9429,0.25,0.1706,23.4812,0.646,0.7053,17.6857,38.4036,0.3986,0.163,1817,3
E02001107,Oldham 010,4,6900,32.9603,0.389,0.1714,29.8385,0.2333,0.7155,23.2213,31.0359,0.4955,0.2467,1255,2
E02001108,Oldham 011,3,6011,48.4592,0.4967,0.2695,54.0632,0.9947,1.2974,20.839,27.8059,0.673,0.2694,379,1
E02001109,Oldham 012,5,7905,46.968,0.4219,0.2693,44.2365,1.1103,1.3918,21.1498,33.3622,0.5715,0.3084,426,1
E02001110,Oldham 013,4,6549,11.6385,0.0701,0.061,3.8326,-0.6098,-0.1267,30.5344,38.8408,0.1222,0.044,5144,8
E02001111,Oldham 014,4,9262,64.6113,0.6294,0.3427,63.0678,1.5056,1.4099,31.9036,25.6562,0.7078,0.6093,31,1
E02001112,Oldham 015,4,6041,8.8549,0.1079,0.072,8.9026,-0.2284,-0.3045,13.4984,16.4522,0.2068,0.0527,5880,9
E02001113,Oldham 016,5,9352,56.4198,0.6145,0.262,55.9017,0.8194,0.8058,40.0147,46.5351,0.7105,0.7141,154,1
E02001114,Oldham 017,5,8934,35.9543,0.4073,0.2132,32.5539,0.7943,0.7104,17.8175,24.3224,0.5652,0.2621,1010,2
E02001115,Oldham 018,4,5890,27.0761,0.2435,0.1696,22.9714,0.5201,0.6415,20.0616,29.4047,0.3758,0.1485,1912,3
E02001116,Oldham 019,4,8052,50.1121,0.4996,0.2246,60.8145,0.715,1.0033,27.4271,57.5937,0.6177,0.4462,319,1
E02001117,Oldham 020,3,6092,11.9026,0.1147,0.08,6.4887,-0.681,-0.1981,28.1571,27.4035,0.1908,0.0771,5057,8
E02001118,Oldham 021,4,6105,13.9471,0.1196,0.0976,10.4163,-0.0974,-0.2471,24.4698,25.8689,0.1747,0.0984,4474,7
E02001119,Oldham 022,5,12437,57.2325,0.5263,0.2575,66.3056,1.0485,0.7582,37.7182,59.7443,0.6039,0.5609,130,1
E02001121,Oldham 024,4,8865,61.0745,0.5997,0.3007,62.5928,1.1305,1.1455,33.1395,47.8218,0.6871,0.5605,79,1
E02001123,Oldham 026,4,7108,51.8045,0.5128,0.2909,48.494,1.1817,1.2319,27.4303,21.7038,0.6449,0.4123,273,1
E02001124,Oldham 027,4,7054,42.8116,0.4547,0.247,45.0639,0.9828,1.2027,18.9563,25.8494,0.6241,0.3493,595,1
E02001125,Oldham 028,5,8151,24.8408,0.2765,0.1555,26.163,0.5515,0.3468,13.7331,29.1978,0.4814,0.149,2245,4
E02001126,Oldham 029,5,9225,54.9493,0.5701,0.3008,55.075,1.3862,1.1622,23.7267,24.9644,0.7419,0.4134,187,1
E02001127,Oldham 030,5,7804,48.6135,0.4805,0.2856,53.7946,1.1043,1.3117,16.634,19.5967,0.5929,0.432,377,1
E02001128,Oldham 031,5,7457,35.1168,0.3459,0.2041,34.8137,0.7076,0.8459,11.308,42.2462,0.5594,0.1886,1075,2
E02001129,Oldham 032,4,6947,38.613,0.3638,0.2185,34.7511,1.0695,1.2415,14.8862,39.8417,0.5769,0.2488,820,2
E02001130,Oldham 033,4,5740,23.8695,0.2161,0.1611,26.3573,0.3948,0.6542,17.8546,20.2601,0.3525,0.1551,2421,4
E02001131,Oldham 034,4,5393,18.985,0.2057,0.1364,21.6187,0.2726,0.1711,13.0429,19.324,0.3243,0.1608,3284,5
E02001132,Rochdale 001,4,6804,26.4028,0.2202,0.1411,21.7134,0.4264,0.3264,37.1798,32.4704,0.3795,0.1592,2010,3
E02001133,Rochdale 002,4,6681,16.4684,0.1455,0.1016,13.918,0.0482,0.0586,31.6215,16.262,0.2374,0.0896,3828,6
E02001134,Rochdale 003,4,6301,16.4426,0.132,0.0964,10.0416,0.1759,0.2161,30.5892,22.8149,0.1847,0.1063,3836,6
E02001135,Rochdale 004,5,8530,55.547,0.549,0.2927,54.7588,1.4539,1.2771,32.3144,15.8918,0.6526,0.4887,169,1
E02001136,Rochdale 005,6,9573,24.1474,0.261,0.1644,24.1662,0.5569,0.579,17.4439,14.7844,0.4106,0.1724,2368,4
E02001137,Rochdale 006,4,6206,14.4811,0.1126,0.0825,11.2161,-0.0849,0.0868,29.9141,22.2255,0.1884,0.0784,4348,7
E02001138,Rochdale 007,6,8737,13.2321,0.131,0.0912,10.2676,-0.0478,-0.2153,26.676,10.5321,0.224,0.0909,4666,7
E02001139,Rochdale 008,6,10596,52.9645,0.5515,0.261,55.8861,1.2452,0.9605,29.1595,38.5382,0.662,0.5721,240,1
E02001140,Rochdale 009,5,8224,40.4866,0.403,0.225,44.4075,0.8647,1.0404,23.4378,29.1384,0.5107,0.3126,715,2
E02001141,Rochdale 010,7,12140,59.2919,0.5929,0.3248,55.5187,1.2856,1.3774,25.7351,43.9487,0.7181,0.493,99,1
E02001142,Rochdale 011,4,6075,12.4043,0.1116,0.0858,10.1069,-0.1472,-0.0136,24.7737,13.2231,0.1906,0.0674,4909,8
E02001143,Rochdale 012,6,11811,47.1423,0.5081,0.2618,45.6865,0.9869,1.1766,23.6415,25.7987,0.6329,0.407,422,1
E02001144,Rochdale 013,4,6315,29.3929,0.2531,0.1859,24.7441,0.9003,0.645,20.3523,24.4015,0.3594,0.1935,1636,3
E02001145,Rochdale 014,5,7195,20.654,0.1894,0.1234,16.2131,0.4948,0.3502,22.5624,27.9378,0.2899,0.1619,2932,5
E02001146,Rochdale 015,5,10383,50.204,0.5301,0.247,53.1175,0.8925,0.9579,29.3185,46.9222,0.6576,0.5043,315,1
E02001147,Rochdale 016,5,10886,40.2367,0.4083,0.2353,38.6368,0.9838,1.028,19.0471,15.6775,0.515,0.3531,727,2
E02001148,Rochdale 017,6,10497,31.7027,0.3243,0.2043,27.8317,0.8741,0.8563,14.0009,26.7475,0.4868,0.2114,1386,3
E02001149,Rochdale 018,6,10387,43.3096,0.4279,0.2603,38.5278,1.2813,1.3609,12.0934,24.9584,0.6029,0.3175,571,1
E02001150,Rochdale 019,6,8925,39.337,0.3964,0.2502,38.3748,1.2428,0.67,12.8566,16.4063,0.5353,0.2727,786,2
E02001151,Rochdale 020,6,10166,20.2615,0.217,0.1316,17.7122,0.304,0.4628,13.9768,25.2738,0.3452,0.1544,3003,5
E02001152,Rochdale 021,6,10034,33.0153,0.3374,0.214,27.9523,0.9447,0.8891,18.3742,19.276,0.4496,0.2413,1244,2
E02001153,Rochdale 022,6,12839,44.1634,0.4774,0.2697,42.3447,1.2566,0.9387,18.9662,7.169,0.5722,0.4457,547,1
E02001154,Rochdale 023,7,10366,29.4091,0.3045,0.1915,29.0157,0.7855,0.5659,16.3692,24.0515,0.4324,0.2347,1634,3
E02001155,Rochdale 024,5,7257,35.6962,0.3291,0.2269,27.5356,1.0861,1.1654,16.588,27.274,0.4495,0.2427,1023,2
E02001156,Rochdale 025,7,10022,14.5902,0.1594,0.1143,13.309,0.1092,-0.0955,14.8834,9.9297,0.2271,0.1054,4320,7
E02001157,Salford 001,5,8906,58.5492,0.5628,0.3321,59.2817,1.6356,1.3546,23.6491,13.1099,0.6893,0.463,108,1
E02001158,Salford 002,4,6159,51.6088,0.4697,0.2968,53.3025,1.5285,1.4724,19.7262,21.27,0.6172,0.367,285,1
E02001159,Salford 003,4,7734,29.503,0.3073,0.1898,28.4652,0.7891,0.6901,16.4266,14.5032,0.4356,0.2816,1622,3
E02001160,Salford 004,4,7510,46.1908,0.4926,0.2837,45.9271,1.2108,0.7856,21.101,5.4224,0.66,0.387,460,1
E02001161,Salford 005,4,5838,27.7961,0.2685,0.1727,24.7673,0.6564,0.7258,19.2478,27.666,0.4064,0.225,1837,3
E02001162,Salford 006,4,5970,31.5976,0.2838,0.1931,30.3966,0.7627,0.9091,17.4596,28.9706,0.4082,0.2067,1400,3
E02001163,Salford 007,6,9965,19.2935,0.1963,0.134,16.1151,0.2808,0.4603,12.9676,23.7227,0.2825,0.1624,3203,5
E02001164,Salford 008,5,7426,37.433,0.3244,0.2078,38.859,1.2911,0.8399,26.1889,19.1515,0.4688,0.2789,901,2
E02001165,Salford 009,4,6323,28.6407,0.2866,0.1769,27.7471,0.7154,0.3971,14.542,30.7793,0.3989,0.2351,1736,3
E02001166,Salford 010,4,8478,35.358,0.4364,0.1448,40.2956,0.6437,0.1787,36.1004,28.6902,0.5284,0.3569,1048,2
E02001167,Salford 011,4,7092,35.555,0.3664,0.1979,32.5507,0.5787,0.58,32.5515,25.2799,0.5044,0.2798,1036,2
E02001168,Salford 012,6,10095,30.4709,0.3047,0.1879,27.7725,0.9198,0.5287,15.3115,27.8579,0.4409,0.2329,1507,3
E02001169,Salford 013,7,10985,7.2056,0.0812,0.0675,5.1617,-0.3811,-0.3505,16.507,9.3236,0.1387,0.0586,6285,10
E02001170,Salford 014,6,9820,6.9869,0.0637,0.0546,2.5316,-0.5286,-0.1099,14.1543,26.0791,0.07,0.0819,6329,10
E02001171,Salford 015,4,6213,11.0393,0.1102,0.0825,13.0959,0.0478,-0.3413,11.2517,24.3906,0.1576,0.0889,5314,8
E02001173,Salford 017,5,10013,49.3836,0.432,0.2398,59.3999,1.4398,1.3509,25.8204,27.0737,0.6945,0.5106,350,1
E02001174,Salford 018,4,5760,19.3322,0.158,0.1021,14.79,0.463,0.2239,17.0276,43.8671,0.2745,0.1306,3193,5
E02001175,Salford 019,5,7549,34.0074,0.333,0.196,35.1815,0.8681,0.8126,18.9718,26.598,0.4639,0.28,1157,2
E02001176,Salford 020,7,11987,25.73,0.2437,0.1634,14.4557,0.7711,0.6208,15.5623,27.0829,0.3,0.2509,2114,4
E02001177,Salford 021,8,13461,33.1636,0.3193,0.1944,28.8792,1.134,0.6131,20.7581,28.9431,0.4339,0.3658,1235,2
E02001179,Salford 023,4,7399,35.405,0.3299,0.1717,35.2041,1.1334,1.0335,23.0827,37.2388,0.5525,0.3161,1043,2
E02001180,Salford 024,3,5746,61.3023,0.5631,0.3329,59.702,1.7996,1.6323,31.3429,21.6234,0.847,0.6173,74,1
E02001181,Salford 025,4,6055,46.6106,0.4513,0.2672,39.6438,1.5099,1.239,19.7936,23.671,0.6313,0.4187,441,1
E02001182,Salford 026,4,7647,42.2376,0.4259,0.2438,34.1151,1.2696,1.17,20.4135,26.319,0.599,0.3801,621,1
E02001183,Salford 027,4,7357,35.2375,0.3311,0.1943,32.2482,0.9649,1.0093,18.3485,41.65,0.5168,0.3003,1061,2
E02001185,Salford 029,7,9669,31.3808,0.298,0.191,32.6074,0.7719,0.4368,22.2229,18.8511,0.4238,0.2376,1423,3
E02001186,Salford 030,6,10642,26.7285,0.2699,0.1659,30.0754,0.7187,0.3948,20.8793,19.8015,0.3719,0.2393,1973,3
E02001187,Stockport 001,5,6979,24.205,0.2458,0.1559,27.4755,0.5981,0.2676,9.8553,28.8044,0.3982,0.1721,2350,4
E02001188,Stockport 002,5,8713,31.836,0.3403,0.1858,35.497,0.8036,0.8744,13.8241,23.9444,0.5165,0.2794,1371,2
E02001189,Stockport 003,6,8410,18.0403,0.1887,0.1262,19.2744,0.2402,0.0484,8.4474,25.9281,0.2873,0.1341,3485,6
E02001190,Stockport 004,4,8096,61.5505,0.5637,0.351,70.8442,1.9595,1.6589,9.9573,11.5541,0.7731,0.4214,68,1
E02001191,Stockport 005,4,5773,20.4554,0.1727,0.1426,22.914,0.1593,0.2405,8.7616,21.5275,0.2244,0.1532,2970,5
E02001192,Stockport 006,4,6503,12.5432,0.1037,0.0881,3.4005,-0.0812,0.1427,9.0989,41.304,0.098,0.1419,4873,8
E02001193,Stockport 007,4,6364,31.713,0.2999,0.1987,26.1451,0.881,0.8507,9.8623,40.4127,0.4358,0.2304,1383,3
E02001194,Stockport 008,4,6365,7.7005,0.0921,0.0668,1.4303,-0.5149,-0.0453,9.8321,24.5538,0.1052,0.1049,6174,10
E02001195,Stockport 009,5,7678,18.7981,0.1684,0.13,25.0753,0.3027,0.2601,7.5277,26.3741,0.2354,0.1207,3329,5
E02001196,Stockport 010,5,7832,14.9324,0.1564,0.1216,12.6269,-0.0829,-0.0208,11.6574,19.4586,0.1912,0.1243,4224,7
E02001197,Stockport 011,4,6264,12.098,0.1488,0.0965,8.4776,-0.2258,-0.1779,9.879,22.7639,0.1818,0.1631,5005,8
E02001198,Stockport 012,5,7509,29.0458,0.2849,0.1921,35.328,0.7612,0.6423,9.3318,14.8549,0.3519,0.2342,1686,3
E02001199,Stockport 013,5,7983,8.2115,0.1018,0.0747,3.4391,-0.445,-0.4153,9.6663,26.0825,0.142,0.0914,6048,9
E02001200,Stockport 014,5,8030,54.7315,0.5053,0.3407,51.6987,1.9137,1.3124,13.3973,41.3895,0.6552,0.4185,193,1
E02001201,Stockport 015,4,5814,19.0161,0.1762,0.1208,19.3224,0.3454,0.6402,8.8313,27.7549,0.2845,0.1088,3275,5
E02001202,Stockport 016,4,6425,35.6184,0.3289,0.1922,26.8402,0.7708,0.9055,10.5795,62.6576,0.5542,0.3195,1033,2
E02001203,Stockport 017,4,5914,5.4608,0.044,0.0506,1.2746,-1.143,-0.7535,19.3525,22.2269,0.0579,0.0324,6571,10
E02001204,Stockport 018,6,8921,22.6939,0.2177,0.1304,18.8446,0.3496,0.4125,6.9748,48.019,0.3171,0.1591,2608,4
E02001205,Stockport 019,5,8453,26.6881,0.2606,0.1766,22.7707,0.6756,0.5257,10.4775,31.5206,0.3524,0.2296,1980,3
E02001206,Stockport 020,5,7364,13.9027,0.1447,0.1082,11.6625,0.1069,0.0682,9.6304,15.4209,0.1689,0.1393,4488,7
E02001207,Stockport 021,5,6863,11.2795,0.1186,0.0954,12.4366,-0.0006,-0.413,14.1441,13.1734,0.167,0.0793,5236,8
E02001208,Stockport 022,5,7668,18.9787,0.1981,0.124,11.9826,0.4732,0.1077,8.5713,34.4277,0.2728,0.1894,3287,5
E02001209,Stockport 023,5,7881,22.1215,0.2237,0.1372,14.3899,0.4443,0.4854,9.5791,40.4632,0.3419,0.1824,2702,4
E02001210,Stockport 024,5,7843,33.1681,0.3202,0.2059,36.4825,0.9292,0.661,10.8234,13.7928,0.3907,0.2582,1234,2
E02001211,Stockport 025,4,6768,7.0294,0.0913,0.0634,2.7463,-0.4943,-0.1062,5.883,23.6809,0.0845,0.1157,6319,10
E02001212,Stockport 026,4,7021,42.352,0.457,0.2581,46.5584,1.404,0.6734,14.9205,12.6834,0.6238,0.3795,616,1
E02001213,Stockport 027,6,10018,12.6543,0.1247,0.0939,7.0389,0.1204,0.0684,6.1009,26.7266,0.153,0.1145,4830,8
E02001214,Stockport 028,5,8075,13.3707,0.1516,0.1088,6.8397,-0.0803,0.0928,8.4029,19.7754,0.1742,0.1547,4633,7
E02001215,Stockport 029,4,5971,11.1085,0.1187,0.0954,8.2984,-0.1347,-0.3984,14.2567,21.0291,0.1777,0.0918,5291,8
E02001216,Stockport 030,5,7846,7.6363,0.0899,0.0794,3.5477,-0.5136,-0.0942,5.4252,19.5022,0.1212,0.0681,6189,10
E02001217,Stockport 031,4,6943,20.4719,0.1937,0.1308,15.25,0.4051,0.6105,9.8011,34.7563,0.2673,0.1598,2966,5
E02001218,Stockport 032,4,5986,7.2655,0.097,0.0737,4.9366,-0.563,-0.8483,12.107,9.7641,0.1021,0.1132,6269,10
E02001219,Stockport 033,4,5376,3.5581,0.0563,0.0539,4.0474,-0.6307,-1.201,9.284,9.2788,0.0857,0.0398,6783,10
E02001220,Stockport 034,4,5816,8.9359,0.1236,0.0886,6.0308,-0.469,-0.5255,6.3314,12.8325,0.1488,0.1168,5856,9
E02001221,Stockport 035,4,5949,5.4167,0.0625,0.0617,4.2843,-0.477,-0.7564,9.6383,11.7747,0.0946,0.0566,6580,10
E02001222,Stockport 036,4,6568,10.9639,0.1309,0.0968,8.5915,-0.1749,-0.2172,9.8103,19.7571,0.1984,0.1023,5337,8
E02001223,Stockport 037,5,6553,4.6681,0.0732,0.0634,1.7726,-0.7545,-0.7277,12.7368,10.4726,0.0999,0.0481,6680,10
E02001224,Stockport 038,4,5790,7.1587,0.0726,0.0707,7.3286,-0.2507,-0.8741,17.8298,12.6124,0.1153,0.0509,6300,10
E02001225,Stockport 039,5,7498,4.735,0.0783,0.0576,2.0743,-0.7289,-0.7044,5.4078,14.9245,0.0902,0.0735,6671,10
E02001226,Stockport 040,4,7210,12.9981,0.1818,0.1081,10.8036,-0.1248,-0.0574,10.4581,12.927,0.2614,0.1188,4738,7
E02001227,Stockport 041,4,5719,1.6728,0.0416,0.0437,0.7044,-1.0628,-1.2312,7.3855,6.7846,0.0387,0.0377,6855,10
E02001228,Stockport 042,4,6439,3.9251,0.0537,0.0476,0.7395,-0.8883,-0.7688,13.0444,11.9176,0.0739,0.0395,6754,10
E02001229,Tameside 001,6,10216,20.0957,0.1744,0.1179,9.1666,0.1566,0.3028,30.963,33.4403,0.2659,0.1391,3028,5
E02001230,Tameside 002,4,5884,19.9879,0.2098,0.1389,17.7502,0.344,0.4016,19.9477,11.1685,0.3569,0.1382,3052,5
E02001231,Tameside 003,4,6993,24.1868,0.2716,0.1676,13.8651,0.2851,0.2983,26.7261,8.4145,0.3639,0.2403,2353,4
E02001232,Tameside 004,5,8776,37.2709,0.3746,0.219,36.3383,0.7486,1.0795,23.1993,23.395,0.5437,0.2564,914,2
E02001233,Tameside 005,5,8074,33.9597,0.3538,0.2149,31.409,0.8952,0.8421,19.4753,20.772,0.4802,0.2751,1165,2
E02001234,Tameside 006,5,7892,45.302,0.4488,0.2563,39.4685,1.2982,1.1573,21.1551,30.4706,0.6259,0.3456,498,1
E02001235,Tameside 007,4,7185,28.4753,0.2669,0.17,23.99,0.6145,0.7323,16.1459,37.2388,0.3604,0.2028,1751,3
E02001236,Tameside 008,4,6150,44.4848,0.4345,0.2586,42.1595,1.246,1.3589,13.7795,27.5856,0.5824,0.2935,531,1
E02001237,Tameside 009,4,7299,27.0733,0.2739,0.1786,20.9109,0.6745,0.4929,19.1107,23.608,0.3607,0.275,1913,3
E02001238,Tameside 010,5,8118,23.7722,0.2395,0.1559,19.3174,0.5292,0.6404,19.2761,20.7929,0.3737,0.1798,2436,4
E02001239,Tameside 011,6,9614,29.386,0.3191,0.182,24.3477,0.6868,0.7144,20.0336,23.9445,0.4729,0.2472,1639,3
E02001240,Tameside 012,4,6528,24.8426,0.2569,0.1518,22.7837,0.4924,0.5156,19.5317,32.2403,0.4273,0.1318,2243,4
E02001241,Tameside 013,6,11374,59.0305,0.5881,0.3037,46.0288,1.5596,1.2513,27.5825,44.5396,0.7435,0.525,103,1
E02001242,Tameside 014,4,7155,12.0077,0.1256,0.0799,10.7651,-0.0896,0.1129,15.8631,22.7391,0.1991,0.0943,5024,8
E02001243,Tameside 015,5,8284,18.2361,0.1695,0.1229,11.8139,0.1167,0.1591,17.9325,24.4522,0.2544,0.1422,3443,6
E02001244,Tameside 016,4,5442,15.2665,0.1594,0.1071,13.5742,0.2084,-0.0993,14.5508,21.3877,0.2829,0.0796,4147,7
E02001245,Tameside 017,5,8063,33.5566,0.3166,0.2152,28.2337,0.9218,0.7553,15.8908,27.7767,0.4352,0.24,1195,2
E02001246,Tameside 018,5,7423,35.8648,0.341,0.2313,35.4701,1.165,0.9181,18.109,13.4624,0.4516,0.2771,1015,2
E02001247,Tameside 019,5,7574,30.1378,0.3048,0.1871,27.6298,0.8086,0.6208,20.2437,25.6449,0.4389,0.2608,1535,3
E02001248,Tameside 020,6,12217,32.6826,0.3343,0.2015,28.2671,1.0426,1.0081,17.4206,20.4065,0.4414,0.2922,1284,2
E02001249,Tameside 021,4,6475,29.4474,0.2838,0.177,24.4344,0.7031,0.8368,16.8997,33.9878,0.4471,0.192,1626,3
E02001250,Tameside 022,4,6542,14.2255,0.136,0.1031,11.9072,0.1249,-0.1727,18.9005,18.5783,0.2329,0.1081,4406,7
E02001251,Tameside 023,4,6139,22.0043,0.1746,0.1264,12.4097,0.3199,0.3974,33.6856,32.1117,0.2823,0.1231,2722,4
E02001252,Tameside 024,5,7642,12.1905,0.1121,0.0858,9.5192,-0.0602,-0.2934,20.6854,25.3294,0.1706,0.0989,4979,8
E02001253,Tameside 025,4,5047,22.3369,0.2072,0.1319,27.2183,0.5398,0.2489,18.676,26.2911,0.3626,0.1202,2665,4
E02001254,Tameside 026,4,5634,26.0578,0.2624,0.1713,29.9348,0.5584,0.5451,18.4398,15.8837,0.419,0.1868,2078,4
E02001255,Tameside 027,4,7824,52.0872,0.4875,0.296,49.9375,1.375,1.2088,38.4353,8.1132,0.6472,0.424,264,1
E02001256,Tameside 028,6,10684,41.8952,0.429,0.23,34.3786,1.1822,0.9697,20.1558,40.8127,0.574,0.3347,642,1
E02001257,Tameside 029,6,9101,32.7612,0.3305,0.2087,36.017,0.8604,0.7745,20.8483,14.6429,0.4844,0.2632,1273,2
E02001258,Tameside 030,5,7457,13.5389,0.1361,0.0942,9.6415,0.1198,0.1017,15.9171,24.4696,0.2063,0.1175,4588,7
E02001259,Trafford 001,7,12107,36.4613,0.417,0.2113,22.2368,0.8929,0.679,17.5651,42.1887,0.5457,0.5993,976,2
E02001260,Trafford 002,5,7677,11.1641,0.1169,0.1042,8.2818,-0.2488,-0.2517,5.95,25.7238,0.1444,0.1017,5275,8
E02001261,Trafford 003,4,9081,23.7423,0.2874,0.1575,17.761,0.3068,0.3109,10.3075,38.399,0.4393,0.2153,2443,4
E02001262,Trafford 004,5,8834,22.7755,0.2815,0.1621,16.8104,0.1675,0.2892,11.4895,30.1933,0.3326,0.3153,2594,4
E02001263,Trafford 005,5,8392,6.9145,0.0819,0.0698,3.8178,-0.4298,-0.3845,8.3668,20.1225,0.1092,0.0621,6345,10
E02001264,Trafford 006,5,8890,15.8796,0.203,0.1146,12.558,-0.1861,-0.0817,11.8156,29.8228,0.2943,0.1417,3976,6
E02001265,Trafford 007,5,8268,16.0582,0.17,0.1264,15.9582,0.1214,0.1016,11.6879,17.9246,0.2206,0.1698,3927,6
E02001266,Trafford 008,4,6841,24.7131,0.2548,0.1848,17.8053,0.4159,0.5223,14.4037,31.3027,0.3181,0.2294,2269,4
E02001267,Trafford 009,5,7156,17.0723,0.1599,0.1229,6.1233,0.405,0.1955,7.1515,38.8659,0.1446,0.2144,3688,6
E02001268,Trafford 010,5,7096,8.1036,0.0868,0.0815,3.7828,-0.3528,-0.4679,7.1454,24.8371,0.0852,0.0795,6073,9
E02001269,Trafford 011,5,8281,23.3704,0.2357,0.1531,11.2013,0.3376,0.5109,10.1596,43.3425,0.3035,0.2522,2488,4
E02001270,Trafford 012,5,8643,13.4883,0.1089,0.116,2.476,-0.0184,-0.3916,8.3536,38.0536,0.0959,0.1361,4599,7
E02001271,Trafford 013,4,6739,15.8092,0.1933,0.1366,13.5143,0.0058,0.1377,10.1126,13.6004,0.2154,0.1903,4000,6
E02001272,Trafford 014,5,8142,6.7007,0.0744,0.0656,1.1271,-0.9066,-0.3991,6.1679,32.0644,0.0737,0.0827,6372,10
E02001273,Trafford 015,5,9527,9.3976,0.095,0.0751,1.3565,-0.754,-0.0498,7.9698,34.1708,0.0869,0.1163,5740,9
E02001274,Trafford 016,5,7996,4.6526,0.0719,0.062,1.6061,-0.8005,-0.6238,7.3058,13.7309,0.0796,0.065,6684,10
E02001275,Trafford 017,5,8166,44.194,0.4709,0.287,38.0366,1.1304,0.7658,25.6627,7.1779,0.6523,0.3471,545,1
E02001276,Trafford 018,5,8088,19.3139,0.2372,0.1514,13.0588,0.1754,0.2222,8.7792,14.6677,0.2662,0.2698,3197,5
E02001277,Trafford 019,5,9309,25.5438,0.3132,0.1831,21.2761,0.0786,0.3112,17.447,3.8589,0.3851,0.3046,2148,4
E02001278,Trafford 020,5,8845,4.2915,0.0657,0.0589,1.2132,-0.9004,-0.8259,9.2991,14.0285,0.0702,0.0657,6726,10
E02001279,Trafford 021,5,8241,2.6359,0.0463,0.053,0.7293,-1.2547,-1.0306,7.5569,10.5166,0.0439,0.0504,6834,10
E02001280,Trafford 022,5,8502,21.8351,0.264,0.1701,15.1823,0.2703,0.4543,15.5127,10.3365,0.3492,0.2182,2750,5
E02001281,Trafford 023,5,7793,3.4912,0.055,0.0471,1.0578,-1.2003,-0.6645,9.4697,17.5311,0.0511,0.0629,6792,10
E02001282,Trafford 024,5,10208,8.0431,0.0975,0.0622,1.7368,-0.5879,-0.1583,10.5825,31.7331,0.102,0.1463,6097,9
E02001283,Trafford 025,5,9650,7.6088,0.0865,0.0637,2.7321,-0.978,-0.1741,16.3265,17.6549,0.0956,0.0991,6193,10
E02001284,Trafford 026,5,8034,4.2969,0.0472,0.0352,0.3297,-1.3976,-0.6959,8.5595,29.8778,0.0518,0.0532,6724,10
E02001285,Trafford 027,5,7792,7.0396,0.0818,0.0647,1.3212,-0.9466,-0.4805,11.6842,25.7878,0.097,0.0736,6315,10
E02001286,Trafford 028,5,8353,5.7637,0.073,0.0566,2.1493,-1.3893,-0.5465,22.3106,7.4139,0.0713,0.0837,6527,10
E02001287,Wigan 001,4,7029,8.2469,0.0932,0.0724,7.3976,-0.0105,-0.2209,13.3546,8.7154,0.1539,0.0613,6042,9
E02001288,Wigan 002,5,8685,10.2216,0.1231,0.091,7.8404,-0.114,-0.3239,14.3223,7.9848,0.1999,0.0954,5527,9
E02001289,Wigan 003,7,10066,10.2262,0.1005,0.0966,8.3426,-0.0073,-0.7009,18.8629,9.8802,0.1242,0.0844,5525,9
E02001290,Wigan 004,4,6216,16.8537,0.1562,0.122,12.7421,0.1819,0.1089,23.6601,16.2652,0.2143,0.1476,3740,6
E02001291,Wigan 005,5,7815,28.5758,0.2873,0.1887,33.4951,0.7901,0.5849,11.9134,18.7072,0.4115,0.2126,1744,3
E02001292,Wigan 006,5,8150,15.896,0.1398,0.1116,11.3805,0.2187,0.0317,9.0103,29.6848,0.2096,0.0935,3968,6
E02001293,Wigan 007,4,6318,17.6045,0.1687,0.1263,19.2105,0.3623,0.2435,16.9442,12.4915,0.2902,0.1205,3572,6
E02001294,Wigan 008,5,7989,28.8092,0.2306,0.1587,17.3264,0.9246,0.7714,6.5407,52.0876,0.3174,0.2047,1713,3
E02001295,Wigan 009,5,7243,53.9696,0.462,0.3183,55.9946,1.8011,1.5209,14.2076,30.1264,0.5466,0.4158,212,1
E02001296,Wigan 010,5,9169,61.841,0.5723,0.3551,72.9649,1.6909,1.41,16.1426,9.5253,0.6744,0.5232,63,1
E02001297,Wigan 011,5,6622,31.9325,0.3116,0.2064,34.3497,0.9599,0.4472,13.8153,21.6023,0.4424,0.2625,1357,2
E02001298,Wigan 012,5,8235,44.9098,0.4295,0.2583,52.4242,1.4071,0.8884,20.0231,24.7632,0.5948,0.332,510,1
E02001299,Wigan 013,5,8790,24.7071,0.2212,0.16,23.92,0.7537,0.6924,11.2359,24.9713,0.3105,0.1664,2270,4
E02001300,Wigan 014,5,7968,31.32,0.3031,0.1902,33.0769,1.0233,0.7548,9.7302,28.7002,0.4442,0.2123,1428,3
E02001301,Wigan 015,5,9173,35.2661,0.3454,0.2113,36.8843,1.154,0.8332,9.3637,23.1616,0.4739,0.2965,1056,2
E02001302,Wigan 016,5,8033,33.4204,0.3231,0.2175,34.8725,1.0415,0.7478,13.2839,11.5626,0.4888,0.2396,1206,2
E02001303,Wigan 017,5,9279,44.6279,0.4124,0.2786,43.8242,1.264,1.2675,19.2722,7.2284,0.501,0.3984,524,1
E02001304,Wigan 018,7,12863,11.3008,0.1191,0.0984,5.7438,-0.0311,-0.3788,16.6063,21.2763,0.156,0.1096,5229,8
E02001305,Wigan 019,5,8523,16.04,0.1495,0.1168,20.6051,0.2979,-0.1657,17.0749,15.8686,0.2405,0.1028,3931,6
E02001306,Wigan 020,5,7138,15.8432,0.1736,0.1277,20.5841,0.2734,-0.2171,8.6187,11.5589,0.2609,0.1523,3990,6
E02001307,Wigan 021,7,11681,5.9482,0.0691,0.0671,7.1081,-0.3007,-0.8587,12.9718,8.4032,0.1039,0.0598,6494,10
E02001308,Wigan 022,4,6076,22.3157,0.2014,0.1517,17.7717,0.5581,0.4952,13.0632,30.9152,0.301,0.1497,2669,4
E02001309,Wigan 023,4,8351,19.8981,0.1795,0.1304,18.8435,0.3404,0.5172,13.0446,27.9964,0.2668,0.1323,3074,5
E02001310,Wigan 024,5,9337,40.1145,0.36,0.2329,42.3917,1.2251,1.2487,18.5518,20.1066,0.5219,0.2485,738,2
E02001311,Wigan 025,5,8276,25.9898,0.2499,0.1672,23.9739,0.5123,0.5386,13.9942,24.6195,0.3617,0.2049,2086,4
E02001312,Wigan 026,5,8618,26.8889,0.24,0.1572,32.4884,0.6544,0.602,22.9726,20.7812,0.3679,0.1774,1943,3
E02001313,Wigan 027,5,8287,42.5421,0.3957,0.2515,41.6791,1.1596,1.3055,21.8514,14.9765,0.579,0.2538,608,1
E02001314,Wigan 028,5,8003,12.4147,0.1448,0.0972,12.2093,0.128,-0.3157,14.0656,9.4024,0.1953,0.1125,4906,8
E02001315,Wigan 029,5,10064,11.3069,0.1267,0.0839,11.722,-0.1272,0.156,13.2145,13.267,0.1663,0.1482,5228,8
E02001316,Wigan 030,4,7525,44.2003,0.3672,0.2215,43.4338,1.1186,1.8221,16.444,51.2016,0.5291,0.2419,543,1
E02001317,Wigan 031,5,9280,28.797,0.2705,0.1846,24.084,0.7994,0.6046,20.1493,13.3077,0.3506,0.2427,1716,3
E02001318,Wigan 032,5,8023,22.521,0.2294,0.1525,20.334,0.6502,0.0014,16.3772,15.6524,0.317,0.2133,2640,4
E02001319,Wigan 033,5,8390,37.531,0.3159,0.2097,44.3189,1.1744,1.0515,22.847,24.4536,0.4904,0.2618,895,2
E02001320,Wigan 034,5,7497,29.0307,0.2693,0.1848,27.0581,0.7787,0.5155,18.4426,28.3715,0.4269,0.1773,1691,3
E02001321,Wigan 035,5,8035,14.6526,0.1557,0.1098,13.7041,0.2365,-0.3585,16.6587,17.9963,0.223,0.1256,4298,7
E02001322,Wigan 036,5,7180,19.427,0.1845,0.1329,12.0752,0.4361,0.23,15.0824,31.5942,0.2698,0.1509,3172,5
E02001323,Wigan 037,5,7810,23.3621,0.2321,0.1531,23.2147,0.317,0.1772,16.4926,13.0405,0.3221,0.2017,2489,4
E02001324,Wigan 038,5,8353,26.0687,0.2688,0.168,28.5223,0.5471,0.4128,17.294,25.3603,0.3928,0.2254,2075,4
E02001325,Wigan 039,5,9575,10.6139,0.1158,0.0852,8.6531,-0.0298,-0.1912,18.6265,7.291,0.1678,0.1063,5425,8
E02001326,Wigan 040,5,8349,15.8959,0.1698,0.1171,14.5918,0.2152,-0.0475,19.3988,12.9627,0.2551,0.1381,3969,6
E02001327,Knowsley 001,5,9728,52.11,0.5088,0.3027,66.5227,1.6348,0.5358,22.3895,5.6838,0.6333,0.5459,262,1
E02001328,Knowsley 002,6,10772,20.7843,0.1941,0.1516,24.2175,0.6817,-0.2939,21.5863,9.0176,0.2553,0.1907,2911,5
E02001329,Knowsley 003,5,7539,53.8341,0.4776,0.3269,60.879,1.8766,1.0293,14.659,13.6161,0.6236,0.4331,216,1
E02001330,Knowsley 004,6,9177,47.3631,0.4342,0.2821,54.422,1.6624,0.8685,16.6014,15.0917,0.628,0.3592,417,1
E02001331,Knowsley 005,7,10377,45.5145,0.4091,0.2803,59.4736,1.571,0.0389,19.4321,11.1353,0.506,0.3819,488,1
E02001332,Knowsley 006,5,7606,51.4568,0.5043,0.3257,54.2804,1.7028,0.6173,19.5392,10.2208,0.609,0.5149,291,1
E02001333,Knowsley 007,6,9807,41.7794,0.3711,0.2511,38.8727,1.5143,0.9449,15.5032,20.8016,0.5054,0.3902,651,1
E02001334,Knowsley 008,4,6902,58.7724,0.5722,0.3561,59.7717,1.9072,0.9981,18.7501,8.3282,0.7376,0.6293,105,1
E02001335,Knowsley 009,5,8321,17.7423,0.1808,0.1243,17.4131,0.7325,-0.2906,13.1246,16.1501,0.2751,0.1539,3545,6
E02001336,Knowsley 010,5,7169,61.4884,0.5745,0.3759,65.321,2.039,1.0132,18.7284,9.7686,0.7533,0.5274,69,1
E02001337,Knowsley 011,4,5781,32.5429,0.3158,0.2291,36.5619,1.1615,0.0943,14.8022,12.3311,0.4253,0.298,1300,2
E02001338,Knowsley 012,4,6270,32.1784,0.3355,0.216,34.4506,1.2083,0.3324,11.2034,18.0533,0.4892,0.349,1337,2
E02001339,Knowsley 013,5,6403,41.0008,0.37,0.2464,47.4812,1.3476,0.6052,25.8701,13.0036,0.4851,0.3278,686,1
E02001340,Knowsley 014,6,9849,13.1016,0.134,0.103,11.6762,0.3491,-0.4521,7.7867,23.48,0.1968,0.1199,4705,7
E02001341,Knowsley 015,5,7605,43.9725,0.4283,0.2897,44.8884,1.5873,0.3893,20.9032,12.6586,0.5473,0.407,553,1
E02001342,Knowsley 016,5,8133,10.2985,0.0993,0.089,7.7332,0.2787,-0.4217,9.7547,16.7635,0.1416,0.0904,5508,9
E02001343,Knowsley 017,4,7300,13.0431,0.1167,0.0977,11.856,0.0769,-0.07,21.2184,17.5968,0.1939,0.1053,4722,7
E02001344,Knowsley 018,4,5445,26.3105,0.281,0.1826,23.6227,0.9261,-0.1449,22.9521,3.464,0.4089,0.2516,2031,3
E02001345,Knowsley 019,4,5321,13.7596,0.1387,0.1096,12.4217,0.5145,-0.543,16.6723,10.0078,0.2254,0.1152,4524,7
E02001346,Knowsley 020,5,7602,43.4583,0.3982,0.2825,48.1432,1.4704,0.3601,22.0072,10.2366,0.5177,0.3604,564,1
E02001347,Liverpool 001,5,8100,38.0237,0.336,0.2454,44.4431,1.4678,0.5226,9.5859,14.7051,0.4771,0.2962,863,2
E02001348,Liverpool 002,5,6672,35.442,0.2963,0.1976,29.3808,1.2173,0.4652,7.3688,62.6849,0.4678,0.2098,1042,2
E02001349,Liverpool 003,5,7772,30.2512,0.2338,0.177,23.7301,1.1224,0.4655,6.7089,54.0874,0.3452,0.189,1523,3
E02001350,Liverpool 004,5,8123,48.5025,0.4704,0.3099,49.759,1.85,0.4044,12.1714,12.1662,0.6112,0.4587,378,1
E02001351,Liverpool 005,6,8492,51.749,0.474,0.3329,52.0028,1.9926,0.5911,13.7253,18.959,0.6565,0.4536,275,1
E02001352,Liverpool 006,4,6574,56.1545,0.5066,0.33,48.7728,1.9053,1.2643,10.2144,37.4314,0.689,0.3738,158,1
E02001353,Liverpool 007,5,7101,17.5502,0.1866,0.1399,16.6626,0.6026,-0.3627,17.7129,3.9389,0.2979,0.1406,3585,6
E02001354,Liverpool 008,5,7949,44.3187,0.4302,0.2897,48.9817,1.5672,0.4763,14.0014,13.5097,0.6037,0.3507,539,1
E02001355,Liverpool 009,5,6439,56.4958,0.4668,0.3238,46.2725,1.8299,1.284,8.6299,58.9801,0.6508,0.3725,152,1
E02001356,Liverpool 010,5,9403,44.3655,0.4617,0.2675,48.0686,1.5102,0.8609,14.7962,7.7736,0.5638,0.4963,537,1
E02001357,Liverpool 011,5,7288,50.2405,0.4994,0.298,52.6718,1.7714,0.8193,13.9828,16.2774,0.6984,0.4649,314,1
E02001358,Liverpool 012,5,7153,66.6163,0.523,0.3603,60.8207,1.9856,1.6404,9.5856,67.866,0.7291,0.4026,23,1
E02001359,Liverpool 013,4,5441,24.0298,0.2453,0.1792,24.7779,0.9283,0.0676,9.1178,9.5465,0.3448,0.2078,2391,4
E02001360,Liverpool 014,5,8899,64.3102,0.5885,0.3785,59.4184,2.167,1.1866,14.6599,32.8219,0.8466,0.5062,32,1
E02001361,Liverpool 015,5,7219,46.8836,0.4416,0.2841,48.7485,1.5193,0.7712,7.9155,29.9485,0.6988,0.3488,430,1
E02001362,Liverpool 016,5,7620,31.8327,0.3205,0.2111,33.164,1.1612,0.4513,9.2237,19.5266,0.454,0.2929,1373,3
E02001363,Liverpool 017,5,7922,50.4333,0.5175,0.3246,47.8386,1.8066,0.7857,10.5894,10.5988,0.7023,0.4751,306,1
E02001364,Liverpool 018,4,6469,58.7589,0.4823,0.3314,54.8727,2.0756,1.3089,7.7096,48.4188,0.6015,0.4606,106,1
E02001365,Liverpool 019,6,9628,61.023,0.4986,0.3126,60.8607,1.7173,1.5472,8.7572,69.1937,0.7101,0.3582,80,1
E02001366,Liverpool 020,6,9021,45.3115,0.4043,0.2763,35.7087,1.4709,0.8879,5.5103,51.681,0.5849,0.2672,496,1
E02001367,Liverpool 021,6,9762,15.8274,0.1489,0.1234,11.5198,0.4555,-0.1094,3.5053,26.4652,0.1974,0.1533,3996,6
E02001368,Liverpool 022,5,7354,54.1524,0.5149,0.325,53.6545,2.051,0.9991,9.9018,18.6593,0.6937,0.5817,204,1
E02001369,Liverpool 023,4,8418,50.8279,0.5097,0.3031,47.6398,1.9527,0.9809,12.2328,18.1447,0.7245,0.6157,299,1
E02001370,Liverpool 024,4,7315,67.6242,0.6303,0.4047,52.6302,2.3635,1.412,17.8182,25.0297,0.7804,0.6463,19,1
E02001371,Liverpool 025,5,7720,45.8695,0.4421,0.2832,47.4933,1.7753,0.4801,9.7936,13.6773,0.58,0.4333,471,1
E02001372,Liverpool 026,4,6204,32.9459,0.3024,0.2283,31.7001,1.3835,0.1994,5.1524,19.8914,0.4271,0.2735,1258,2
E02001373,Liverpool 027,6,8992,43.4175,0.3953,0.2568,32.5528,1.4426,0.7634,5.2977,53.907,0.5753,0.3497,567,1
E02001374,Liverpool 028,5,8970,60.2683,0.5347,0.3449,41.8659,2.0782,1.5246,16.2401,50.8958,0.7057,0.4891,87,1
E02001375,Liverpool 029,5,6906,38.9463,0.3643,0.2434,33.7157,1.3219,0.6037,3.3218,45.4684,0.5681,0.3119,805,2
E02001376,Liverpool 030,5,9775,49.4253,0.4589,0.2468,51.7983,1.5429,1.0537,17.7057,50.193,0.778,0.4664,348,1
E02001377,Liverpool 031,5,13435,27.8195,0.2345,0.1158,36.1909,1.3094,0.1232,16.0596,37.6336,0.6276,0.5759,1833,3
E02001378,Liverpool 032,5,7517,35.8464,0.3484,0.2409,27.7737,1.3032,0.6136,7.1787,27.7648,0.4983,0.3274,1016,2
E02001380,Liverpool 034,5,7840,12.9094,0.1257,0.104,7.2141,0.2211,-0.3196,3.6925,29.6078,0.1782,0.1154,4767,7
E02001381,Liverpool 035,5,10087,48.0018,0.4906,0.2518,42.3253,1.3059,0.7303,22.4444,46.7929,0.7847,0.443,393,1
E02001382,Liverpool 036,5,7001,9.2291,0.1053,0.086,5.436,0.1405,-1.0496,4.7934,21.7831,0.1561,0.0935,5784,9
E02001383,Liverpool 037,6,10318,36.8553,0.3158,0.1699,28.0037,1.8209,0.9104,18.9446,33.4798,0.6333,0.7715,947,2
E02001384,Liverpool 038,6,11033,30.7468,0.2461,0.122,30.6616,1.0006,0.647,17.4403,54.7806,0.6375,0.36,1473,3
E02001385,Liverpool 039,4,9320,63.2293,0.7183,0.345,41.7382,1.5386,1.0319,27.0125,35.5215,0.902,0.7331,46,1
E02001386,Liverpool 040,6,8271,46.3802,0.4586,0.3028,49.0891,1.8728,0.3432,12.0035,5.8994,0.5331,0.5107,450,1
E02001387,Liverpool 041,5,8041,8.063,0.0681,0.0628,2.3058,-0.2487,-0.7938,2.1694,38.3275,0.097,0.0664,6085,9
E02001388,Liverpool 042,5,8385,17.4582,0.1479,0.0916,5.4216,0.5119,-0.1475,3.5616,55.3777,0.2219,0.2446,3608,6
E02001389,Liverpool 043,4,6788,45.7465,0.4389,0.2559,22.697,1.7269,1.1365,21.1862,38.4904,0.6793,0.5558,479,1
E02001390,Liverpool 044,5,9879,55.1405,0.5417,0.3351,43.4322,1.7353,0.7795,27.3643,24.0292,0.6866,0.6047,183,1
E02001391,Liverpool 045,4,5976,49.3613,0.4788,0.3101,54.5924,1.8208,0.2545,20.2501,9.7872,0.6535,0.3899,352,1
E02001392,Liverpool 046,4,6431,8.8899,0.0958,0.089,5.3979,0.1145,-0.6724,6.2642,16.7473,0.1483,0.0804,5869,9
E02001393,Liverpool 047,5,7511,3.3989,0.0432,0.0439,1.3697,-0.377,-1.2437,6.3072,13.5378,0.0498,0.0476,6795,10
E02001394,Liverpool 048,6,8856,24.1222,0.1965,0.1453,9.6045,0.8332,0.2364,13.9251,40.658,0.2815,0.2442,2372,4
E02001395,Liverpool 049,4,5942,10.6777,0.11,0.0817,3.5167,0.0531,-0.5386,5.2867,36.4439,0.1534,0.1037,5409,8
E02001396,Liverpool 050,6,7663,35.4485,0.3071,0.2008,31.7567,1.2824,0.1184,20.6492,37.3291,0.4754,0.3491,1041,2
E02001397,Liverpool 051,5,7227,24.2266,0.2353,0.1833,14.2495,0.9702,0.233,8.3407,21.9951,0.2879,0.2214,2346,4
E02001398,Liverpool 052,5,7497,23.0353,0.2042,0.1557,8.6532,0.8126,0.3187,18.1165,36.4569,0.2519,0.2745,2542,4
E02001399,Liverpool 053,5,6929,9.0601,0.0889,0.0885,4.0761,0.0931,-1.0315,7.1574,23.6989,0.0799,0.1037,5834,9
E02001400,Liverpool 054,4,7031,24.9968,0.2509,0.1977,20.4039,0.8952,0.2387,8.6215,16.8698,0.3167,0.2306,2215,4
E02001401,Liverpool 055,5,8105,13.5189,0.1447,0.1174,9.9566,0.2932,-0.3745,9.3176,17.1426,0.2054,0.1173,4593,7
E02001402,Liverpool 056,5,9085,11.5481,0.1217,0.0994,4.002,0.1972,-0.216,6.47,21.7981,0.154,0.1123,5163,8
E02001403,Liverpool 057,4,6527,37.9419,0.3561,0.2318,32.3577,1.3032,0.5866,11.5324,39.3328,0.4369,0.3888,865,2
E02001404,Liverpool 058,4,8124,39.889,0.3977,0.2796,45.2041,1.4391,-0.0662,13.3628,13.1285,0.5305,0.4103,752,2
E02001405,Liverpool 059,6,9940,57.5048,0.5684,0.3557,55.7249,1.8801,0.8449,16.4474,14.4063,0.7261,0.5257,125,1
E02001406,St. Helens 001,6,7878,11.5207,0.1144,0.0998,5.5197,0.0952,-0.7286,19.8095,18.6258,0.1863,0.092,5173,8
E02001407,St. Helens 002,4,5911,12.9543,0.1171,0.1088,9.1877,0.1441,-0.2524,19.2187,15.8095,0.1525,0.1008,4755,7
E02001408,St. Helens 003,4,5428,15.3137,0.1494,0.1153,12.5456,0.4021,-0.5677,14.6245,24.9515,0.2311,0.1263,4131,7
E02001409,St. Helens 004,7,10370,29.9967,0.2745,0.2078,27.5444,1.0148,0.401,15.7246,17.9216,0.4014,0.2106,1554,3
E02001410,St. Helens 005,4,5828,32.1808,0.3072,0.2194,32.4622,1.1926,0.329,12.1294,21.7625,0.5078,0.2323,1335,2
E02001411,St. Helens 006,4,5862,22.3726,0.2396,0.1621,21.7817,0.7553,-0.0806,10.4589,19.663,0.3783,0.1908,2658,4
E02001412,St. Helens 007,6,9096,22.1496,0.2004,0.1554,16.7705,0.6538,0.0728,10.8869,27.0518,0.2599,0.1797,2697,4
E02001413,St. Helens 008,7,9170,27.2756,0.2522,0.1824,28.843,0.959,0.1939,11.5046,19.3087,0.3769,0.1911,1890,3
E02001414,St. Helens 009,4,5630,6.4495,0.0691,0.0737,2.559,-0.1858,-0.7752,15.5201,11.148,0.0904,0.0475,6428,10
E02001415,St. Helens 010,4,6952,26.7305,0.2858,0.1968,25.3203,0.8647,0.1667,11.9602,12.7427,0.3642,0.2586,1971,3
E02001416,St. Helens 011,4,6431,52.6953,0.4795,0.3179,56.2167,1.6781,1.1758,13.9211,18.3734,0.655,0.3594,247,1
E02001417,St. Helens 012,5,7303,55.4887,0.4577,0.3312,42.4285,1.8556,1.7163,12.1387,40.5991,0.5786,0.3683,172,1
E02001418,St. Helens 013,4,6710,33.884,0.315,0.2016,39.4439,0.8619,0.6572,13.006,22.9466,0.464,0.2968,1169,2
E02001419,St. Helens 014,5,7949,57.5081,0.4967,0.3372,57.6504,2.1237,1.2727,11.6282,32.769,0.6587,0.4479,124,1
E02001420,St. Helens 015,7,12097,23.0639,0.2378,0.1606,22.805,0.6092,0.2117,13.6436,16.9625,0.3156,0.2257,2535,4
E02001421,St. Helens 016,7,10543,28.7341,0.2591,0.1915,27.5131,0.9884,0.3476,9.1441,35.2031,0.4265,0.1849,1725,3
E02001422,St. Helens 017,4,6745,54.0974,0.473,0.3146,64.5554,1.7856,1.1974,16.4642,13.9681,0.6354,0.3726,209,1
E02001423,St. Helens 018,4,6729,12.1446,0.1264,0.1064,8.2163,0.0542,-0.3548,14.1545,12.4945,0.1829,0.1055,4991,8
E02001425,St. Helens 020,7,10633,28.2119,0.2685,0.1943,25.6385,0.9141,0.2297,10.6712,20.1455,0.4161,0.2073,1781,3
E02001426,St. Helens 021,4,5437,18.6595,0.1848,0.1433,16.5572,0.7118,-0.1417,7.9645,19.9026,0.2941,0.1291,3360,5
E02001427,St. Helens 022,7,10806,34.5164,0.3342,0.224,35.4031,1.0125,0.517,17.5075,17.4138,0.4598,0.2605,1122,2
E02001428,St. Helens 023,4,5629,8.5101,0.0946,0.0798,5.7904,0.1083,-0.6043,9.0208,15.8317,0.1529,0.0665,5976,9
E02001429,Sefton 001,5,6672,16.2799,0.1777,0.1242,21.7252,0.3445,-0.7914,19.9005,9.6336,0.3185,0.1093,3883,6
E02001430,Sefton 002,5,6873,11.3136,0.1204,0.1012,7.998,0.1346,-0.5649,14.5483,17.7177,0.2065,0.0883,5226,8
E02001431,Sefton 003,5,7598,22.6933,0.2072,0.1766,15.8472,0.9698,-0.4164,14.0694,17.4309,0.2804,0.1997,2609,4
E02001432,Sefton 004,7,9506,44.0459,0.3495,0.2457,45.2453,1.3401,1.1308,17.5611,47.0696,0.6091,0.2959,551,1
E02001433,Sefton 005,5,7388,25.9808,0.2994,0.1675,24.3892,0.6001,-0.1554,13.9952,30.2819,0.434,0.2224,2087,4
E02001434,Sefton 006,5,7404,21.9106,0.218,0.1463,16.9432,0.5336,-0.1495,12.0627,40.676,0.3084,0.1723,2736,4
E02001435,Sefton 007,5,8883,28.908,0.2735,0.1734,25.7907,0.7471,0.3006,13.5271,50.0344,0.3902,0.1913,1701,3
E02001436,Sefton 008,6,10114,21.5674,0.254,0.1435,18.7336,0.5551,-0.1029,17.2372,23.0302,0.4174,0.1744,2778,5
E02001437,Sefton 009,6,9321,12.2125,0.1175,0.1067,7.0456,0.2357,-0.7018,11.0487,23.0597,0.1488,0.1079,4970,8
E02001438,Sefton 010,5,7104,15.0286,0.1784,0.1204,15.3167,0.1207,-0.4002,13.7431,18.1324,0.2897,0.1111,4201,7
E02001439,Sefton 011,4,6587,25.0084,0.2866,0.1812,25.8686,0.6473,0.2334,14.366,11.7085,0.4025,0.2224,2212,4
E02001440,Sefton 012,4,6097,7.1792,0.0601,0.084,7.4249,-0.2888,-0.4333,15.6831,4.3187,0.1035,0.0406,6296,10
E02001441,Sefton 013,5,6333,6.4179,0.0701,0.0796,7.5055,-0.2101,-0.9979,14.1799,2.6951,0.147,0.0339,6432,10
E02001442,Sefton 014,4,6101,9.7721,0.115,0.0969,7.1123,-0.194,-0.4818,10.0806,17.0747,0.1406,0.0985,5634,9
E02001443,Sefton 015,4,5542,6.7471,0.0795,0.0826,4.4887,-0.3833,-0.5963,12.5021,6.4802,0.1301,0.0537,6364,10
E02001444,Sefton 016,4,5782,11.8206,0.1587,0.1015,12.3813,0.0461,-0.5272,11.7319,10.7708,0.2967,0.0883,5086,8
E02001445,Sefton 017,5,6762,10.117,0.1044,0.0933,12.4269,0.0355,-0.8138,14.4889,12.1473,0.157,0.0902,5558,9
E02001446,Sefton 018,5,7486,12.6069,0.1282,0.1154,16.0546,0.0935,-0.5726,11.2654,13.2017,0.1863,0.0785,4847,8
E02001447,Sefton 019,4,6284,12.3939,0.1408,0.1029,11.8772,0.2518,-0.3828,9.8679,14.1429,0.2046,0.129,4916,8
E02001448,Sefton 020,5,6766,9.7696,0.1111,0.0883,10.4993,-0.0351,-0.6732,8.7515,19.3146,0.1691,0.0969,5635,9
E02001449,Sefton 021,6,9462,17.5503,0.1777,0.1465,15.8259,0.2375,-0.4708,16.1846,15.0929,0.2603,0.1489,3584,6
E02001450,Sefton 022,6,8400,7.425,0.0777,0.0734,3.9198,-0.2453,-0.9041,8.7675,22.6068,0.1083,0.077,6233,10
E02001451,Sefton 023,5,5870,46.3722,0.4495,0.2926,52.494,1.5076,0.6938,12.8898,14.9976,0.6247,0.3373,451,1
E02001452,Sefton 024,5,6359,51.9494,0.4944,0.3326,48.5965,1.7888,1.0601,12.6417,10.069,0.6942,0.4435,267,1
E02001453,Sefton 025,6,8840,9.9642,0.1089,0.0822,5.7542,-0.0431,-0.5659,6.3402,28.2622,0.1219,0.1265,5591,9
E02001454,Sefton 026,5,7364,16.4905,0.1475,0.1226,17.1177,0.3715,-0.3164,18.048,19.6422,0.2214,0.1124,3819,6
E02001455,Sefton 027,5,7182,15.2545,0.146,0.1224,18.9622,0.2877,-0.2632,9.8154,18.9718,0.2317,0.1221,4153,7
E02001456,Sefton 028,5,7497,16.3739,0.158,0.1172,10.2366,0.1573,-0.1115,6.7195,41.6352,0.2381,0.1324,3852,6
E02001457,Sefton 029,5,6688,45.0469,0.4683,0.292,44.998,1.5714,0.6975,12.02,8.8315,0.7118,0.4033,504,1
E02001458,Sefton 030,5,7707,23.3321,0.2039,0.1489,12.265,0.5023,0.2241,6.045,53.2665,0.2473,0.1955,2494,4
E02001459,Sefton 031,5,6831,31.4802,0.3332,0.2133,30.786,0.9304,0.2199,9.3921,18.8935,0.5126,0.2474,1410,3
E02001460,Sefton 032,5,8022,39.2689,0.3504,0.2648,35.9609,1.4197,0.7131,10.3761,27.8318,0.432,0.3476,789,2
E02001461,Sefton 033,4,6941,18.8667,0.2009,0.1489,19.9408,0.4989,-0.3221,5.5863,20.907,0.2763,0.1656,3307,5
E02001462,Sefton 034,5,7749,58.5316,0.5237,0.3415,56.4784,1.8449,1.151,12.0308,38.5175,0.6703,0.4816,109,1
E02001463,Sefton 035,5,7435,39.3712,0.3965,0.2578,39.4543,1.2987,0.3248,8.3852,23.0522,0.5253,0.3671,781,2
E02001464,Sefton 036,5,7017,62.309,0.5343,0.3598,57.5155,1.8495,1.2613,11.4681,53.9354,0.7121,0.4742,57,1
E02001465,Sefton 037,5,7922,63.8321,0.5776,0.3808,62.0728,2.3169,1.1962,11.1961,29.4236,0.7807,0.5411,40,1
E02001466,Sefton 038,6,9150,45.4194,0.3994,0.257,44.6314,1.5195,0.7808,7.4413,50.6162,0.5573,0.3144,491,1
E02001467,Wirral 001,5,7544,31.645,0.2722,0.1957,25.8179,1.0492,0.4558,4.9974,48.0504,0.4373,0.2347,1391,3
E02001468,Wirral 002,5,7554,30.234,0.2545,0.1909,19.0931,1.1038,0.1718,5.0651,56.049,0.3365,0.2143,1524,3
E02001469,Wirral 003,5,7563,16.4107,0.1598,0.1197,10.8229,0.2976,-0.2231,3.9691,38.7516,0.2109,0.1419,3847,6
E02001470,Wirral 004,6,8312,16.2214,0.1416,0.112,9.8398,0.3436,-0.5644,3.2334,46.1317,0.204,0.0998,3897,6
E02001471,Wirral 005,5,7449,51.7604,0.4436,0.3041,45.9922,1.7688,1.0514,4.419,50.1093,0.5716,0.313,274,1
E02001472,Wirral 006,4,7142,26.2403,0.2687,0.1886,25.3942,0.8419,0.1247,10.8873,14.3251,0.3684,0.2044,2041,3
E02001473,Wirral 007,5,7662,30.3436,0.2547,0.1859,25.369,0.9919,0.1452,2.9492,53.4691,0.3749,0.2041,1517,3
E02001474,Wirral 008,5,7081,69.3771,0.6316,0.415,64.0067,2.2347,1.342,6.0655,45.1268,0.7831,0.4966,12,1
E02001475,Wirral 009,4,6313,52.1051,0.522,0.3313,50.9969,1.8518,0.5892,9.8351,13.2444,0.6753,0.4541,263,1
E02001476,Wirral 010,5,7987,55.6403,0.4947,0.3325,54.2525,1.9735,0.7557,5.1226,39.3374,0.6726,0.4097,168,1
E02001477,Wirral 011,5,7995,66.3821,0.6374,0.3998,66.1382,2.2365,1.2882,10.3006,17.2646,0.8144,0.512,24,1
E02001478,Wirral 012,5,8149,28.5841,0.2783,0.2015,30.1342,1.1097,-0.0446,7.9561,15.165,0.4155,0.2154,1741,3
E02001479,Wirral 013,4,6133,10.8996,0.1197,0.0991,8.3896,0.1366,-0.7343,16.8773,9.5659,0.1747,0.0924,5348,8
E02001480,Wirral 014,5,7535,13.6783,0.1248,0.1098,5.835,0.221,-0.4701,11.4194,32.2659,0.1758,0.1155,4547,7
E02001481,Wirral 015,5,8194,22.8907,0.2054,0.1619,17.1929,0.7441,0.1113,5.0499,32.6234,0.2919,0.1679,2573,4
E02001482,Wirral 016,6,8106,74.2904,0.6499,0.4599,65.3958,2.9284,1.6533,5.4203,39.6353,0.8023,0.5989,6,1
E02001483,Wirral 017,5,7335,11.0394,0.1311,0.1014,11.4619,0.2221,-0.8895,9.6075,12.3268,0.1837,0.1278,5313,8
E02001484,Wirral 018,5,8204,14.7741,0.175,0.1254,11.8439,0.4047,-0.3508,6.8304,11.9014,0.229,0.1522,4260,7
E02001485,Wirral 019,4,6963,40.2031,0.4082,0.2596,38.1909,1.6204,0.4669,10.3966,11.8256,0.5405,0.3799,732,2
E02001486,Wirral 020,5,7977,23.6975,0.2056,0.1778,10.3474,0.9944,0.1253,4.1341,27.6017,0.2137,0.2035,2451,4
E02001487,Wirral 021,6,9452,61.168,0.5513,0.3459,53.7708,1.9962,1.2888,4.1878,50.4269,0.7372,0.393,77,1
E02001488,Wirral 022,5,8396,34.0699,0.3076,0.2086,25.0365,1.1658,0.5211,2.6746,51.0757,0.4453,0.2457,1152,2
E02001489,Wirral 023,6,8075,6.5023,0.0789,0.081,3.3733,-0.0767,-1.05,9.9199,8.6118,0.1174,0.0645,6415,10
E02001490,Wirral 024,5,8204,11.8916,0.1345,0.1045,11.2778,0.3152,-0.5019,7.1385,12.7025,0.2224,0.0857,5063,8
E02001491,Wirral 025,5,6876,45.5288,0.4434,0.2964,42.754,1.8182,0.5777,11.0479,10.0985,0.6052,0.3867,487,1
E02001492,Wirral 026,5,7638,14.1408,0.1524,0.1113,8.074,0.1209,-0.2321,6.9623,28.0233,0.1801,0.1525,4430,7
E02001493,Wirral 027,5,8967,57.7133,0.5308,0.3331,55.8297,2.1422,1.0895,5.4658,34.0673,0.7127,0.515,121,1
E02001494,Wirral 028,5,6969,4.4364,0.0583,0.0607,2.4744,-0.3794,-1.2513,15.3618,4.9981,0.079,0.0436,6704,10
E02001495,Wirral 029,5,8072,30.6423,0.3025,0.1937,26.2733,1.1987,0.2647,3.6116,36.0396,0.4578,0.1939,1494,3
E02001496,Wirral 030,4,6066,13.6787,0.1485,0.1231,8.716,0.4574,-0.705,5.9145,15.5264,0.213,0.1154,4546,7
E02001497,Wirral 031,5,8215,44.5063,0.4134,0.2611,39.9155,1.5144,0.8974,4.5515,39.7092,0.5633,0.3224,528,1
E02001498,Wirral 032,5,7252,14.3669,0.1491,0.1112,8.3157,0.3079,-0.0913,4.0962,26.301,0.2091,0.0979,4369,7
E02001499,Wirral 033,4,6555,8.1105,0.0875,0.085,5.5154,-0.0476,-1.1154,16.4067,9.6617,0.152,0.0638,6072,9
E02001500,Wirral 034,5,7323,9.5542,0.1108,0.0935,5.7553,0.0926,-0.6547,14.6614,11.4244,0.1437,0.0937,5699,9
E02001501,Wirral 035,5,7785,11.2642,0.1249,0.1037,5.6615,0.2093,-0.6879,4.7221,19.5344,0.1773,0.1042,5243,8
E02001502,Wirral 036,6,9779,17.8942,0.1947,0.1324,13.8217,0.6884,-0.3822,6.4224,22.9438,0.2771,0.1921,3513,6
E02001503,Wirral 037,5,7633,11.706,0.1575,0.1054,6.7456,0.1724,-0.6565,12.6456,13.0437,0.1671,0.1814,5126,8
E02001504,Wirral 038,5,7053,5.7322,0.0565,0.0625,1.8431,-0.1109,-1.4509,14.6256,10.7361,0.09,0.0378,6533,10
E02001505,Wirral 039,4,6704,20.1513,0.2135,0.1528,17.8852,0.6391,-0.0891,6.7104,18.5205,0.3093,0.2034,3016,5
E02001506,Wirral 040,6,8924,2.9764,0.0342,0.0485,0.8727,-0.7776,-1.5626,18.7075,4.0154,0.0517,0.0267,6819,10
E02001507,Wirral 041,5,7015,5.2722,0.0721,0.0669,3.9314,-0.2364,-1.4661,12.7518,8.069,0.0942,0.0702,6600,10
E02001508,Wirral 042,5,8288,20.4646,0.2225,0.1507,19.495,0.7055,-0.0637,11.0812,14.8032,0.3342,0.1771,2967,5
E02001509,Barnsley 001,4,7093,23.8558,0.2379,0.1582,24.5321,0.8564,0.4228,14.8885,7.1929,0.3146,0.2103,2423,4
E02001510,Barnsley 002,4,5900,33.3385,0.3064,0.2119,38.9993,1.1521,0.6838,16.0707,18.2671,0.4944,0.1952,1215,2
E02001511,Barnsley 003,4,6026,29.4429,0.2488,0.172,33.8707,1.1008,0.5611,23.6734,17.3118,0.4133,0.1854,1628,3
E02001512,Barnsley 004,5,8557,18.4737,0.1736,0.1324,19.846,0.6575,0.0303,15.5576,11.9094,0.2664,0.1412,3392,5
E02001513,Barnsley 005,5,7659,15.6626,0.1628,0.115,13.6372,0.47,-0.2024,18.9117,13.4818,0.2547,0.1263,4048,6
E02001514,Barnsley 006,4,7937,41.0151,0.3512,0.2322,51.7112,1.498,0.7607,27.2964,6.9103,0.4772,0.3043,685,1
E02001515,Barnsley 007,6,9882,48.2013,0.4739,0.2885,56.6888,1.7157,0.8298,14.3099,6.6962,0.6156,0.3994,386,1
E02001516,Barnsley 008,4,6330,33.3257,0.3075,0.2025,39.2244,1.0061,0.4367,23.1476,14.2602,0.4491,0.2124,1218,2
E02001517,Barnsley 009,5,7957,23.6396,0.2073,0.1627,25.5239,0.8209,0.4727,13.5637,7.0093,0.3052,0.1694,2458,4
E02001518,Barnsley 010,6,10300,26.4159,0.2532,0.1733,23.2851,0.9452,0.658,8.8012,17.1759,0.3789,0.1826,2008,3
E02001519,Barnsley 011,4,8062,40.7711,0.3714,0.2386,50.5125,1.3309,0.8382,18.2185,11.2475,0.5417,0.2548,696,2
E02001520,Barnsley 012,7,11765,12.8558,0.1396,0.1083,12.0126,0.3287,-0.3014,11.5825,9.4925,0.2235,0.1076,4784,7
E02001521,Barnsley 013,7,12130,33.5144,0.3006,0.1784,28.9501,0.9961,1.1294,7.9197,47.9208,0.4643,0.2398,1199,2
E02001522,Barnsley 014,6,9686,47.9259,0.4079,0.2751,66.9201,1.5161,1.0525,17.7773,9.426,0.57,0.324,397,1
E02001523,Barnsley 015,4,6847,23.9691,0.2169,0.1502,25.8578,0.7458,0.4522,11.4869,23.9197,0.366,0.1715,2402,4
E02001524,Barnsley 016,4,6164,8.3718,0.087,0.0604,3.1674,-0.1696,-0.9304,26.4243,14.2094,0.1516,0.0753,6013,9
E02001525,Barnsley 017,4,6858,48.8759,0.4185,0.2769,48.7712,1.733,1.424,10.1614,30.7881,0.5572,0.3773,366,1
E02001526,Barnsley 018,4,6289,48.1565,0.466,0.2934,51.7857,1.6723,1.2055,10.9071,8.5132,0.6196,0.3875,387,1
E02001527,Barnsley 019,4,5999,19.6318,0.1953,0.1384,19.3667,0.6684,-0.4214,20.7412,9.3274,0.3121,0.1601,3121,5
E02001528,Barnsley 020,7,10786,36.1412,0.3246,0.2222,44.2385,1.1802,0.6632,19.0645,20.2932,0.5236,0.2451,993,2
E02001529,Barnsley 021,6,9462,40.024,0.3598,0.2473,41.4037,1.4794,0.9836,11.1229,17.3828,0.5639,0.2612,741,2
E02001530,Barnsley 022,4,7399,44.4692,0.3782,0.2663,57.3857,1.414,1.184,14.0091,20.1087,0.5908,0.2451,532,1
E02001531,Barnsley 023,4,7737,36.2135,0.3222,0.2228,45.0874,1.2028,0.87,16.1897,17.6991,0.5019,0.247,992,2
E02001532,Barnsley 024,6,10629,11.6166,0.1492,0.0937,9.1302,0.0756,-0.6624,19.149,9.3308,0.2332,0.1161,5151,8
E02001533,Barnsley 025,5,7714,33.6443,0.3158,0.2115,42.1951,1.1702,0.4895,17.5553,10.8427,0.5083,0.2171,1187,2
E02001534,Barnsley 026,6,9637,30.4871,0.2925,0.1922,36.4004,1.0377,0.348,15.7401,13.276,0.4387,0.2276,1506,3
E02001535,Barnsley 027,4,6522,14.3029,0.122,0.084,6.8026,0.0101,-0.418,32.7249,26.3546,0.1869,0.1074,4382,7
E02001536,Barnsley 028,5,8679,20.7403,0.2017,0.1355,18.0948,0.6631,0.3322,14.1613,24.0775,0.2904,0.18,2919,5
E02001537,Barnsley 029,5,8476,24.4144,0.2502,0.1601,24.2336,0.8683,0.3321,15.4946,16.6006,0.3801,0.2315,2321,4
E02001538,Barnsley 030,5,7966,32.1583,0.3195,0.2073,38.5188,1.0123,0.6835,11.6757,11.8261,0.4707,0.2369,1340,2
E02001539,Doncaster 001,4,6756,40.7906,0.3848,0.2254,51.4683,0.8467,0.7443,40.1645,9.9244,0.588,0.2625,695,2
E02001540,Doncaster 002,7,12090,33.9822,0.2894,0.1796,42.0404,0.4684,0.9294,34.4698,17.307,0.4435,0.219,1161,2
E02001541,Doncaster 003,7,11438,31.4727,0.2935,0.1849,39.566,0.7003,0.5086,30.7533,14.0526,0.4508,0.2496,1413,3
E02001542,Doncaster 004,5,7657,52.5906,0.4478,0.2671,64.1705,0.9714,1.2446,38.9391,22.4026,0.6759,0.3208,250,1
E02001543,Doncaster 005,6,7911,39.5104,0.3472,0.2338,53.0524,0.9604,0.6284,24.2067,16.0884,0.5381,0.2302,770,2
E02001544,Doncaster 006,6,8366,31.5873,0.3165,0.1928,37.1215,0.5936,0.6311,26.5513,8.0157,0.4901,0.2345,1401,3
E02001545,Doncaster 007,6,8555,13.3286,0.1327,0.1019,12.9615,-0.1456,-0.2536,25.523,6.1471,0.2434,0.095,4647,7
E02001546,Doncaster 008,5,8485,18.8461,0.1469,0.0924,20.418,0.2803,0.4608,31.0182,18.5865,0.383,0.1014,3311,5
E02001547,Doncaster 009,7,11017,37.6245,0.3666,0.2159,52.23,0.8499,0.9529,18.7554,14.9125,0.5501,0.2616,893,2
E02001548,Doncaster 010,5,7959,49.9789,0.4685,0.2846,49.675,1.2225,1.5598,18.4702,29.2863,0.6227,0.3929,320,1
E02001549,Doncaster 011,4,6236,16.1099,0.1738,0.1184,19.0872,0.1824,0.14,17.5815,8.0035,0.2701,0.137,3919,6
E02001550,Doncaster 012,5,7718,20.9709,0.2355,0.144,26.1465,0.4458,0.4833,11.4868,11.2469,0.3416,0.1968,2880,5
E02001551,Doncaster 013,4,6001,29.4028,0.2846,0.1674,31.0673,0.5174,0.5891,13.7194,44.0021,0.4528,0.1853,1635,3
E02001552,Doncaster 014,5,7656,27.0654,0.28,0.1649,35.2533,0.7589,0.4842,20.4041,7.973,0.3972,0.2486,1915,3
E02001553,Doncaster 015,6,10479,30.7284,0.3531,0.1908,37.0175,0.6076,0.7807,12.986,14.4646,0.535,0.2552,1475,3
E02001554,Doncaster 016,4,6002,11.892,0.132,0.1002,13.1389,-0.0314,0.1716,9.8694,11.2372,0.231,0.0853,5062,8
E02001555,Doncaster 017,4,5263,15.8661,0.1481,0.1252,21.0763,0.3299,-0.2806,20.0621,6.3733,0.2804,0.1023,3982,6
E02001556,Doncaster 018,6,9294,35.3677,0.3889,0.2108,49.6145,0.5697,0.8795,14.781,9.154,0.5619,0.3333,1047,2
E02001557,Doncaster 019,7,10050,29.9107,0.2657,0.1607,32.5547,0.3823,1.0405,12.1291,48.0566,0.4309,0.1841,1560,3
E02001558,Doncaster 020,4,6021,19.0522,0.1564,0.1129,15.63,-0.0178,0.3645,30.4364,26.5175,0.2767,0.1138,3263,5
E02001559,Doncaster 021,5,7552,10.6984,0.1119,0.0876,11.823,-0.327,-0.1891,17.6358,11.0006,0.1899,0.0611,5405,8
E02001560,Doncaster 022,7,12115,64.0274,0.5809,0.3131,79.4127,1.377,1.664,19.4501,50.9634,0.8402,0.4078,35,1
E02001561,Doncaster 023,4,6438,53.0777,0.4867,0.2809,59.8509,1.1475,1.7263,14.5902,44.7291,0.6681,0.3721,236,1
E02001562,Doncaster 024,4,5940,30.1977,0.3146,0.1992,36.1965,0.7494,0.4839,19.0809,10.4772,0.423,0.2664,1529,3
E02001563,Doncaster 025,5,8155,13.0123,0.1631,0.1045,14.2323,-0.2669,0.0842,15.9046,7.5674,0.2477,0.1016,4734,7
E02001564,Doncaster 026,5,8342,9.5564,0.0922,0.0696,7.9517,-0.4272,-0.504,31.3337,5.9265,0.1751,0.0638,5696,9
E02001565,Doncaster 027,5,7992,8.0481,0.1104,0.0707,6.9598,-0.477,-0.1959,19.7047,3.5003,0.1882,0.074,6093,9
E02001566,Doncaster 028,5,8897,32.6839,0.3346,0.1847,39.2484,0.7105,0.7076,16.2953,23.6967,0.4861,0.2447,1283,2
E02001567,Doncaster 029,6,8642,37.1978,0.3488,0.2235,50.2993,0.7252,0.8399,14.5369,20.6936,0.5,0.2763,922,2
E02001568,Doncaster 030,4,6972,36.969,0.3601,0.2311,43.1117,0.7493,0.8272,22.3413,17.9967,0.5432,0.247,940,2
E02001569,Doncaster 031,6,8826,45.1991,0.4165,0.2751,45.4329,1.1,1.114,19.3942,30.8242,0.5973,0.2777,501,1
E02001570,Doncaster 032,4,6937,53.4126,0.4708,0.3003,58.8295,1.2799,1.4669,26.0483,20.7799,0.6409,0.4055,229,1
E02001571,Doncaster 033,4,5979,19.1124,0.1676,0.1138,19.0189,0.0228,0.5966,20.5164,28.9296,0.2798,0.13,3249,5
E02001572,Doncaster 034,5,7816,37.1084,0.3526,0.2127,46.229,0.9737,1.0626,24.1636,12.2133,0.5399,0.24,927,2
E02001573,Doncaster 035,5,7651,32.6198,0.3294,0.219,41.5018,0.8454,0.6692,15.8292,13.717,0.5077,0.2219,1293,2
E02001574,Doncaster 036,4,6020,14.7108,0.159,0.1128,17.0253,0.1549,-0.072,21.6724,3.4871,0.2632,0.0914,4285,7
E02001575,Doncaster 037,5,8152,38.1809,0.3696,0.2209,44.7108,1.0676,0.9354,25.1058,13.5566,0.5197,0.3264,852,2
E02001576,Doncaster 038,4,7089,15.5343,0.161,0.1038,10.5823,-0.0245,0.2191,29.2632,9.2502,0.2691,0.1184,4076,6
E02001577,Doncaster 039,5,6495,12.5469,0.1255,0.1055,7.2922,-0.0475,-0.3009,22.5709,15.0922,0.199,0.0953,4871,8
E02001578,Rotherham 001,6,11808,25.257,0.2469,0.1679,25.8564,0.884,0.3917,17.712,11.104,0.3495,0.2299,2186,4
E02001579,Rotherham 002,6,10047,31.6918,0.3191,0.2191,34.2933,1.0769,0.1824,13.8924,16.6224,0.4468,0.2292,1388,3
E02001580,Rotherham 003,6,8536,26.1337,0.2601,0.1777,27.8359,0.7346,0.2129,15.9014,17.7966,0.4164,0.1953,2061,4
E02001581,Rotherham 004,4,6290,27.016,0.2831,0.1816,30.5667,0.7353,0.1645,22.1956,9.5768,0.4254,0.2148,1926,3
E02001582,Rotherham 005,5,7771,26.5745,0.2761,0.1803,28.4631,0.8683,0.4566,16.2942,9.6263,0.401,0.2168,1995,3
E02001583,Rotherham 006,4,5620,32.0047,0.3299,0.1969,38.8114,0.8856,0.579,17.7472,21.6289,0.5419,0.2111,1351,2
E02001584,Rotherham 007,5,6716,13.3341,0.1058,0.0821,8.7502,0.0828,-0.4783,27.3392,23.9154,0.1696,0.1002,4645,7
E02001585,Rotherham 008,4,6262,46.9633,0.4332,0.288,46.8142,1.5055,1.1698,13.941,22.9844,0.5505,0.3366,427,1
E02001586,Rotherham 009,6,7817,43.6526,0.3699,0.2798,36.546,1.6189,1.1051,18.9832,15.2362,0.5081,0.2724,560,1
E02001587,Rotherham 010,4,5885,51.8855,0.4797,0.2902,56.5361,1.6483,1.1627,22.5365,11.8374,0.7115,0.4094,268,1
E02001588,Rotherham 011,5,7164,37.743,0.3957,0.2438,39.1378,1.2649,0.8005,16.5957,7.7895,0.5421,0.3233,884,2
E02001589,Rotherham 012,5,8112,12.5729,0.1277,0.1012,11.4845,0.2772,-0.3573,20.6408,6.4437,0.1926,0.1154,4861,8
E02001590,Rotherham 013,5,7540,63.8046,0.6053,0.3526,77.9408,1.7599,1.1976,17.7338,11.7715,0.8135,0.4959,41,1
E02001591,Rotherham 014,5,8395,53.7761,0.5519,0.3083,60.7517,1.3305,0.8528,15.2728,28.7907,0.7531,0.3651,219,1
E02001592,Rotherham 015,6,8471,22.053,0.235,0.1509,21.7948,0.5763,0.3888,13.4895,17.0126,0.3961,0.1533,2709,4
E02001593,Rotherham 016,4,7399,62.4662,0.6103,0.3502,60.5937,1.683,1.292,17.3822,43.866,0.8064,0.4362,55,1
E02001594,Rotherham 017,4,7597,68.954,0.6785,0.363,70.9781,1.9585,1.5007,18.2367,43.4935,0.8535,0.5487,13,1
E02001595,Rotherham 018,6,8395,16.6427,0.1512,0.1192,21.708,0.4082,-0.2696,21.1322,8.7675,0.2363,0.1202,3783,6
E02001596,Rotherham 019,6,8262,19.994,0.2134,0.1411,19.9529,0.6152,-0.0754,16.1214,7.0314,0.3059,0.184,3051,5
E02001597,Rotherham 020,6,9528,47.3038,0.4154,0.2695,59.4156,1.2118,0.9006,24.7511,21.6299,0.6308,0.2396,419,1
E02001598,Rotherham 021,6,9728,23.4224,0.2458,0.1571,25.3007,0.5374,0.0545,11.6274,12.3239,0.3475,0.2193,2481,4
E02001600,Rotherham 023,6,11383,23.0359,0.3006,0.1508,24.398,0.3929,-0.0514,11.8224,17.3458,0.4639,0.1711,2541,4
E02001602,Rotherham 025,6,9089,20.3496,0.2136,0.1448,27.924,0.4226,-0.0681,14.1676,14.8553,0.336,0.1476,2989,5
E02001603,Rotherham 026,4,7607,33.1046,0.3133,0.1997,36.0916,1.0137,0.76,19.9573,12.9497,0.474,0.2049,1242,2
E02001604,Rotherham 027,7,12340,17.6702,0.1881,0.1119,20.4574,0.451,-0.0681,19.7234,11.7886,0.2682,0.1692,3557,6
E02001605,Rotherham 028,5,7562,21.1202,0.2018,0.138,24.049,0.5668,0.0596,21.1814,16.1791,0.3091,0.1657,2855,5
E02001606,Rotherham 029,6,8012,31.6203,0.2947,0.1883,44.4062,0.8385,0.1568,15.0098,13.182,0.4393,0.1865,1397,3
E02001607,Rotherham 030,6,8825,27.9685,0.2687,0.1794,31.5754,0.7317,0.2912,16.849,12.2699,0.4115,0.1908,1813,3
E02001608,Rotherham 031,4,7241,14.268,0.1571,0.1042,15.5346,0.2574,-0.2429,15.2995,13.5779,0.2493,0.1086,4397,7
E02001609,Rotherham 032,6,8537,15.8514,0.154,0.1136,17.927,0.1151,-0.1465,21.2457,11.265,0.2445,0.1199,3984,6
E02001610,Rotherham 033,5,8750,14.7531,0.1599,0.102,14.5665,0.2047,-0.1231,22.4284,10.1386,0.2491,0.1442,4268,7
E02001611,Sheffield 001,5,7665,21.2975,0.2139,0.1535,18.4557,0.4384,0.1109,22.6712,14.3639,0.3121,0.1721,2826,5
E02001612,Sheffield 002,4,5625,15.3508,0.1628,0.1039,10.9494,0.1235,-0.2751,24.336,15.6597,0.2539,0.1152,4123,7
E02001613,Sheffield 003,7,10304,25.2272,0.2592,0.1608,25.6587,0.4943,-0.0215,23.79,10.1565,0.3783,0.2088,2189,4
E02001614,Sheffield 004,7,11087,11.8214,0.1193,0.0931,12.9749,0.0342,-0.4556,12.8001,14.2686,0.1878,0.101,5085,8
E02001615,Sheffield 005,5,7123,9.9077,0.0874,0.081,9.7645,-0.1626,-0.2529,15.8178,19.9015,0.1554,0.0741,5605,9
E02001616,Sheffield 006,5,7432,28.1642,0.2917,0.1865,35.1386,0.8931,0.3307,15.5336,10.1602,0.3988,0.2679,1792,3
E02001617,Sheffield 007,4,5925,45.2059,0.4842,0.2721,59.3221,1.0896,0.8221,20.0475,8.5584,0.6456,0.3595,500,1
E02001618,Sheffield 008,6,9931,13.1472,0.1242,0.0923,8.4114,-0.1046,-0.1609,27.621,13.1383,0.1855,0.0938,4698,7
E02001619,Sheffield 009,7,10266,46.408,0.4463,0.2677,63.6358,1.3035,1.1335,16.3016,8.6582,0.6261,0.3456,448,1
E02001620,Sheffield 010,4,7302,42.2811,0.4635,0.2683,48.2108,1.0964,0.8892,15.073,11.2428,0.6283,0.387,620,1
E02001621,Sheffield 011,3,6218,46.305,0.4914,0.2698,52.6865,1.1368,1.2342,15.0565,13.1925,0.6271,0.4816,454,1
E02001622,Sheffield 012,6,8939,47.9285,0.4502,0.2771,57.9083,1.1624,1.2119,11.6409,18.2695,0.6448,0.3287,396,1
E02001623,Sheffield 013,5,8155,59.3587,0.6251,0.3518,58.8611,1.7145,1.1707,12.0017,14.3331,0.8338,0.4873,97,1
E02001624,Sheffield 014,6,9513,31.8112,0.3272,0.1969,38.2332,0.8322,0.5423,11.3345,25.1441,0.5469,0.2085,1376,3
E02001625,Sheffield 015,5,8031,48.9562,0.5084,0.2911,60.3872,1.3592,1.021,12.2255,10.1718,0.7435,0.3581,364,1
E02001626,Sheffield 016,4,5862,15.969,0.1736,0.1103,14.4337,-0.0713,-0.2807,5.5435,35.5833,0.2598,0.1478,3953,6
E02001627,Sheffield 017,4,6036,26.8889,0.2623,0.1373,23.7169,0.6617,0.5613,7.6847,50.2139,0.4642,0.1894,1944,3
E02001628,Sheffield 018,4,6624,57.1573,0.648,0.2931,67.5737,1.2295,0.0288,24.8716,35.2195,0.8563,0.5599,133,1
E02001629,Sheffield 019,4,6726,51.62,0.5172,0.2961,54.4908,1.4859,1.2107,13.0474,23.2657,0.7041,0.4102,283,1
E02001630,Sheffield 020,5,9367,55.6874,0.5911,0.2889,64.6968,1.2828,0.6958,14.8683,49.8796,0.797,0.3942,167,1
E02001631,Sheffield 021,5,7541,16.2262,0.1755,0.113,14.8595,0.2969,-0.1131,6.3908,27.4022,0.2498,0.1584,3896,6
E02001632,Sheffield 022,6,12629,65.8212,0.6863,0.3644,72.7154,1.4998,0.9161,18.9533,43.0201,0.8785,0.6399,26,1
E02001633,Sheffield 023,5,7779,9.0155,0.1047,0.0852,5.1111,-0.2111,-0.8944,20.7862,11.1463,0.1278,0.0984,5844,9
E02001634,Sheffield 024,6,9106,13.4273,0.1454,0.0868,6.33,0.0658,-0.1584,7.7338,38.1573,0.2161,0.2172,4615,7
E02001635,Sheffield 025,4,6099,25.1906,0.2721,0.1891,23.5789,0.4873,0.1331,13.6433,17.3495,0.3915,0.202,2194,4
E02001636,Sheffield 026,5,9744,39.3279,0.3986,0.2238,35.2671,1.1917,0.6751,19.4244,30.4029,0.5808,0.53,787,2
E02001637,Sheffield 027,4,8728,55.7214,0.6825,0.2995,63.9821,1.0875,0.3945,18.9175,24.0615,0.8408,0.6998,166,1
E02001638,Sheffield 028,4,5727,11.3496,0.0707,0.0374,3.256,0.0696,-0.5792,18.1447,52.0772,0.1571,0.1782,5218,8
E02001639,Sheffield 029,4,6011,9.4536,0.0973,0.0604,1.8918,-0.1147,-0.4568,9.8332,36.9551,0.1284,0.1436,5725,9
E02001640,Sheffield 030,5,8278,14.2548,0.0932,0.0599,3.5432,0.3961,-0.1728,19.8203,43.272,0.1805,0.2115,4399,7
E02001642,Sheffield 032,6,10457,25.9767,0.3005,0.1506,33.2293,0.4281,0.4038,10.9471,25.0222,0.4837,0.2466,2089,4
E02001643,Sheffield 033,4,6378,6.1338,0.0834,0.072,1.356,-0.7074,-0.9987,10.393,12.9062,0.0873,0.0795,6470,10
E02001646,Sheffield 036,4,7601,10.0598,0.0729,0.0389,3.7604,-0.4182,-0.4958,16.7656,46.3294,0.1628,0.1401,5577,9
E02001647,Sheffield 037,4,6338,23.7561,0.2553,0.1553,29.3324,0.5161,0.6793,10.3412,13.836,0.3578,0.1823,2440,4
E02001648,Sheffield 038,4,8543,5.0211,0.037,0.0295,0.6665,-1.347,-1.1368,16.6078,29.1238,0.073,0.038,6640,10
E02001649,Sheffield 039,6,11118,49.7708,0.4925,0.2942,54.5077,1.4894,1.2732,12.6373,11.9415,0.6167,0.508,329,1
E02001650,Sheffield 040,5,9430,28.5139,0.2746,0.1353,22.2381,0.8073,0.607,23.4842,40.7669,0.5599,0.5002,1749,3
E02001651,Sheffield 041,5,8100,3.3313,0.0478,0.0418,0.4226,-1.0657,-1.2972,18.7158,10.8953,0.0678,0.0296,6800,10
E02001652,Sheffield 042,6,14217,25.8796,0.2054,0.0866,25.745,0.7784,0.788,21.5295,49.6476,0.489,0.4359,2099,4
E02001653,Sheffield 043,4,7657,39.2122,0.4102,0.2315,44.9014,1.2498,1.0143,15.0799,10.5845,0.5454,0.4448,795,2
E02001654,Sheffield 044,4,6270,24.7017,0.257,0.1666,32.1562,0.7355,0.1532,9.7069,12.8852,0.3712,0.1913,2273,4
E02001655,Sheffield 045,5,7742,37.2971,0.3787,0.2385,37.976,1.0691,0.8979,12.3103,11.8049,0.5267,0.2856,911,2
E02001656,Sheffield 046,5,7828,8.9156,0.0943,0.0516,1.6928,-0.4533,-0.514,13.0331,39.8401,0.147,0.0757,5859,9
E02001657,Sheffield 047,6,9045,5.0508,0.0497,0.0419,0.3346,-0.664,-1.1319,9.8538,27.8792,0.0586,0.0459,6635,10
E02001658,Sheffield 048,4,5349,61.0032,0.6206,0.3267,74.081,1.6604,1.3089,13.1461,10.2662,0.8511,0.5144,81,1
E02001659,Sheffield 049,4,5955,44.9228,0.4276,0.292,52.5441,1.4377,1.2467,9.3451,15.9105,0.6517,0.309,509,1
E02001660,Sheffield 050,6,9812,18.9575,0.2125,0.1055,8.3983,0.0927,0.0052,11.8558,53.798,0.2953,0.1926,3289,5
E02001661,Sheffield 051,5,7644,44.3872,0.4412,0.2751,37.3547,1.1458,1.0034,13.4843,28.8252,0.6232,0.3523,536,1
E02001662,Sheffield 052,5,7546,26.2817,0.2742,0.1613,33.8703,0.8147,0.4195,7.7399,22.4033,0.4554,0.2354,2034,3
E02001663,Sheffield 053,5,7391,16.3353,0.15,0.0865,4.5801,0.1301,0.0176,7.9619,56.3744,0.2147,0.1527,3860,6
E02001664,Sheffield 054,4,6282,22.196,0.2373,0.1518,31.0623,0.2365,0.2897,9.9149,12.89,0.363,0.135,2691,4
E02001665,Sheffield 055,6,9868,2.8174,0.0429,0.0405,0.2471,-0.8887,-1.3378,10.707,15.3526,0.0618,0.0306,6825,10
E02001666,Sheffield 056,4,5950,29.1041,0.2959,0.1807,42.6742,0.9897,0.3938,14.6959,11.0321,0.449,0.2557,1677,3
E02001669,Sheffield 059,5,7965,13.236,0.138,0.0818,7.8857,-0.021,-0.4571,13.0709,40.5846,0.216,0.1176,4665,7
E02001670,Sheffield 060,4,6063,55.1734,0.5239,0.3226,67.56,1.379,1.2712,17.8274,12.9914,0.7418,0.3326,181,1
E02001671,Sheffield 061,4,5589,14.4726,0.1542,0.1224,19.0937,0.3077,-0.2636,12.5704,4.4528,0.2367,0.1325,4349,7
E02001672,Sheffield 062,4,6072,18.2469,0.1957,0.1341,22.7702,0.1931,0.2351,11.8358,12.0054,0.3049,0.1635,3441,6
E02001673,Sheffield 063,4,5200,8.5594,0.1043,0.0767,12.2314,-0.1887,-0.6669,12.5995,7.3525,0.193,0.0695,5962,9
E02001674,Sheffield 064,6,9255,10.4817,0.1226,0.0923,5.9085,-0.1703,0.1785,10.5652,13.4418,0.1649,0.1031,5464,8
E02001675,Sheffield 065,6,8410,32.6682,0.2959,0.2177,41.2467,0.9434,0.5422,14.209,9.0501,0.4634,0.2312,1288,2
E02001676,Sheffield 066,4,6009,5.8176,0.0737,0.0654,1.7295,-0.443,-0.9404,16.4134,11.4012,0.103,0.064,6515,10
E02001678,Sheffield 068,6,10639,5.75,0.0654,0.0553,1.3268,-0.8589,-0.7421,22.7325,11.102,0.089,0.0496,6532,10
E02001679,Sheffield 069,4,6418,41.0772,0.3994,0.2524,36.6649,1.1824,0.9288,23.6975,10.4768,0.5358,0.2995,682,1
E02001680,Sheffield 070,4,6408,61.3135,0.5635,0.3658,60.8396,1.7377,1.4908,23.327,8.8671,0.7709,0.3798,73,1
E02001681,Sheffield 071,5,7793,11.4964,0.1156,0.0798,5.3783,-0.4328,-0.4829,28.5761,12.5005,0.1481,0.0973,5181,8
E02001682,Gateshead 001,5,8575,15.0254,0.1747,0.1221,11.9335,0.0376,-0.1341,19.1611,12.2225,0.2708,0.1387,4202,7
E02001683,Gateshead 002,6,9438,15.6035,0.1441,0.1137,10.0745,0.1162,-0.2284,26.0824,19.5319,0.2111,0.1257,4057,6
E02001684,Gateshead 003,4,6846,40.18,0.4071,0.237,37.4866,1.0366,0.7876,14.5415,29.0184,0.5757,0.3756,733,2
E02001685,Gateshead 004,5,8024,34.1091,0.362,0.2231,34.906,1.0863,0.5729,13.5979,13.8739,0.4536,0.3806,1149,2
E02001686,Gateshead 005,5,6831,16.4995,0.1708,0.1286,13.4806,0.3167,-0.0009,14.5508,18.4514,0.2595,0.1457,3814,6
E02001688,Gateshead 007,4,7649,33.2742,0.3364,0.2331,29.8028,1.1929,0.412,12.7504,17.2954,0.4692,0.3699,1221,2
E02001689,Gateshead 008,4,7629,49.1558,0.4752,0.2619,52.8745,1.2963,1.144,14.635,46.4778,0.6433,0.4083,360,1
E02001690,Gateshead 009,5,7091,21.2945,0.2311,0.1558,21.3354,0.4707,-0.1139,9.5967,16.272,0.3146,0.1983,2827,5
E02001691,Gateshead 010,5,8596,35.8246,0.3603,0.1993,32.7615,0.9689,0.9669,10.9843,40.964,0.5246,0.322,1018,2
E02001692,Gateshead 011,4,6212,49.4322,0.5069,0.2981,49.6203,1.471,1.1443,14.4221,14.8189,0.6787,0.4625,347,1
E02001693,Gateshead 012,4,5237,42.7848,0.4271,0.2689,41.8514,1.3973,0.7075,13.1809,23.8005,0.5725,0.4434,596,1
E02001694,Gateshead 013,4,6169,20.3039,0.2112,0.1535,20.7366,0.4906,0.0894,8.2545,21.9293,0.3121,0.1945,2997,5
E02001695,Gateshead 014,4,5769,15.6668,0.1836,0.1318,13.4218,0.3195,-0.1745,10.9724,11.9798,0.2837,0.1676,4043,6
E02001696,Gateshead 015,6,9250,33.2372,0.3662,0.2256,35.3725,0.9829,0.6479,8.9563,15.3054,0.5268,0.3136,1226,2
E02001697,Gateshead 016,5,7536,13.1684,0.1238,0.096,6.8253,0.2126,-0.3234,4.6789,30.7843,0.1718,0.1359,4689,7
E02001698,Gateshead 017,5,6892,5.9766,0.0628,0.0731,3.1169,-0.1398,-1.3859,11.5993,6.3621,0.0956,0.0503,6489,10
E02001699,Gateshead 018,5,6501,31.7734,0.3147,0.2135,37.0118,1.0752,0.4121,10.7005,11.8088,0.4089,0.2859,1380,3
E02001700,Gateshead 019,7,10466,17.8646,0.1949,0.1259,17.0599,0.3112,-0.1369,18.3662,14.1397,0.2867,0.1712,3520,6
E02001701,Gateshead 020,4,6209,8.6978,0.0814,0.0724,3.6323,0.0032,-0.1876,4.9911,27.0985,0.1061,0.0988,5923,9
E02001702,Gateshead 021,5,7916,51.0434,0.5081,0.2984,56.6698,1.4773,1.1371,10.2863,13.3152,0.6369,0.4852,296,1
E02001703,Gateshead 022,4,5618,18.5303,0.1919,0.1252,16.814,0.1117,-0.511,29.0008,11.7391,0.2663,0.1736,3381,5
E02001704,Gateshead 023,5,6807,36.3815,0.3412,0.2314,37.1319,1.109,1.1166,10.7845,15.0491,0.4815,0.2917,983,2
E02001706,Gateshead 025,4,8056,26.9404,0.285,0.1804,26.479,0.6255,0.4493,15.5281,14.6706,0.3477,0.3025,1936,3
E02001707,Gateshead 026,5,8367,26.4307,0.2696,0.1796,28.2353,0.8666,0.1686,10.6974,19.5536,0.3712,0.2612,2005,3
E02001709,Newcastle upon Tyne 002,6,10477,5.2812,0.0809,0.0548,2.4095,-0.6849,-0.823,11.9702,9.9904,0.102,0.093,6597,10
E02001710,Newcastle upon Tyne 003,7,10017,38.0083,0.3714,0.2383,43.6493,1.2023,0.6211,16.9159,17.6846,0.5035,0.3558,864,2
E02001711,Newcastle upon Tyne 004,6,10430,40.0555,0.3785,0.2368,43.0084,0.8887,0.7781,24.7438,11.5758,0.5286,0.2933,739,2
E02001712,Newcastle upon Tyne 005,6,9491,8.5187,0.0836,0.0624,1.5485,-0.4582,-0.3316,6.4327,30.1519,0.0792,0.1296,5973,9
E02001713,Newcastle upon Tyne 006,7,10065,9.3972,0.0974,0.0849,2.9872,-0.3875,-0.4389,6.5441,24.1196,0.1098,0.0887,5741,9
E02001714,Newcastle upon Tyne 007,6,9817,4.5889,0.0737,0.0582,2.9987,-0.3913,-1.2768,5.7043,10.5434,0.0896,0.0696,6690,10
E02001715,Newcastle upon Tyne 008,7,11936,37.6255,0.389,0.2368,37.8346,1.0145,0.5902,18.1129,13.2198,0.4691,0.3679,892,2
E02001718,Newcastle upon Tyne 011,4,6647,39.0724,0.3863,0.2391,47.6624,1.23,0.6488,17.6437,13.3636,0.5023,0.3695,801,2
E02001719,Newcastle upon Tyne 012,6,8511,13.2171,0.1369,0.0956,10.8812,0.0584,-0.0689,6.0263,26.2506,0.2006,0.1302,4670,7
E02001720,Newcastle upon Tyne 013,5,9815,7.8479,0.0293,0.0219,2.8189,-0.2676,-0.4029,13.4322,39.1061,0.1023,0.1267,6144,9
E02001721,Newcastle upon Tyne 014,7,11057,27.1114,0.2841,0.1849,26.8028,0.6962,0.3914,21.1872,11.0211,0.4324,0.232,1908,3
E02001722,Newcastle upon Tyne 015,7,9567,34.7534,0.356,0.2228,38.0386,0.8609,0.7198,13.2798,13.1244,0.5198,0.2608,1103,2
E02001723,Newcastle upon Tyne 016,4,7392,30.861,0.3457,0.1874,35.1441,0.6741,0.5102,20.4822,18.8478,0.463,0.3093,1465,3
E02001724,Newcastle upon Tyne 017,5,9266,9.219,0.0646,0.0374,3.824,-0.0329,-0.2537,14.2435,40.246,0.1151,0.2148,5787,9
E02001725,Newcastle upon Tyne 018,6,9326,28.7861,0.2317,0.1383,22.2965,1.17,0.7419,12.6128,40.416,0.4128,0.4381,1720,3
E02001726,Newcastle upon Tyne 019,8,11887,31.8287,0.3499,0.1939,36.8865,0.7438,0.6905,16.4552,17.5979,0.4994,0.3068,1374,3
E02001727,Newcastle upon Tyne 020,6,8799,30.233,0.2868,0.1985,37.6119,0.7931,0.2739,10.8186,25.1262,0.3838,0.2095,1525,3
E02001728,Newcastle upon Tyne 021,7,9502,29.4882,0.2962,0.192,34.6664,0.7255,0.3797,14.7728,16.6573,0.3947,0.2624,1623,3
E02001729,Newcastle upon Tyne 022,6,12620,37.8263,0.3666,0.1798,43.7405,0.8209,0.7582,23.9706,43.021,0.5205,0.5105,877,2
E02001732,Newcastle upon Tyne 025,3,5872,38.1886,0.4066,0.223,42.5815,0.9601,0.8487,18.2658,18.1266,0.533,0.3925,851,2
E02001734,Newcastle upon Tyne 027,5,8232,46.4563,0.4971,0.2787,49.6906,1.2231,0.7344,17.9214,17.4092,0.6538,0.4259,447,1
E02001735,Newcastle upon Tyne 028,4,6663,62.8932,0.6025,0.3699,66.3632,1.6513,1.3969,15.8637,15.3071,0.7434,0.553,50,1
E02001737,Newcastle upon Tyne 030,4,6229,62.6675,0.5789,0.3837,67.6922,1.937,1.1853,15.7523,14.8648,0.6831,0.5474,53,1
E02001738,North Tyneside 001,4,6149,2.3377,0.0369,0.0417,0.9927,-0.9339,-1.1098,10.6196,7.8597,0.0451,0.0343,6844,10
E02001739,North Tyneside 002,5,7350,25.8408,0.2624,0.1752,32.0219,0.7435,0.3231,14.7308,12.0933,0.3962,0.2229,2101,4
E02001740,North Tyneside 003,4,5949,4.2057,0.0406,0.0462,0.8113,-0.7921,-0.7637,4.1391,25.3629,0.0396,0.0463,6735,10
E02001741,North Tyneside 004,5,7881,11.6087,0.1445,0.0954,11.2984,0.0633,-0.613,15.2366,10.6892,0.2233,0.1272,5154,8
E02001742,North Tyneside 005,4,5828,4.9732,0.0799,0.0576,1.8804,-0.5539,-1.1856,4.7701,15.498,0.1149,0.0743,6644,10
E02001743,North Tyneside 006,5,7641,19.0086,0.1433,0.1137,5.97,0.3921,0.5392,2.8944,44.5445,0.1302,0.1784,3277,5
E02001744,North Tyneside 007,5,8276,13.9788,0.1732,0.1024,11.0395,0.1611,0.1531,12.5864,12.445,0.2304,0.1941,4469,7
E02001745,North Tyneside 008,4,6737,18.7939,0.2243,0.1324,23.9859,0.3667,-0.1671,10.1986,10.8643,0.3241,0.1905,3330,5
E02001746,North Tyneside 009,5,8154,15.0086,0.1878,0.121,10.5463,0.1394,0.0649,3.4903,19.9319,0.2369,0.1949,4208,7
E02001747,North Tyneside 010,4,6270,7.4685,0.08,0.0777,3.2023,-0.4952,-0.9056,3.855,19.6805,0.0672,0.0969,6219,10
E02001748,North Tyneside 011,5,8679,19.3692,0.2243,0.1427,19.7309,0.3253,0.2225,9.799,11.7431,0.2954,0.2575,3182,5
E02001749,North Tyneside 012,4,6394,14.0244,0.1771,0.106,14.1661,0.1595,-0.0014,9.9124,11.9205,0.2521,0.1578,4457,7
E02001750,North Tyneside 013,4,6834,7.7166,0.103,0.081,5.4503,-0.1973,-0.838,6.107,12.5539,0.1385,0.1004,6169,9
E02001751,North Tyneside 014,4,6790,17.2695,0.2036,0.1265,16.1246,0.2762,0.0323,7.7905,15.7297,0.3008,0.1873,3645,6
E02001752,North Tyneside 015,4,6504,30.4104,0.3576,0.2089,32.284,0.9755,0.3341,7.6168,11.571,0.4582,0.3405,1511,3
E02001753,North Tyneside 016,4,6240,15.6704,0.1596,0.1141,4.8367,0.0726,0.4944,5.0843,32.818,0.1978,0.1853,4040,6
E02001754,North Tyneside 017,4,5795,9.085,0.0953,0.0712,1.9495,-0.0596,-0.5212,4.2441,30.5678,0.1232,0.1133,5823,9
E02001755,North Tyneside 018,6,10057,12.3429,0.1446,0.0994,9.6218,0.0947,0.0362,7.9468,15.1286,0.1906,0.1428,4931,8
E02001756,North Tyneside 019,6,9410,25.2986,0.2953,0.1779,27.884,0.9441,0.111,5.5956,7.0022,0.3743,0.3564,2180,4
E02001757,North Tyneside 020,4,5876,19.5005,0.2078,0.1465,18.993,0.2931,0.3568,5.8383,18.4318,0.3102,0.1404,3154,5
E02001758,North Tyneside 021,4,5542,19.9544,0.2246,0.143,22.0483,0.4617,0.0635,9.6447,9.2693,0.3419,0.1532,3059,5
E02001759,North Tyneside 022,4,6110,25.6802,0.2292,0.1614,15.8022,0.7324,0.5094,5.2687,39.4175,0.3143,0.2218,2123,4
E02001760,North Tyneside 023,5,7800,48.1503,0.5025,0.2981,48.686,1.4866,1.0965,7.7814,17.6803,0.6289,0.4389,389,1
E02001761,North Tyneside 024,4,5442,23.0724,0.2446,0.1633,23.8897,0.6414,0.3893,7.6217,16.8824,0.3819,0.2179,2531,4
E02001762,North Tyneside 025,4,7100,13.6171,0.177,0.0996,16.4348,0.1319,-0.0887,11.7209,8.9014,0.3028,0.1365,4566,7
E02001763,North Tyneside 026,4,6378,35.3315,0.3789,0.2322,36.0416,1.0658,0.9282,6.8433,14.5744,0.5292,0.3806,1051,2
E02001764,North Tyneside 027,5,7604,49.2641,0.4593,0.2929,42.1732,1.5213,1.4961,10.8724,21.9562,0.5773,0.4303,358,1
E02001765,North Tyneside 028,4,7740,38.6056,0.3956,0.2412,34.4013,1.257,1.2593,8.2463,17.9669,0.5202,0.3725,821,2
E02001766,North Tyneside 029,4,7208,33.2095,0.3324,0.1996,33.5648,0.8425,1.0768,7.0773,23.6326,0.4413,0.3151,1230,2
E02001767,North Tyneside 030,5,6774,35.9745,0.3326,0.2196,29.9586,1.028,1.2162,6.0424,34.1989,0.4602,0.2986,1006,2
E02001768,South Tyneside 001,5,8106,37.0521,0.3558,0.2327,23.2458,1.0506,1.1736,10.9658,37.4374,0.4854,0.2663,932,2
E02001769,South Tyneside 002,5,7548,55.8207,0.5205,0.3491,32.0132,1.8221,1.6413,16.141,28.4239,0.6645,0.4381,164,1
E02001770,South Tyneside 003,5,6034,21.5715,0.1915,0.1513,10.3871,0.6264,0.1377,6.5142,41.1515,0.2899,0.1697,2776,5
E02001771,South Tyneside 004,4,6207,34.1006,0.3409,0.2437,27.8168,0.9322,0.3982,12.4333,13.6462,0.4455,0.2355,1150,2
E02001772,South Tyneside 005,4,5024,29.9487,0.274,0.1952,18.0972,0.9407,0.7108,8.586,31.4975,0.3538,0.2204,1558,3
E02001773,South Tyneside 006,4,5181,11.2698,0.1136,0.1029,7.9407,0.0667,-0.3396,6.5632,20.6605,0.1857,0.0698,5239,8
E02001774,South Tyneside 007,4,5216,45.126,0.4239,0.288,34.7411,1.5773,0.8715,8.3044,31.9147,0.6002,0.3436,502,1
E02001775,South Tyneside 008,4,5345,34.7293,0.3902,0.2438,29.8206,1.25,0.3906,9.7067,12.5711,0.4867,0.3774,1105,2
E02001776,South Tyneside 009,6,9199,31.4114,0.3345,0.2113,23.3269,1.2964,0.4511,8.5197,18.0493,0.4302,0.3637,1420,3
E02001777,South Tyneside 010,4,6974,17.2839,0.1779,0.1204,12.8755,0.5358,0.3951,7.7597,17.8799,0.236,0.1926,3643,6
E02001778,South Tyneside 011,4,5631,40.9649,0.3902,0.2659,32.3255,1.3603,1.0531,11.504,29.7021,0.5397,0.346,691,2
E02001779,South Tyneside 012,4,5418,42.4028,0.4211,0.2862,34.1762,1.4458,0.8422,13.7609,14.6006,0.6065,0.3867,612,1
E02001780,South Tyneside 013,4,6111,28.6356,0.3187,0.213,23.6651,1.0071,0.3018,10.6208,9.3475,0.4169,0.2937,1738,3
E02001781,South Tyneside 014,4,5438,42.6311,0.4363,0.2869,33.9768,1.5158,0.9155,12.6952,14.1773,0.5465,0.4541,604,1
E02001782,South Tyneside 015,6,10204,26.0171,0.3098,0.1844,23.3538,0.9109,0.242,9.3443,8.4305,0.3907,0.3116,2082,4
E02001783,South Tyneside 016,5,7103,47.9447,0.5004,0.3304,34.8574,1.4467,0.9854,16.6261,9.8568,0.6407,0.3914,395,1
E02001784,South Tyneside 017,5,6652,31.4129,0.3294,0.2181,28.8453,1.1526,0.5646,11.0951,15.8442,0.4421,0.2998,1419,3
E02001785,South Tyneside 018,5,7556,22.614,0.2485,0.1721,17.6119,0.6163,-0.0417,21.1493,12.9297,0.3324,0.2594,2625,4
E02001786,South Tyneside 019,5,6702,35.3945,0.3584,0.2443,30.885,1.2123,0.6294,13.1984,11.099,0.505,0.3084,1045,2
E02001787,South Tyneside 020,4,5198,29.1725,0.3027,0.2054,24.4888,0.9539,0.4107,13.4349,17.3013,0.4173,0.2555,1670,3
E02001788,South Tyneside 021,4,5901,29.4165,0.2934,0.2045,23.5293,0.9518,0.2412,12.3354,15.6024,0.3913,0.2543,1633,3
E02001789,South Tyneside 022,4,5895,4.1399,0.0409,0.0521,1.9233,-0.631,-1.1829,16.6273,12.3744,0.0565,0.0331,6741,10
E02001790,South Tyneside 023,4,5965,12.2704,0.146,0.1069,8.6748,0.0222,-0.3262,12.3009,17.8278,0.1868,0.1518,4956,8
E02001791,Sunderland 001,4,5422,8.0207,0.0647,0.0713,5.7233,-0.1683,-0.3423,8.0399,27.3065,0.1259,0.0515,6102,9
E02001792,Sunderland 002,5,6961,12.5558,0.0882,0.0901,6.9025,0.2563,-0.265,9.6549,33.4546,0.1283,0.0778,4866,8
E02001793,Sunderland 003,6,8268,52.3768,0.5044,0.3066,57.22,1.7833,0.9996,19.1721,10.5909,0.6638,0.5064,256,1
E02001794,Sunderland 004,6,8775,50.1581,0.4803,0.3153,53.4064,1.7401,0.8101,14.9673,9.569,0.6214,0.4292,316,1
E02001795,Sunderland 005,4,7459,51.4695,0.4322,0.3169,48.1392,1.832,0.8007,11.2425,41.9379,0.5213,0.3933,290,1
E02001796,Sunderland 006,6,8663,27.2907,0.2159,0.1637,19.5685,0.9164,0.6501,9.0897,42.2737,0.3041,0.2318,1886,3
E02001797,Sunderland 007,4,5905,13.8601,0.1421,0.1232,12.2556,0.4297,-0.679,14.64,9.6629,0.1989,0.1134,4495,7
E02001798,Sunderland 008,6,8280,37.2421,0.3647,0.2362,40.505,1.3209,0.6638,15.3131,16.4512,0.4981,0.3299,919,2
E02001799,Sunderland 009,7,9397,47.7414,0.4483,0.2939,52.419,1.5794,0.8879,14.5327,16.0196,0.5851,0.3626,405,1
E02001800,Sunderland 010,5,6695,27.1372,0.2904,0.1814,32.4167,1.0055,0.02,11.8875,12.7714,0.4431,0.2722,1904,3
E02001801,Sunderland 011,4,6187,40.6957,0.3346,0.2093,29.8576,1.254,1.192,11.9244,65.4628,0.5037,0.2928,704,2
E02001802,Sunderland 012,4,7478,47.7153,0.4866,0.2948,54.2249,1.5444,0.8127,13.6988,12.3184,0.6195,0.4924,407,1
E02001803,Sunderland 013,5,9183,40.2281,0.3129,0.2108,27.9518,1.5584,1.5023,19.681,43.8223,0.349,0.5108,729,2
E02001804,Sunderland 014,4,6137,36.6338,0.3545,0.2476,37.7755,1.2592,0.6594,11.979,15.6172,0.4466,0.3553,965,2
E02001805,Sunderland 015,4,5554,26.158,0.2087,0.1668,21.6945,0.9212,0.112,7.3755,44.0901,0.3291,0.1517,2055,3
E02001806,Sunderland 016,6,7926,64.7388,0.5285,0.392,51.8952,2.0082,1.9736,20.3706,42.0684,0.5939,0.4899,30,1
E02001807,Sunderland 017,6,8672,25.9296,0.2609,0.1643,28.0762,0.8733,-0.2767,17.0638,12.587,0.3201,0.2332,2092,4
E02001808,Sunderland 018,4,5694,30.495,0.2961,0.1605,21.0936,0.6862,0.5499,10.8814,61.9589,0.4675,0.1683,1505,3
E02001809,Sunderland 019,5,6458,24.7,0.2513,0.1671,26.2191,0.8292,0.234,12.0083,13.2776,0.3075,0.2383,2274,4
E02001810,Sunderland 020,6,8198,23.7811,0.2491,0.1634,24.8023,0.7579,-0.0145,14.8825,6.1464,0.325,0.2559,2434,4
E02001811,Sunderland 021,5,8605,45.3589,0.4346,0.2906,49.3216,1.3327,0.7712,13.1685,12.891,0.5448,0.381,495,1
E02001812,Sunderland 022,7,10104,10.8468,0.0998,0.0939,6.9837,0.1056,-0.416,8.6925,22.2465,0.1419,0.0729,5362,8
E02001813,Sunderland 023,7,9628,52.1896,0.5167,0.3159,54.895,1.6285,1.0085,15.9518,12.3913,0.6265,0.493,260,1
E02001814,Sunderland 024,4,6195,32.3166,0.3253,0.2266,28.7177,1.0897,0.4761,11.6181,22.5671,0.4216,0.283,1315,2
E02001815,Sunderland 025,7,9625,17.7668,0.1771,0.1274,18.7098,0.5439,-0.3158,20.2921,8.1794,0.2503,0.1578,3538,6
E02001816,Sunderland 026,5,6735,44.138,0.4178,0.2852,46.5955,1.5824,0.6777,15.4647,15.3843,0.5505,0.4087,549,1
E02001817,Sunderland 027,4,6789,33.2342,0.3253,0.2242,34.7259,1.055,0.395,17.1972,19.1334,0.4076,0.335,1227,2
E02001818,Sunderland 028,5,9807,27.0285,0.2649,0.1851,26.2275,0.9305,0.5688,15.8803,9.9843,0.3472,0.2769,1923,3
E02001819,Sunderland 029,5,7109,10.9176,0.1098,0.0957,10.4719,0.2527,-0.6772,12.8668,10.2497,0.1588,0.0966,5343,8
E02001820,Sunderland 030,6,9767,25.6516,0.2557,0.1689,25.7141,0.8045,0.0748,16.6232,8.5501,0.3462,0.2322,2126,4
E02001821,Sunderland 031,4,5742,18.4163,0.1851,0.1397,17.5201,0.5728,-0.0045,19.4677,8.4023,0.2674,0.1722,3403,5
E02001822,Sunderland 032,5,7778,24.6083,0.2124,0.1615,23.5108,0.8752,0.299,19.1993,22.335,0.315,0.1754,2290,4
E02001823,Sunderland 033,5,8469,29.0027,0.3026,0.1943,28.8432,1.0215,0.5599,15.0965,11.0243,0.415,0.2837,1695,3
E02001824,Sunderland 034,6,8558,29.3919,0.2935,0.2089,22.7163,0.9176,0.5116,12.8437,15.2227,0.4141,0.2385,1637,3
E02001825,Sunderland 035,5,7723,32.4259,0.3047,0.2224,30.1591,1.1167,0.5435,16.3303,17.9415,0.4601,0.2341,1309,2
E02001826,Sunderland 036,4,7566,39.3408,0.3737,0.2575,33.1974,1.2776,0.9126,17.7363,13.7284,0.4987,0.3331,785,2
E02001827,Birmingham 001,4,6451,10.0641,0.1322,0.0915,4.5489,-0.2153,-0.7843,19.6175,12.6178,0.1735,0.1231,5574,9
E02001828,Birmingham 002,4,7106,9.9039,0.1136,0.0911,6.2697,-0.3536,-0.616,11.9768,20.8995,0.1537,0.0922,5606,9
E02001829,Birmingham 003,5,9239,3.6177,0.0705,0.0489,1.2598,-0.6678,-1.2181,13.9858,7.1199,0.0968,0.0542,6775,10
E02001830,Birmingham 004,6,9784,6.0615,0.0696,0.0558,2.0017,-0.6901,-0.8631,13.7607,18.549,0.1061,0.0605,6481,10
E02001831,Birmingham 005,6,10825,25.1536,0.2696,0.1752,22.572,0.5486,0.3317,23.2692,8.6851,0.3514,0.2372,2199,4
E02001832,Birmingham 006,5,7969,7.8078,0.1019,0.0788,4.5877,-0.3675,-0.5791,15.4083,11.8511,0.1471,0.0848,6151,9
E02001833,Birmingham 007,4,5954,14.5387,0.1599,0.1139,13.854,0.0211,-0.0788,10.4059,22.9671,0.2531,0.0946,4334,7
E02001834,Birmingham 008,4,6178,33.3495,0.3892,0.2145,39.4245,0.7494,0.382,14.2878,19.6255,0.5556,0.2516,1212,2
E02001835,Birmingham 009,5,8525,11.6792,0.1161,0.0831,3.9083,-0.0924,-0.2445,9.2927,36.4605,0.1424,0.1034,5128,8
E02001836,Birmingham 010,6,9026,10.6062,0.1338,0.0877,6.0949,-0.2168,-0.396,8.7793,23.2525,0.2116,0.1079,5427,8
E02001837,Birmingham 011,7,10695,54.3059,0.5545,0.3132,58.6234,1.325,1.1421,20.2662,22.8715,0.752,0.4359,200,1
E02001838,Birmingham 012,5,7553,6.5558,0.0765,0.0628,6.3383,-0.4753,-0.9066,19.2368,12.2365,0.1459,0.0502,6404,10
E02001839,Birmingham 013,4,6454,25.8334,0.287,0.1721,26.797,0.5601,0.2715,14.386,28.0329,0.4371,0.2146,2103,4
E02001840,Birmingham 014,6,9745,49.3345,0.5081,0.3001,47.4995,1.3967,0.9516,20.6736,20.5573,0.6579,0.4909,355,1
E02001841,Birmingham 015,4,5976,4.962,0.0668,0.0591,2.5259,-0.5801,-1.2208,11.527,19.7863,0.1103,0.048,6646,10
E02001842,Birmingham 016,5,8124,19.4135,0.2715,0.1245,20.315,0.0283,-0.0288,17.6341,23.5281,0.4937,0.1277,3174,5
E02001843,Birmingham 017,4,6651,22.4685,0.2587,0.1498,26.5528,0.3329,-0.0264,12.5663,31.0127,0.4472,0.1305,2647,4
E02001844,Birmingham 018,6,9880,21.7687,0.207,0.1365,11.5825,0.5115,0.1244,16.4043,40.6321,0.2806,0.193,2756,5
E02001845,Birmingham 019,4,6674,18.8455,0.2715,0.1247,17.2618,0.1645,-0.1999,14.7993,24.8035,0.4427,0.1662,3312,5
E02001846,Birmingham 020,5,8142,41.3929,0.4365,0.2623,38.099,1.1004,0.72,20.4547,29.521,0.5919,0.3534,668,1
E02001847,Birmingham 021,4,5709,13.8166,0.1447,0.1034,14.9412,0.0141,-0.3127,18.7494,17.6584,0.2203,0.1013,4513,7
E02001848,Birmingham 022,4,7422,42.7537,0.5024,0.2543,40.6561,0.8985,0.7628,20.4245,22.6731,0.6977,0.3327,601,1
E02001849,Birmingham 023,5,8995,49.715,0.5136,0.2738,36.2629,1.0015,1.1221,26.9948,43.4334,0.6733,0.4754,333,1
E02001850,Birmingham 024,5,8672,26.4684,0.3541,0.1554,23.1323,0.3557,0.3616,19.8209,27.8913,0.5491,0.1859,2001,3
E02001851,Birmingham 025,5,9118,29.971,0.3292,0.1915,25.8849,0.8732,0.4582,23.152,17.4334,0.4917,0.2932,1557,3
E02001852,Birmingham 026,4,7122,44.9752,0.4612,0.2647,32.816,1.0443,1.0116,21.555,40.2967,0.6656,0.2967,507,1
E02001855,Birmingham 029,6,9877,55.3703,0.5315,0.3271,58.3173,1.648,0.6618,27.3828,15.5875,0.7356,0.4131,179,1
E02001856,Birmingham 030,5,9738,51.6811,0.5205,0.27,41.9921,1.0694,1.2293,22.4957,52.7629,0.6834,0.3128,280,1
E02001857,Birmingham 031,8,13977,53.2358,0.5064,0.293,43.5092,1.3975,1.3295,20.5851,47.6123,0.6994,0.4087,234,1
E02001858,Birmingham 032,5,9352,40.2321,0.4095,0.2392,31.7466,0.763,0.8725,26.6091,38.8428,0.5801,0.387,728,2
E02001859,Birmingham 033,6,10303,57.7053,0.696,0.3064,48.9328,0.799,0.8167,24.2057,52.3535,0.801,0.5198,122,1
E02001860,Birmingham 034,5,8578,60.3725,0.6301,0.2979,56.425,0.876,1.219,31.3452,54.9428,0.8415,0.4522,84,1
E02001861,Birmingham 035,6,11296,53.564,0.6254,0.2998,44.298,0.8484,0.9293,24.5449,41.368,0.7622,0.5726,223,1
E02001862,Birmingham 036,6,9952,53.3996,0.5619,0.275,54.6952,0.7598,0.9938,32.1713,40.9388,0.7602,0.4329,231,1
E02001863,Birmingham 037,5,8411,62.1877,0.7237,0.3238,58.186,0.8181,0.541,30.5057,50.5222,0.9063,0.6412,59,1
E02001865,Birmingham 039,7,11385,61.3464,0.606,0.3086,57.3241,0.9712,1.3418,32.4123,55.2077,0.7253,0.5142,72,1
E02001866,Birmingham 040,5,9553,63.9481,0.6804,0.3309,57.0629,1.2238,1.1796,25.9845,47.5227,0.7961,0.7057,37,1
E02001867,Birmingham 041,5,8635,54.8642,0.6826,0.2775,52.3099,0.9443,0.552,29.3777,32.579,0.8632,0.6834,190,1
E02001868,Birmingham 042,5,10039,30.9484,0.4127,0.1686,33.6147,0.4912,0.3445,19.8324,29.1358,0.5835,0.2445,1455,3
E02001869,Birmingham 043,4,7074,58.754,0.7113,0.3433,49.4263,1.1278,0.5883,27.4547,28.5472,0.8283,0.7017,107,1
E02001870,Birmingham 044,6,13188,49.858,0.5739,0.2425,52.873,0.8767,0.6069,29.9086,40.0008,0.7315,0.3952,328,1
E02001871,Birmingham 045,5,8394,51.8501,0.5149,0.3039,51.6579,1.3692,1.077,21.9949,25.1489,0.7112,0.356,270,1
E02001872,Birmingham 046,4,7416,44.8222,0.4634,0.2739,48.9662,1.2816,0.9012,21.7544,14.6678,0.6726,0.3786,512,1
E02001873,Birmingham 047,5,11383,60.1865,0.6175,0.3225,56.5391,0.9868,1.1658,31.2359,42.2244,0.7848,0.5189,89,1
E02001874,Birmingham 048,5,9964,62.7932,0.702,0.2953,65.4579,1.0461,0.6569,37.5976,41.3426,0.8948,0.6216,51,1
E02001875,Birmingham 049,5,9086,52.7677,0.6383,0.2784,50.4443,0.7981,0.7605,29.6595,30.0362,0.8813,0.582,244,1
E02001876,Birmingham 050,6,17252,34.9416,0.3182,0.1677,33.2758,0.8408,0.4083,26.3035,38.6891,0.5357,0.8269,1084,2
E02001877,Birmingham 051,6,12449,59.3659,0.6571,0.2764,62.6351,0.8589,0.6281,39.3106,45.7553,0.8116,0.6379,96,1
E02001878,Birmingham 052,5,9549,55.3427,0.6454,0.2759,51.1595,1.034,0.5489,32.0173,41.8454,0.8142,0.6738,180,1
E02001879,Birmingham 053,5,9844,58.3852,0.5815,0.3088,51.8396,1.2272,1.2047,27.6801,49.5049,0.7799,0.5198,114,1
E02001880,Birmingham 054,6,10049,57.3017,0.6071,0.307,56.1704,1.4264,1.1074,23.9119,27.3275,0.7939,0.4798,129,1
E02001881,Birmingham 055,5,10563,58.4015,0.6683,0.2735,66.6878,0.9432,0.7397,31.3007,37.5397,0.8693,0.5257,113,1
E02001882,Birmingham 056,5,9051,49.8652,0.5351,0.2758,46.1117,0.9921,1.0021,25.4994,36.0162,0.7408,0.3232,326,1
E02001883,Birmingham 057,5,8587,53.4625,0.5206,0.3071,52.1437,1.383,1.1653,25.2655,29.16,0.725,0.3836,228,1
E02001884,Birmingham 058,4,10002,57.9659,0.6684,0.2639,62.0247,0.9467,0.5144,34.1819,48.2467,0.8141,0.6256,117,1
E02001886,Birmingham 060,5,9953,30.8139,0.3608,0.1852,19.4165,0.5648,0.751,19.2663,38.4179,0.5527,0.2531,1468,3
E02001888,Birmingham 062,4,7224,41.8808,0.4874,0.2552,39.0988,1.062,0.7363,21.0191,20.3052,0.6891,0.3599,645,1
E02001889,Birmingham 063,4,9105,52.8546,0.6228,0.2463,63.2143,0.7988,0.3595,29.2165,40.8436,0.8136,0.5171,241,1
E02001890,Birmingham 064,6,9782,29.3343,0.3456,0.1773,16.5205,0.3369,0.658,19.5232,34.1427,0.5892,0.2753,1646,3
E02001892,Birmingham 066,6,11775,52.7476,0.6244,0.2768,53.0217,1.0573,0.677,26.6433,29.2625,0.7575,0.5035,245,1
E02001893,Birmingham 067,5,8962,34.2591,0.393,0.2004,32.4121,0.6348,0.5193,20.8589,36.5952,0.5795,0.2796,1139,2
E02001895,Birmingham 069,5,9013,47.0744,0.4707,0.2773,46.5495,1.2746,0.7893,24.9093,23.8469,0.6692,0.37,424,1
E02001896,Birmingham 070,5,10089,56.6746,0.6582,0.2601,51.8734,0.8821,0.521,29.3005,63.2863,0.84,0.6504,145,1
E02001897,Birmingham 071,5,8774,67.3679,0.7515,0.3756,52.1466,1.4143,1.1588,31.978,32.7013,0.8889,0.7643,20,1
E02001898,Birmingham 072,4,6539,18.7438,0.2204,0.1232,21.0601,0.1785,-0.1034,17.4885,26.169,0.3812,0.1435,3342,5
E02001899,Birmingham 073,5,8589,10.3973,0.1316,0.0848,3.2807,-0.195,-0.0921,9.5971,25.6279,0.1738,0.1291,5486,9
E02001900,Birmingham 074,4,6849,31.783,0.3601,0.2038,24.1672,0.4793,0.4557,20.5179,33.2836,0.4562,0.3615,1378,3
E02001901,Birmingham 075,5,8272,12.6726,0.121,0.0842,1.3782,-0.1386,0.2247,11.1259,39.6799,0.1426,0.1509,4824,8
E02001902,Birmingham 076,4,6242,29.6351,0.3442,0.1736,28.767,0.4556,0.7102,18.8541,24.2656,0.5296,0.188,1601,3
E02001903,Birmingham 077,4,8069,61.4787,0.6804,0.2944,58.2881,0.9238,0.6079,37.1322,52.9032,0.8397,0.68,70,1
E02001904,Birmingham 078,4,8020,52.7403,0.5853,0.2776,47.7464,1.0816,0.6566,21.6417,52.9585,0.7502,0.3542,246,1
E02001905,Birmingham 079,5,10066,9.2953,0.0863,0.0506,3.8343,-0.4193,-0.4359,14.2211,32.3038,0.1709,0.0826,5765,9
E02001906,Birmingham 080,6,9622,20.8356,0.2521,0.1526,16.8032,0.2442,0.3538,10.8448,21.5845,0.3814,0.18,2904,5
E02001907,Birmingham 081,6,10664,26.1857,0.262,0.165,25.7008,0.347,0.4415,22.7666,31.2168,0.4262,0.1619,2049,3
E02001908,Birmingham 082,4,9007,60.5472,0.6627,0.2886,59.7338,0.8227,0.4754,29.7283,68.1472,0.7925,0.636,82,1
E02001909,Birmingham 083,5,8198,63.3853,0.6864,0.3176,56.7751,1.1585,0.7813,35.8076,50.4648,0.8996,0.6356,45,1
E02001910,Birmingham 084,4,7239,57.8801,0.6585,0.3109,47.9308,0.9999,0.8652,30.6949,38.8436,0.8714,0.5986,119,1
E02001911,Birmingham 085,5,8788,44.7929,0.4956,0.2909,36.7164,0.9108,0.9849,20.0582,20.0753,0.6119,0.3964,515,1
E02001913,Birmingham 087,4,7231,29.7518,0.3276,0.197,13.9948,0.8583,0.5668,18.7729,27.6995,0.4937,0.3413,1582,3
E02001914,Birmingham 088,4,7054,30.8836,0.3388,0.1808,22.7559,0.5672,0.3456,21.1608,36.3267,0.4649,0.3011,1463,3
E02001915,Birmingham 089,7,12111,34.8566,0.3713,0.2092,29.426,0.9725,0.8427,17.4441,30.657,0.5281,0.2975,1092,2
E02001916,Birmingham 090,5,9950,44.3903,0.5497,0.2449,42.5882,0.8307,0.7217,20.5283,31.8231,0.7676,0.3474,535,1
E02001918,Birmingham 092,6,8608,35.0145,0.3538,0.2242,12.3626,0.9326,0.7401,20.291,41.1134,0.4698,0.3858,1078,2
E02001919,Birmingham 093,4,6862,29.078,0.3131,0.1776,24.0668,0.4553,0.2743,24.0853,38.2224,0.4539,0.2579,1678,3
E02001920,Birmingham 094,5,7681,41.688,0.4544,0.2861,35.2556,0.974,0.866,18.8395,11.82,0.6251,0.3257,655,1
E02001921,Birmingham 095,5,7806,33.4869,0.3865,0.2312,28.6296,0.7725,0.8231,14.9752,15.4877,0.5433,0.2703,1202,2
E02001922,Birmingham 096,6,17048,16.9775,0.0831,0.0386,37.868,0.5749,0.157,14.6591,35.5959,0.4241,0.5012,3705,6
E02001923,Birmingham 097,6,11353,38.3185,0.4746,0.2131,32.4636,0.6834,0.446,20.4997,38.9668,0.6475,0.3433,846,2
E02001924,Birmingham 098,4,7154,31.9091,0.3976,0.1842,26.0902,0.5987,0.6561,16.8521,30.9385,0.5638,0.3199,1360,2
E02001925,Birmingham 099,4,6757,19.3072,0.22,0.1419,9.4639,0.2583,0.4352,15.4106,24.7247,0.2822,0.1709,3198,5
E02001926,Birmingham 100,5,7873,25.3858,0.2569,0.168,13.7327,0.6027,0.4683,17.4662,36.0769,0.3575,0.1971,2169,4
E02001927,Birmingham 101,5,7702,42.8908,0.4492,0.2643,43.3845,1.2903,0.8961,17.6583,16.9313,0.6389,0.3504,592,1
E02001928,Birmingham 102,5,6750,43.1995,0.4218,0.2768,41.5326,1.0595,0.6412,23.3524,13.3498,0.5934,0.3232,578,1
E02001929,Birmingham 103,6,10322,46.6995,0.5302,0.2735,48.9454,1.1741,0.843,18.5674,21.1793,0.6798,0.4291,439,1
E02001930,Birmingham 104,5,7713,21.5844,0.2312,0.1371,6.3058,0.3185,0.5124,11.4202,44.7585,0.3011,0.2141,2774,5
E02001931,Birmingham 105,5,8575,20.0744,0.2578,0.1445,14.5923,0.0857,0.1562,16.8387,26.3472,0.3764,0.2156,3032,5
E02001932,Birmingham 106,4,7480,46.1731,0.4768,0.2984,41.4622,1.058,1.0562,25.0628,10.1422,0.6461,0.3538,461,1
E02001933,Birmingham 107,5,7831,31.2516,0.3568,0.2022,19.5546,0.8607,0.5235,16.7702,29.0373,0.509,0.2828,1431,3
E02001934,Birmingham 108,4,7172,18.4928,0.2584,0.128,15.5168,0.0252,-0.0776,15.9834,25.0209,0.3696,0.184,3389,5
E02001935,Birmingham 109,5,8015,24.1476,0.3019,0.1634,20.7565,0.3228,0.3298,12.0502,11.4199,0.4275,0.2209,2367,4
E02001936,Birmingham 110,4,6380,14.8843,0.1707,0.1211,5.5912,-0.0198,0.1712,10.5692,27.6847,0.2219,0.1365,4232,7
E02001937,Birmingham 111,5,8560,41.8293,0.4868,0.2648,31.6364,1.0776,0.6831,19.8906,22.7342,0.6632,0.36,648,1
E02001938,Birmingham 112,5,7798,21.2073,0.2068,0.1344,9.1729,0.5197,0.3129,14.186,40.9674,0.3092,0.1926,2842,5
E02001939,Birmingham 113,4,6354,29.64,0.3207,0.2326,22.3712,0.7184,0.3201,12.8663,16.0982,0.4619,0.2268,1598,3
E02001941,Birmingham 115,4,6708,41.851,0.4489,0.2591,39.4691,1.0656,0.8769,25.0124,16.3496,0.6173,0.3576,646,1
E02001942,Birmingham 116,4,6812,28.6963,0.3001,0.1858,14.5009,0.5842,0.5126,12.4686,32.9093,0.4268,0.1741,1728,3
E02001943,Birmingham 117,4,6479,28.8361,0.3214,0.1865,23.4581,0.6981,0.3935,20.7118,20.1606,0.4576,0.2608,1710,3
E02001944,Birmingham 118,4,8090,24.1599,0.2648,0.1803,18.6659,0.7475,0.2573,14.3139,12.9936,0.3473,0.2063,2362,4
E02001945,Birmingham 119,5,7798,51.1865,0.526,0.303,47.5757,1.2795,1.199,25.0698,18.634,0.7372,0.3721,293,1
E02001946,Birmingham 120,5,7646,19.4967,0.2014,0.141,13.9212,0.3347,0.4209,10.9365,26.0594,0.3088,0.1176,3155,5
E02001947,Birmingham 121,4,6221,62.7625,0.5925,0.387,56.5337,1.6056,1.3863,21.9989,26.3739,0.7946,0.3801,52,1
E02001948,Birmingham 122,5,7296,27.0474,0.2815,0.1566,25.4331,0.6835,0.4533,23.3628,23.5986,0.4657,0.1813,1919,3
E02001949,Birmingham 123,4,6192,28.9179,0.2964,0.1842,28.0254,0.914,0.6701,13.9888,17.6546,0.4195,0.2431,1700,3
E02001950,Birmingham 124,5,8533,23.8527,0.2482,0.1621,22.8252,0.5212,0.3117,15.4108,25.833,0.3932,0.1486,2425,4
E02001951,Birmingham 125,6,9302,55.8695,0.5337,0.3385,57.8845,1.3224,1.2472,26.8937,11.3657,0.7175,0.38,163,1
E02001952,Birmingham 126,5,9079,54.2979,0.5294,0.3417,44.9514,1.5519,1.3787,20.4191,14.9507,0.725,0.3999,201,1
E02001953,Birmingham 127,5,7156,20.4125,0.236,0.142,16.2148,0.4952,0.2886,12.2137,19.4387,0.3652,0.1397,2981,5
E02001954,Birmingham 128,5,7575,54.0926,0.5344,0.3301,48.8911,1.57,1.5318,18.3334,11.3327,0.6598,0.4424,210,1
E02001955,Birmingham 129,5,8340,32.1125,0.3618,0.1901,30.8866,0.9002,0.7206,19.9827,13.4682,0.5425,0.3165,1346,2
E02001956,Birmingham 130,4,6760,24.8591,0.2659,0.179,29.2262,0.5783,0.4649,14.4419,13.8431,0.4346,0.1502,2240,4
E02001957,Birmingham 131,5,7908,20.8737,0.234,0.1423,22.8522,0.4765,0.2159,16.7793,15.6785,0.422,0.1233,2896,5
E02001958,Coventry 001,4,8158,32.494,0.3281,0.192,34.0927,0.8353,0.6109,24.6374,26.9134,0.4928,0.2429,1305,2
E02001959,Coventry 002,4,7143,20.6842,0.2669,0.1296,22.3399,0.3537,0.0028,20.4999,15.7094,0.4465,0.1322,2930,5
E02001961,Coventry 004,5,8101,49.4936,0.4913,0.2904,47.0148,1.3201,1.0397,25.3375,23.5081,0.6965,0.3518,343,1
E02001962,Coventry 005,4,7352,37.7471,0.4219,0.2039,40.2205,0.83,0.6509,25.1348,28.8265,0.6022,0.3422,883,2
E02001963,Coventry 006,4,6125,20.572,0.2166,0.1384,22.0667,0.5464,0.1768,13.0892,20.019,0.3965,0.1338,2945,5
E02001964,Coventry 007,6,11280,49.3201,0.5282,0.2744,47.5775,1.4287,0.9181,26.4156,12.3222,0.676,0.5333,356,1
E02001965,Coventry 008,5,8081,20.958,0.2304,0.1455,22.5742,0.4258,0.3002,18.3999,13.9872,0.3569,0.1789,2882,5
E02001966,Coventry 009,4,7444,48.7682,0.5443,0.2304,53.6577,1.0365,0.4913,30.2792,40.93,0.7486,0.4793,368,1
E02001967,Coventry 010,4,7223,11.1903,0.1121,0.0728,10.5339,-0.1971,-0.2487,23.0593,17.5889,0.1682,0.0797,5268,8
E02001968,Coventry 011,4,8116,28.2638,0.3734,0.1637,31.5381,0.4841,0.3955,19.8311,21.154,0.5721,0.2421,1773,3
E02001969,Coventry 012,4,6893,35.215,0.383,0.212,37.2487,0.9197,0.5341,17.7038,30.7981,0.5881,0.2924,1063,2
E02001970,Coventry 013,4,5917,22.7716,0.2394,0.1546,20.5285,0.6299,0.2815,16.9428,18.9765,0.3917,0.1369,2595,4
E02001971,Coventry 014,4,6316,15.3871,0.1875,0.1093,14.2382,0.1732,-0.2746,12.9655,24.7942,0.2802,0.1478,4113,6
E02001972,Coventry 015,7,12348,51.5583,0.5572,0.2562,47.5204,1.027,1.0517,27.8186,39.7701,0.7346,0.543,286,1
E02001973,Coventry 016,5,8665,39.5377,0.4379,0.2288,39.69,1.0313,0.7361,20.9672,25.9442,0.646,0.4145,768,2
E02001974,Coventry 017,6,9386,12.1308,0.1433,0.0812,13.4198,-0.1114,-0.3125,11.9721,27.9171,0.254,0.0925,4995,8
E02001975,Coventry 018,5,7683,16.4758,0.2063,0.1006,19.7701,0.2736,-0.1034,13.1014,23.2062,0.3329,0.1485,3825,6
E02001976,Coventry 019,5,7513,26.8592,0.251,0.175,23.4055,0.7742,0.4696,21.966,19.6293,0.3335,0.1839,1950,3
E02001977,Coventry 020,6,10444,38.3842,0.3866,0.1971,39.2417,1.0817,0.9621,24.117,31.2016,0.5987,0.3764,838,2
E02001978,Coventry 021,4,6843,21.9394,0.2691,0.1302,23.7576,0.3488,0.0585,15.8061,31.67,0.4395,0.168,2732,4
E02001979,Coventry 022,4,5570,9.9261,0.1087,0.0728,9.9827,-0.0185,-0.5549,15.6554,21.071,0.1792,0.0876,5598,9
E02001980,Coventry 023,4,5721,6.2652,0.071,0.0652,6.9446,-0.2803,-0.9674,15.666,12.4699,0.1303,0.0437,6454,10
E02001981,Coventry 024,6,13928,46.0037,0.5021,0.2255,43.04,1.1444,1.0043,26.9545,33.3367,0.7826,0.6098,465,1
E02001982,Coventry 025,5,8379,13.4236,0.17,0.1049,12.5748,-0.1674,-0.3407,21.7795,7.0724,0.2518,0.1562,4618,7
E02001983,Coventry 026,5,7605,18.0496,0.1876,0.1156,17.672,0.2441,-0.0675,16.1004,27.9513,0.2943,0.1253,3483,6
E02001984,Coventry 027,6,10570,20.4972,0.2196,0.1229,20.5434,0.4341,0.1833,13.9795,30.992,0.3347,0.1512,2958,5
E02001985,Coventry 028,5,9838,34.6037,0.324,0.1297,43.1641,0.8661,0.9772,23.9895,46.087,0.8051,0.4996,1116,2
E02001986,Coventry 029,5,7886,38.744,0.3835,0.2578,29.5722,1.269,0.7759,20.8264,12.1001,0.5428,0.2761,814,2
E02001987,Coventry 030,4,5959,26.1019,0.2683,0.124,18.4658,0.8025,0.4667,19.9904,46.0311,0.595,0.2675,2069,4
E02001988,Coventry 031,5,13074,29.9759,0.2042,0.1167,29.5359,1.2359,1.0117,24.5618,37.2015,0.5998,0.4892,1556,3
E02001989,Coventry 032,4,6575,16.2396,0.1976,0.1045,21.8605,0.261,-0.1044,14.5788,15.8812,0.3485,0.1016,3893,6
E02001990,Coventry 033,6,9228,9.6767,0.1242,0.0807,11.7713,-0.0879,-0.6973,13.6979,13.134,0.1946,0.0884,5663,9
E02001991,Coventry 034,6,8396,10.8219,0.0997,0.0709,3.931,-0.1432,-0.2998,16.1696,34.534,0.1222,0.1014,5369,8
E02001992,Coventry 035,7,10950,37.9417,0.4115,0.2315,40.5682,1.133,0.5594,21.364,13.6027,0.5458,0.3779,866,2
E02001993,Coventry 036,5,9488,27.2465,0.292,0.1536,34.4847,0.6076,0.1468,21.5435,9.9974,0.4976,0.3426,1894,3
E02001994,Coventry 037,5,8066,18.8577,0.2233,0.1214,13.4947,0.247,-0.0432,17.9233,27.6126,0.3524,0.1698,3309,5
E02001995,Coventry 038,5,9797,22.0389,0.2291,0.1353,20.1633,0.6021,0.0669,23.4905,21.7338,0.3806,0.2167,2713,4
E02001996,Coventry 039,4,7792,55.1613,0.5106,0.3348,43.8862,1.7954,1.2388,28.3043,11.3418,0.6398,0.3934,182,1
E02001997,Coventry 040,5,8514,8.5014,0.0959,0.0802,5.0623,-0.4505,-0.6798,18.5826,10.463,0.1449,0.0706,5979,9
E02001998,Coventry 041,4,6031,6.7098,0.0961,0.063,4.3294,-0.4182,-0.8819,16.7305,16.0734,0.1391,0.0585,6370,10
E02001999,Coventry 042,4,9493,6.9212,0.0667,0.0397,9.1092,-0.3836,-0.8548,19.9614,9.4186,0.1686,0.0883,6342,10
E02002000,Dudley 001,5,8785,32.1784,0.3351,0.2026,44.6951,0.462,0.4581,22.8849,16.1194,0.5261,0.2553,1336,2
E02002001,Dudley 002,4,6104,23.0625,0.2531,0.1629,28.2386,0.2483,0.5902,9.248,20.6522,0.3859,0.2011,2536,4
E02002002,Dudley 003,5,6907,7.4048,0.1128,0.0842,7.4867,-0.543,-0.5788,10.2707,7.6201,0.1777,0.0747,6238,10
E02002003,Dudley 004,6,9019,21.9631,0.2371,0.1485,29.7383,0.1915,0.3127,15.4723,19.5228,0.39,0.1678,2729,4
E02002004,Dudley 005,5,7672,29.4392,0.3305,0.2073,40.3691,0.4898,0.3865,13.643,13.5675,0.4566,0.2708,1629,3
E02002005,Dudley 006,6,9863,42.0988,0.4707,0.2579,51.5828,0.6036,0.7998,16.2035,16.7861,0.6117,0.4091,630,1
E02002006,Dudley 007,4,6378,31.0412,0.3392,0.2171,38.9338,0.4355,0.5921,13.2184,11.7336,0.5163,0.2607,1441,3
E02002007,Dudley 008,6,9093,18.1011,0.2011,0.1356,28.0181,-0.0712,-0.1282,14.4071,11.9506,0.284,0.1748,3472,6
E02002008,Dudley 009,5,8098,9.6175,0.1295,0.0847,12.3286,-0.3579,-0.3533,12.3964,11.6284,0.2183,0.089,5674,9
E02002009,Dudley 010,4,7333,45.4774,0.5106,0.2651,51.1938,0.7138,0.9313,22.0563,22.9616,0.6485,0.4014,489,1
E02002010,Dudley 011,5,8526,41.5291,0.4324,0.2724,41.0661,0.8399,0.7616,16.4954,31.9391,0.5231,0.3832,662,1
E02002011,Dudley 012,4,6027,9.0423,0.1171,0.0832,13.3426,-0.3527,-0.8152,12.5181,12.2999,0.2281,0.0701,5836,9
E02002012,Dudley 013,5,8446,41.1142,0.437,0.2607,50.9904,1.0811,0.5801,17.6381,14.5946,0.6039,0.3733,679,1
E02002013,Dudley 014,5,6520,8.0393,0.1063,0.0823,9.089,-0.3286,-0.652,11.8095,7.3791,0.1668,0.1001,6100,9
E02002014,Dudley 015,4,8473,36.8976,0.4172,0.2147,46.1289,0.5275,0.6278,20.6885,30.1862,0.5571,0.346,945,2
E02002015,Dudley 016,4,7152,16.3625,0.1893,0.1261,24.8096,-0.021,-0.1301,15.4867,10.2523,0.2959,0.1353,3854,6
E02002016,Dudley 017,5,8363,44.4907,0.4675,0.2757,56.7073,0.9064,0.7758,19.003,19.0062,0.6769,0.2862,530,1
E02002017,Dudley 018,5,8136,35.1468,0.3972,0.2198,42.2932,0.6057,0.518,13.156,29.3586,0.6002,0.2378,1073,2
E02002018,Dudley 019,6,8974,9.0131,0.1123,0.087,12.1285,-0.3183,-0.7516,13.8255,7.8669,0.1989,0.085,5845,9
E02002019,Dudley 020,5,7786,34.2573,0.3889,0.2256,49.7669,0.5868,0.3702,11.78,18.5907,0.5956,0.2406,1140,2
E02002020,Dudley 021,6,9639,12.4294,0.1525,0.1065,16.661,-0.2344,-0.3182,12.5019,13.333,0.2704,0.0926,4903,8
E02002021,Dudley 022,4,7873,42.762,0.4459,0.2604,49.878,0.9392,0.8336,17.3016,30.7901,0.6777,0.326,599,1
E02002022,Dudley 023,5,8840,26.3676,0.3036,0.176,32.5749,0.4133,0.2617,14.254,20.5627,0.4316,0.2833,2015,3
E02002023,Dudley 024,4,5311,14.5881,0.1776,0.1181,23.3543,-0.1622,-0.6047,14.2181,10.1151,0.2945,0.1264,4323,7
E02002024,Dudley 025,5,8798,23.0459,0.2522,0.153,33.7465,0.2479,0.2156,15.5427,18.7914,0.3881,0.1999,2538,4
E02002025,Dudley 026,5,9047,22.4211,0.2788,0.1611,24.5457,0.2596,-0.0287,9.9026,25.8999,0.4216,0.2022,2653,4
E02002026,Dudley 027,5,6721,12.5718,0.1643,0.1014,20.7203,-0.367,-0.5681,13.61,15.1199,0.2965,0.094,4863,8
E02002027,Dudley 028,4,5326,4.2965,0.0703,0.06,8.4676,-0.537,-1.1437,11.6173,2.4091,0.1243,0.0573,6725,10
E02002028,Dudley 029,4,5701,14.7323,0.1783,0.1275,14.5842,-0.1256,-0.498,12.0387,15.9898,0.284,0.126,4275,7
E02002029,Dudley 030,4,6265,11.0948,0.132,0.0898,11.1507,-0.2021,-0.3073,7.1997,25.6523,0.2034,0.1055,5297,8
E02002030,Dudley 031,4,6743,24.4328,0.3079,0.1726,28.0151,0.292,0.2357,13.5481,13.6447,0.4482,0.2544,2320,4
E02002031,Dudley 032,4,6305,27.0198,0.3459,0.1525,32.9542,0.2904,-0.1533,19.5768,25.4939,0.566,0.2398,1925,3
E02002032,Dudley 033,6,10285,26.0664,0.3278,0.1844,31.431,0.3378,0.1159,16.493,17.4875,0.526,0.2413,2076,4
E02002033,Dudley 034,5,7842,14.5693,0.1966,0.1219,17.3922,-0.1138,-0.4869,10.2121,15.6549,0.3163,0.1316,4330,7
E02002034,Dudley 035,5,8104,20.2928,0.2419,0.1432,16.5105,0.1198,0.1844,11.7607,27.568,0.3912,0.2019,3000,5
E02002035,Dudley 036,4,6129,8.1212,0.0996,0.0805,9.2964,-0.6396,-0.5097,8.5462,18.5058,0.1404,0.074,6066,9
E02002036,Dudley 037,4,6699,41.1513,0.4488,0.2425,50.5385,0.5999,0.8303,22.8487,22.7004,0.6635,0.3385,677,1
E02002037,Dudley 038,4,5928,14.5205,0.1789,0.1234,20.4494,-0.2238,-0.4467,14.2037,10.9142,0.2486,0.1331,4340,7
E02002038,Dudley 039,6,9431,22.9499,0.2761,0.1644,24.0277,0.1847,-0.1541,10.1653,21.2947,0.4241,0.2185,2560,4
E02002039,Dudley 040,4,6162,12.5065,0.1593,0.0987,14.1665,-0.4513,-0.7709,11.51,22.5263,0.2126,0.1194,4878,8
E02002040,Dudley 041,4,5767,5.826,0.0723,0.0708,4.5168,-0.5664,-1.0384,15.2851,9.1164,0.0862,0.0661,6513,10
E02002041,Dudley 042,4,6303,14.1555,0.1722,0.113,17.9061,-0.5062,-0.4124,18.5012,5.9797,0.2753,0.0989,4426,7
E02002042,Dudley 043,5,8057,6.8859,0.1027,0.0752,7.0705,-0.6058,-1.0116,17.1234,7.5604,0.1541,0.0786,6350,10
E02002043,Sandwell 001,5,8690,35.3952,0.3927,0.2202,39.1318,0.8602,0.5188,14.9306,31.0491,0.5398,0.3377,1044,2
E02002044,Sandwell 002,4,8087,29.376,0.3333,0.179,25.5167,0.5063,0.3345,32.9135,17.4809,0.4864,0.2913,1643,3
E02002045,Sandwell 003,5,7782,32.6054,0.3535,0.2089,39.0979,0.712,0.4424,13.9051,26.2605,0.4925,0.2722,1296,2
E02002046,Sandwell 004,4,5651,53.7902,0.5589,0.31,72.5814,1.2943,0.6077,16.6134,17.3197,0.7289,0.4549,218,1
E02002047,Sandwell 005,4,7538,34.7209,0.3508,0.214,41.9078,0.9829,0.4527,17.3659,27.6081,0.4987,0.2919,1108,2
E02002048,Sandwell 006,4,6795,13.5738,0.1451,0.0946,10.9262,-0.2386,-0.0546,19.7632,27.7474,0.2603,0.1037,4577,7
E02002049,Sandwell 007,4,6248,32.9663,0.3246,0.1935,44.8876,0.6818,0.3372,22.4789,15.716,0.4773,0.2525,1253,2
E02002051,Sandwell 009,4,6234,48.7649,0.4992,0.2836,67.7484,1.1466,0.6739,19.4848,18.3651,0.669,0.3947,369,1
E02002052,Sandwell 010,6,11496,36.6048,0.4069,0.226,41.9228,0.8488,0.7427,22.3228,15.6992,0.5504,0.3414,967,2
E02002053,Sandwell 011,4,6416,22.5628,0.2757,0.1538,21.7913,0.1745,0.041,19.1953,22.2808,0.4579,0.1792,2636,4
E02002054,Sandwell 012,4,5918,20.8041,0.2222,0.1315,21.7599,0.1899,0.1088,26.0766,20.2977,0.3608,0.1441,2909,5
E02002055,Sandwell 013,6,11226,32.3618,0.3657,0.1988,41.6825,0.7964,0.3617,21.6756,13.8324,0.494,0.3546,1313,2
E02002056,Sandwell 014,6,10009,48.6279,0.4824,0.2846,60.6807,1.1988,0.9762,19.7981,15.8997,0.6542,0.3974,374,1
E02002057,Sandwell 015,6,10714,37.3001,0.4111,0.2207,43.7988,0.9017,0.466,21.5001,23.3977,0.5619,0.3737,910,2
E02002058,Sandwell 016,6,13571,30.9257,0.3324,0.1793,38.4447,0.5462,0.3201,25.5705,18.1918,0.4845,0.3117,1457,3
E02002059,Sandwell 017,6,11954,34.7785,0.3526,0.1977,39.8286,0.7702,0.7096,24.5645,27.6358,0.5042,0.2999,1098,2
E02002060,Sandwell 018,4,7589,42.1587,0.4654,0.2292,54.0192,0.907,0.5265,29.5273,21.7563,0.6038,0.3647,628,1
E02002061,Sandwell 019,4,7135,44.8722,0.4722,0.2161,51.4607,0.9659,0.8871,27.0164,36.7157,0.639,0.4223,511,1
E02002062,Sandwell 020,4,9273,41.8913,0.4248,0.2318,44.4489,0.9559,0.8189,27.4311,33.6865,0.577,0.4338,643,1
E02002063,Sandwell 021,5,10457,28.8621,0.3388,0.1668,33.7362,0.4892,0.3436,23.3047,23.8363,0.4942,0.2783,1708,3
E02002064,Sandwell 022,7,12540,29.0297,0.3254,0.182,33.8429,0.5589,0.3135,21.8291,14.8808,0.4782,0.2249,1693,3
E02002065,Sandwell 023,7,14296,39.6539,0.4595,0.1844,48.434,0.5718,0.2547,32.4901,37.6823,0.6007,0.4503,764,2
E02002066,Sandwell 024,4,8501,40.4793,0.4374,0.2206,43.6958,0.8329,0.2908,30.4544,36.7977,0.6156,0.352,716,2
E02002067,Sandwell 025,4,6335,22.9301,0.2748,0.1556,29.5363,0.4235,0.1296,14.3275,12.4674,0.3899,0.2828,2565,4
E02002069,Sandwell 027,4,7328,34.5844,0.3702,0.2174,36.983,0.8288,0.6668,19.2332,20.8042,0.4876,0.3446,1120,2
E02002070,Sandwell 028,5,10522,43.3693,0.4855,0.2079,49.5287,0.8022,0.3633,26.85,48.4279,0.6573,0.4276,569,1
E02002071,Sandwell 029,4,6798,35.4744,0.4082,0.2327,41.5513,0.8297,0.5745,14.2209,17.3591,0.623,0.2683,1040,2
E02002072,Sandwell 030,5,9017,26.9861,0.2961,0.1534,25.5818,0.3375,0.5825,21.1996,35.5638,0.4604,0.2146,1930,3
E02002073,Sandwell 031,5,8300,36.0721,0.4388,0.2158,41.6681,0.7585,0.3687,20.9046,24.0785,0.6039,0.378,1001,2
E02002074,Sandwell 032,5,8136,30.0252,0.3508,0.2028,29.0099,0.7106,0.386,17.0082,23.2896,0.5024,0.2817,1549,3
E02002075,Sandwell 033,5,8800,30.939,0.3571,0.1974,32.817,0.7305,0.4125,12.6696,23.8924,0.5597,0.2578,1456,3
E02002076,Sandwell 034,7,10676,24.9879,0.2943,0.1384,15.411,0.1615,0.4059,16.2085,48.4248,0.4867,0.2082,2216,4
E02002077,Sandwell 035,6,11050,33.1858,0.3741,0.209,38.0893,0.7013,0.3439,15.0898,25.6379,0.5405,0.3015,1233,2
E02002078,Sandwell 036,4,6569,15.259,0.2145,0.1157,11.8569,-0.1306,-0.2477,11.3144,26.6982,0.3749,0.1247,4151,7
E02002079,Sandwell 037,5,8696,27.3589,0.3309,0.1881,27.7331,0.5215,0.2948,12.2017,20.7102,0.4986,0.2674,1880,3
E02002080,Sandwell 038,4,7568,32.9832,0.3775,0.2104,37.6375,0.6447,0.3939,15.8746,20.8552,0.544,0.2819,1250,2
E02002081,Solihull 001,4,5446,18.1519,0.1899,0.1336,23.6547,0.0702,0.065,13.6296,21.4602,0.3234,0.1291,3463,6
E02002082,Solihull 002,4,5688,47.818,0.4824,0.2919,61.2483,1.2288,0.786,17.1996,17.1343,0.6339,0.3757,401,1
E02002083,Solihull 003,4,6006,11.0829,0.1312,0.0896,15.6177,-0.4257,-0.0786,8.9504,18.0278,0.2653,0.054,5302,8
E02002084,Solihull 004,4,6811,42.7647,0.4234,0.2699,51.4231,1.0708,0.9827,14.5078,18.5789,0.5551,0.307,598,1
E02002085,Solihull 005,4,6632,38.0672,0.3954,0.241,48.3589,0.7226,0.9101,13.342,11.0652,0.5723,0.3006,859,2
E02002086,Solihull 006,4,5877,50.7076,0.4968,0.3207,52.8016,1.2937,1.3337,14.3522,14.7949,0.6569,0.4043,303,1
E02002087,Solihull 007,4,6285,46.8038,0.4666,0.2963,50.5307,1.3009,0.9236,14.9107,17.0887,0.6029,0.3804,433,1
E02002088,Solihull 008,6,9571,49.3758,0.4647,0.3064,54.1513,1.5405,1.0806,17.4394,12.6599,0.6369,0.3462,351,1
E02002089,Solihull 009,5,8033,20.4578,0.2111,0.1453,20.68,0.3405,0.1977,16.6133,21.2777,0.3363,0.1486,2969,5
E02002090,Solihull 010,4,5985,13.5363,0.1866,0.0996,17.2359,-0.1628,-0.2389,8.8489,20.3427,0.3015,0.1137,4589,7
E02002091,Solihull 011,5,7761,12.9197,0.1803,0.1091,15.8025,-0.2038,-0.6337,8.3435,15.7411,0.2827,0.1299,4763,7
E02002092,Solihull 012,5,7249,20.8157,0.2486,0.1528,19.5619,0.3557,0.1567,9.1513,15.9609,0.3584,0.2071,2907,5
E02002093,Solihull 013,4,6814,17.0853,0.1974,0.1296,14.0279,0.0246,-0.0834,11.2423,22.677,0.2929,0.1515,3685,6
E02002094,Solihull 014,4,5947,4.6931,0.0731,0.0544,2.7906,-0.8388,-0.9245,9.8855,17.7656,0.1152,0.0495,6676,10
E02002095,Solihull 015,5,8651,11.9974,0.1503,0.0989,13.2375,-0.3485,-0.2625,15.7197,13.3978,0.2268,0.1161,5029,8
E02002096,Solihull 016,6,10681,8.4802,0.1261,0.0824,7.8454,-0.5127,-0.6555,8.3352,14.3128,0.1876,0.1014,5986,9
E02002097,Solihull 017,4,7436,13.7847,0.1356,0.0925,10.43,-0.4988,-0.3768,27.7746,26.8327,0.2069,0.1154,4518,7
E02002098,Solihull 018,6,9824,10.7212,0.1417,0.0998,7.9233,-0.3956,-0.35,8.5117,12.8344,0.1765,0.1224,5400,8
E02002099,Solihull 019,4,7124,4.3348,0.076,0.0544,1.2305,-1.2738,-0.5096,6.7896,14.1106,0.1181,0.0613,6714,10
E02002101,Solihull 021,4,6271,15.7005,0.1854,0.1234,14.308,0.0513,0.0624,16.3256,12.8676,0.3034,0.1494,4029,6
E02002102,Solihull 022,5,8893,11.0093,0.1538,0.0905,8.5218,-0.2596,-0.6065,8.6868,17.9951,0.2345,0.1086,5320,8
E02002103,Solihull 023,4,6082,8.7493,0.1153,0.086,8.3418,-0.4163,-0.646,9.1673,13.0945,0.1481,0.1042,5909,9
E02002104,Solihull 024,4,5848,2.1489,0.0478,0.0365,1.3899,-1.1689,-1.4333,12.2571,8.9207,0.0998,0.0276,6848,10
E02002105,Solihull 025,5,8246,5.8951,0.0765,0.0603,4.328,-1.0147,-0.6996,20.7789,11.3236,0.1151,0.0602,6501,10
E02002106,Solihull 026,6,9646,4.1675,0.0694,0.0548,1.8797,-0.9516,-1.0043,14.7198,9.7981,0.1059,0.0511,6738,10
E02002107,Solihull 027,4,5452,3.9852,0.0781,0.0531,3.0883,-0.9973,-1.369,19.0455,4.3767,0.1357,0.0573,6749,10
E02002108,Solihull 028,6,9912,4.33,0.0649,0.0492,2.0827,-1.1566,-1.0767,16.1516,6.4168,0.0761,0.0603,6716,10
E02002109,Solihull 029,6,12707,8.084,0.1222,0.0713,4.8337,-0.6406,-0.3165,20.9266,7.3305,0.1996,0.0639,6080,9
E02002110,Walsall 001,4,6992,22.7981,0.2395,0.1512,27.5563,0.4045,0.292,18.8676,14.6203,0.3911,0.1871,2588,4
E02002111,Walsall 002,4,6440,35.6605,0.3728,0.2278,48.0154,0.8567,0.5015,17.1206,13.8753,0.5236,0.293,1028,2
E02002112,Walsall 003,4,5321,18.646,0.1928,0.1363,20.573,0.2344,-0.1691,19.0731,13.946,0.2872,0.1659,3366,5
E02002113,Walsall 004,4,6405,25.9066,0.2699,0.1727,33.8572,0.5721,0.5505,12.8875,18.9415,0.4281,0.2034,2095,4
E02002114,Walsall 005,4,6067,17.3454,0.1911,0.1335,18.742,0.2298,-0.1413,18.3087,13.8789,0.3115,0.1513,3635,6
E02002115,Walsall 006,4,6789,36.9982,0.3922,0.2472,45.4851,0.7798,0.3946,16.7319,20.2006,0.608,0.2924,938,2
E02002116,Walsall 007,5,6718,12.9288,0.164,0.1098,14.2075,0.1598,-0.6989,13.8823,8.4752,0.2944,0.1382,4761,7
E02002117,Walsall 008,4,6275,31.0159,0.3164,0.1941,35.3583,0.5564,0.1601,16.4668,17.8941,0.508,0.2687,1444,3
E02002118,Walsall 009,5,7403,41.4381,0.4448,0.2494,53.6288,1.0657,0.5473,20.3917,15.1872,0.6595,0.312,664,1
E02002119,Walsall 010,4,5929,22.5264,0.2451,0.1579,29.9662,0.4519,0.1198,15.2949,15.7903,0.3834,0.202,2639,4
E02002120,Walsall 011,4,6097,18.7491,0.2201,0.1431,24.6424,0.0335,-0.1952,14.9493,9.9331,0.3623,0.1365,3340,5
E02002121,Walsall 012,4,6654,49.4919,0.4985,0.2813,57.3297,1.2387,1.1162,13.6273,25.5612,0.6572,0.4267,345,1
E02002122,Walsall 013,4,7195,47.4539,0.5559,0.276,53.4341,1.0564,1.0125,14.0922,12.363,0.7589,0.5141,415,1
E02002123,Walsall 014,4,6601,30.2069,0.319,0.2006,33.4561,0.6052,0.4353,16.4578,17.2133,0.4681,0.2201,1528,3
E02002124,Walsall 015,4,6948,20.504,0.237,0.1533,24.2734,0.2521,0.0348,11.1818,16.3434,0.3378,0.2189,2957,5
E02002125,Walsall 016,4,6472,26.8012,0.2993,0.1852,30.1403,0.7499,0.1773,14.9604,18.6784,0.452,0.2243,1963,3
E02002126,Walsall 017,4,6638,54.5199,0.5391,0.3349,64.2401,1.2431,0.7245,15.3968,28.5238,0.6597,0.4775,198,1
E02002127,Walsall 018,4,10050,45.7873,0.5466,0.2574,49.7357,1.0879,0.7614,15.2829,21.541,0.7399,0.4921,476,1
E02002128,Walsall 019,4,5785,26.7288,0.2762,0.1771,36.2159,0.5541,0.5253,13.2051,14.2638,0.4539,0.1764,1972,3
E02002129,Walsall 020,4,6004,22.5868,0.2332,0.1566,31.8694,0.3538,0.1058,14.3282,18.5316,0.3603,0.165,2631,4
E02002130,Walsall 021,4,6900,45.985,0.5301,0.2642,50.4596,0.9039,0.7186,13.3168,24.0313,0.7025,0.4072,466,1
E02002131,Walsall 022,5,7669,7.2145,0.0914,0.0749,6.064,-0.2948,-0.7186,10.9125,14.1621,0.1446,0.0726,6282,10
E02002132,Walsall 023,4,6479,36.8265,0.4106,0.2396,49.0107,0.9042,0.5305,11.9189,14.9332,0.5729,0.3231,952,2
E02002133,Walsall 024,4,6879,32.2105,0.3477,0.2232,22.5659,0.5846,0.4864,10.272,28.8144,0.5183,0.2794,1329,2
E02002134,Walsall 025,5,9313,38.5922,0.4155,0.2422,49.7874,0.9261,0.6137,16.1133,21.6693,0.5986,0.3113,823,2
E02002135,Walsall 026,4,8218,44.1529,0.5295,0.2429,52.0779,0.8022,0.7135,18.1875,30.1198,0.7255,0.4211,548,1
E02002136,Walsall 027,4,8204,34.2199,0.3622,0.2131,38.9137,0.6526,0.9458,14.0835,27.165,0.5101,0.2732,1143,2
E02002137,Walsall 028,4,6168,4.3099,0.0616,0.052,4.8818,-0.6694,-1.1992,14.8057,11.9687,0.1044,0.0446,6720,10
E02002138,Walsall 029,4,6462,23.1414,0.2946,0.1462,23.5976,-0.0406,-0.1484,12.8005,37.0397,0.4725,0.1858,2521,4
E02002139,Walsall 030,6,11065,49.1233,0.5071,0.279,45.5662,0.8747,1.1394,20.1995,36.4378,0.662,0.475,361,1
E02002140,Walsall 031,5,8660,46.1961,0.5412,0.2402,49.9816,0.7368,0.8702,16.8389,41.8276,0.744,0.4445,459,1
E02002141,Walsall 032,4,6520,5.5466,0.0787,0.0609,7.1694,-0.4927,-0.8856,14.3958,9.7111,0.12,0.0577,6558,10
E02002142,Walsall 033,4,7617,44.5101,0.5013,0.2513,46.7022,0.9311,0.9044,18.9356,34.8354,0.6451,0.4031,527,1
E02002143,Walsall 034,6,10329,49.9767,0.6323,0.2567,48.7928,0.6617,0.4824,21.2132,46.4257,0.8243,0.4957,321,1
E02002144,Walsall 035,4,6970,7.3018,0.1036,0.0735,6.2301,-0.7086,-0.5306,17.765,10.8616,0.1571,0.0791,6260,10
E02002145,Walsall 036,4,8606,40.6055,0.4514,0.252,45.5822,0.886,0.6652,16.6987,24.9705,0.599,0.3605,707,2
E02002146,Walsall 037,4,6466,31.9281,0.4112,0.1929,35.8815,0.5288,0.1994,15.2436,27.515,0.5936,0.3253,1358,2
E02002147,Walsall 038,5,9387,37.4886,0.4377,0.2328,43.9347,0.943,0.4472,17.0564,17.1861,0.5939,0.3559,898,2
E02002148,Walsall 039,7,11523,11.4249,0.1469,0.0909,13.3447,-0.1512,-0.2631,9.6711,16.8709,0.2601,0.0975,5197,8
E02002149,Wolverhampton 001,7,10183,26.3186,0.2964,0.1839,24.3169,0.489,0.1508,21.7133,14.0937,0.4312,0.2148,2029,3
E02002150,Wolverhampton 002,4,5782,26.8887,0.3209,0.1844,23.1638,0.5781,-0.0416,24.2132,13.3078,0.4493,0.2688,1945,3
E02002151,Wolverhampton 003,4,5630,38.0549,0.409,0.2488,30.7247,0.9634,0.25,32.716,6.8136,0.532,0.4168,860,2
E02002152,Wolverhampton 004,4,6249,48.1514,0.5142,0.2997,44.5807,1.3825,0.9135,22.2721,7.4739,0.6547,0.4708,388,1
E02002153,Wolverhampton 005,5,7633,30.9632,0.3301,0.2151,33.8024,0.6969,0.4382,22.8882,6.6022,0.4922,0.2645,1452,3
E02002154,Wolverhampton 006,5,7728,26.084,0.3259,0.1715,18.8871,0.5105,0.3837,22.1942,15.343,0.4894,0.3209,2072,4
E02002155,Wolverhampton 007,4,6761,49.9245,0.5725,0.3091,43.2171,1.2867,0.8358,23.1334,7.6325,0.7021,0.4907,322,1
E02002156,Wolverhampton 008,5,8360,23.2186,0.2702,0.1615,23.7436,0.4784,0.1731,15.8094,18.2099,0.405,0.2315,2509,4
E02002157,Wolverhampton 009,5,7851,14.1836,0.1556,0.1093,9.9761,-0.0732,-0.059,18.1442,23.5556,0.2125,0.1289,4419,7
E02002158,Wolverhampton 010,5,7852,30.5155,0.3217,0.2144,31.6573,0.7298,0.4625,18.5569,15.0383,0.5059,0.1923,1504,3
E02002159,Wolverhampton 011,4,6128,45.8635,0.499,0.2683,44.57,0.9561,0.9285,22.2119,25.5727,0.6366,0.3859,472,1
E02002160,Wolverhampton 012,4,7672,22.3734,0.243,0.1461,25.7167,0.456,-0.0329,18.8593,20.7024,0.3753,0.2007,2657,4
E02002161,Wolverhampton 013,4,7207,41.1067,0.4878,0.2279,35.4979,0.675,0.7917,33.041,23.3408,0.6751,0.439,680,1
E02002162,Wolverhampton 014,5,7875,12.6686,0.1579,0.1074,10.1229,0.0351,-0.5557,15.817,15.4526,0.2527,0.1203,4826,8
E02002163,Wolverhampton 015,6,12035,45.703,0.5101,0.2712,39.0967,0.934,0.6559,27.4275,26.6585,0.6898,0.4534,483,1
E02002164,Wolverhampton 016,4,6758,55.0374,0.5622,0.2763,50.3417,1.0099,1.2483,34.1778,42.1861,0.794,0.593,186,1
E02002165,Wolverhampton 017,5,7918,40.3069,0.364,0.2273,26.7543,0.8589,0.9253,24.8344,60.582,0.5457,0.2751,725,2
E02002166,Wolverhampton 018,6,9360,44.2371,0.4903,0.2706,41.0657,1.1205,0.8583,22.5271,18.6628,0.621,0.43,542,1
E02002167,Wolverhampton 019,4,6649,15.3058,0.1796,0.1211,13.4685,-0.0733,-0.3425,20.1458,13.6234,0.2805,0.1355,4134,7
E02002168,Wolverhampton 020,7,11980,47.7628,0.4699,0.273,38.9842,1.0982,1.1899,24.6675,41.6092,0.6717,0.5314,403,1
E02002169,Wolverhampton 021,6,8890,11.9375,0.1374,0.1037,8.2127,-0.0699,-0.266,14.3129,20.5728,0.2134,0.0965,5043,8
E02002170,Wolverhampton 022,4,6362,34.619,0.3629,0.2134,36.7978,0.6578,0.5399,20.419,22.4655,0.4876,0.3081,1113,2
E02002171,Wolverhampton 023,5,7850,36.9364,0.4115,0.2371,38.2213,0.941,0.6566,20.541,19.1447,0.6106,0.2906,943,2
E02002174,Wolverhampton 026,5,7653,17.8898,0.194,0.1278,13.8929,0.2044,0.0184,13.9393,28.6875,0.2778,0.1591,3514,6
E02002175,Wolverhampton 027,4,8094,46.0431,0.4884,0.2687,45.4527,1.0185,0.9613,20.3382,31.7735,0.6622,0.4308,464,1
E02002176,Wolverhampton 028,5,7867,24.5007,0.2878,0.1831,22.3939,0.2544,0.1248,18.1486,9.0202,0.3824,0.2323,2304,4
E02002177,Wolverhampton 029,5,12173,36.7354,0.4267,0.234,33.3725,0.7164,0.8653,22.3339,18.9809,0.5793,0.3911,961,2
E02002178,Wolverhampton 030,5,8207,18.4037,0.1923,0.1227,19.74,0.1164,0.0663,19.4204,23.7822,0.2994,0.1471,3405,5
E02002179,Wolverhampton 031,4,6529,12.3489,0.1489,0.1006,8.2539,-0.1547,-0.1425,17.1227,17.1114,0.2122,0.1152,4930,8
E02002180,Wolverhampton 032,4,6587,25.7134,0.2835,0.1819,28.7599,0.4275,0.0582,20.9898,13.0572,0.4027,0.2171,2116,4
E02002181,Wolverhampton 033,4,8480,36.7702,0.4202,0.2394,35.4442,0.8945,0.8122,21.5674,9.6303,0.5604,0.3525,958,2
E02002182,Wolverhampton 034,4,6685,30.8255,0.3278,0.1981,34.8737,0.7582,0.5363,20.1665,18.3267,0.4812,0.2608,1467,3
E02002183,Bradford 001,4,5738,6.7131,0.066,0.0553,3.7255,-0.6597,-0.7087,18.5982,21.561,0.0774,0.0605,6369,10
E02002184,Bradford 002,8,13215,6.6912,0.0719,0.0551,3.5752,-0.7527,-0.6232,10.3233,20.9314,0.0994,0.061,6374,10
E02002185,Bradford 003,4,5789,7.2799,0.0801,0.0584,2.5302,-0.5334,-0.5671,18.6156,17.2583,0.0991,0.0746,6266,10
E02002187,Bradford 005,4,6379,4.2085,0.0606,0.0449,1.3325,-0.9813,-0.9334,15.8841,14.2666,0.0995,0.0361,6734,10
E02002188,Bradford 006,4,7882,12.872,0.1271,0.0841,13.6307,-0.2501,-0.3347,22.4223,27.4765,0.1937,0.0759,4779,7
E02002189,Bradford 007,4,7158,35.2021,0.3444,0.1753,44.1254,0.6907,0.6228,17.9287,46.3865,0.488,0.2369,1064,2
E02002190,Bradford 008,7,12173,49.5671,0.4702,0.2388,55.091,1.0401,0.8586,20.2667,61.347,0.6108,0.4027,340,1
E02002191,Bradford 009,6,9779,54.1617,0.5201,0.2691,57.4401,1.3684,1.4269,17.0312,43.6483,0.7062,0.378,203,1
E02002192,Bradford 010,5,9093,6.9784,0.0885,0.0663,5.4838,-0.5254,-0.7023,15.5883,12.3709,0.1153,0.0868,6331,10
E02002193,Bradford 011,4,6493,50.3834,0.4636,0.264,51.3365,1.4561,1.4075,16.8203,40.2265,0.6435,0.3459,309,1
E02002194,Bradford 012,5,7601,32.163,0.3146,0.1905,40.946,0.7648,0.598,18.6395,16.9582,0.4832,0.2014,1339,2
E02002195,Bradford 013,4,6472,8.0873,0.0972,0.0701,6.0001,-0.4576,-0.2069,13.6386,20.4151,0.1466,0.0827,6078,9
E02002196,Bradford 014,4,6506,20.4339,0.1959,0.1213,17.5668,0.1432,0.2343,25.7582,26.513,0.3097,0.1296,2976,5
E02002197,Bradford 015,5,8966,18.2129,0.1817,0.1154,13.2512,0.1976,0.5093,7.6712,33.2707,0.2812,0.1604,3452,6
E02002198,Bradford 016,5,8644,18.8786,0.1875,0.125,20.8367,0.1428,0.33,10.3349,21.5384,0.2822,0.1569,3301,5
E02002199,Bradford 017,4,7564,9.4258,0.0977,0.0682,8.926,-0.2132,0.2055,10.6674,18.5511,0.1369,0.0932,5729,9
E02002200,Bradford 018,6,9107,16.8366,0.1451,0.1108,12.9104,0.1659,0.3376,9.1005,31.3393,0.2016,0.1047,3748,6
E02002201,Bradford 019,7,12247,22.4984,0.2109,0.1457,22.521,0.251,0.7276,11.135,19.495,0.282,0.1878,2641,4
E02002202,Bradford 020,5,7648,30.6349,0.2436,0.1649,26.9789,0.9368,0.9045,7.9919,46.6352,0.3312,0.2624,1495,3
E02002203,Bradford 021,5,7761,35.6287,0.3398,0.2231,41.3583,0.7761,1.2334,10.094,22.4755,0.4861,0.2474,1031,2
E02002204,Bradford 022,7,11500,13.6831,0.1468,0.0914,11.1229,0.0003,-0.1582,20.7616,19.672,0.2331,0.1011,4544,7
E02002205,Bradford 023,6,9904,18.5991,0.134,0.0968,12.9818,0.0953,-0.0053,28.56,44.0223,0.215,0.1112,3372,5
E02002206,Bradford 024,5,8946,25.5127,0.2643,0.1519,35.1454,0.405,0.6721,11.2288,21.64,0.3847,0.1959,2151,4
E02002207,Bradford 025,4,7520,38.8538,0.391,0.2005,39.9056,0.7083,0.8869,14.1067,57.708,0.5184,0.2968,809,2
E02002208,Bradford 026,5,8176,40.4066,0.3694,0.2223,50.6346,0.9245,1.2644,12.1718,27.7818,0.5231,0.2585,720,2
E02002209,Bradford 027,4,7161,56.4399,0.5463,0.296,66.09,1.377,1.8966,18.5136,9.2374,0.7002,0.4576,153,1
E02002210,Bradford 028,5,7857,29.6557,0.3508,0.1772,37.0276,0.4456,0.796,16.6593,19.8149,0.5151,0.1862,1593,3
E02002211,Bradford 029,4,7842,36.5451,0.38,0.1943,40.2891,0.6189,0.6935,19.2859,47.6567,0.5246,0.2751,972,2
E02002212,Bradford 030,5,9838,46.4736,0.503,0.2613,56.1751,0.8195,0.8897,24.2142,20.4266,0.5792,0.4589,446,1
E02002213,Bradford 031,4,7753,22.2555,0.2127,0.1211,19.6585,0.2691,0.3955,31.5616,24.3217,0.3583,0.1555,2679,4
E02002214,Bradford 032,4,6831,27.607,0.3072,0.1575,34.3587,0.3518,0.8272,11.4006,30.231,0.4575,0.1507,1855,3
E02002215,Bradford 033,5,10841,47.3246,0.4641,0.2374,59.3877,0.8712,0.4895,22.9194,59.6407,0.5833,0.499,418,1
E02002216,Bradford 034,5,10423,60.0439,0.5563,0.278,68.0467,1.2438,0.9294,27.5702,65.8059,0.6856,0.5393,90,1
E02002217,Bradford 035,5,10680,52.8191,0.5003,0.2479,61.8013,1.0748,1.1524,21.4975,60.8791,0.6341,0.4878,242,1
E02002218,Bradford 036,6,10332,38.8962,0.4132,0.2291,38.9416,0.8525,0.948,20.8286,19.0094,0.5494,0.2754,807,2
E02002219,Bradford 037,4,8349,57.5625,0.5608,0.2785,69.9605,1.0258,0.7593,24.1708,60.1254,0.6693,0.505,123,1
E02002220,Bradford 038,5,9654,53.0025,0.5515,0.2502,62.0087,0.9892,0.8436,25.009,50.7551,0.6792,0.5312,238,1
E02002222,Bradford 040,5,9232,42.3217,0.449,0.2481,51.9524,0.8385,0.901,20.4879,19.0448,0.5539,0.3075,617,1
E02002223,Bradford 041,4,7916,64.2644,0.6226,0.3241,76.5293,1.1008,0.8577,27.5782,55.9463,0.7465,0.6002,33,1
E02002224,Bradford 042,5,11050,61.2695,0.5921,0.2715,67.2314,1.0749,0.9857,28.1864,73.6579,0.715,0.5885,75,1
E02002225,Bradford 043,5,8499,27.9071,0.2597,0.165,24.9166,0.4937,0.7569,25.5954,31.3195,0.398,0.1819,1821,3
E02002226,Bradford 044,7,14059,51.7301,0.4951,0.2334,56.8683,0.8412,0.8867,23.2848,77.5848,0.6429,0.5083,276,1
E02002227,Bradford 045,4,6198,68.1857,0.644,0.3389,78.8559,1.1977,1.2836,20.9827,65.3698,0.8013,0.5602,16,1
E02002228,Bradford 046,4,7744,55.9946,0.5042,0.2983,71.8383,1.3651,1.2931,18.7546,33.7721,0.6473,0.4631,160,1
E02002229,Bradford 047,5,8343,29.0486,0.2532,0.1725,31.082,0.5715,0.84,18.0082,27.489,0.345,0.2057,1685,3
E02002230,Bradford 048,5,8602,65.5215,0.6194,0.3356,68.6086,1.1897,1.3285,22.1898,60.2428,0.677,0.6454,28,1
E02002231,Bradford 049,7,13440,38.6198,0.4014,0.2154,43.2956,0.706,0.8544,18.172,30.8476,0.5284,0.3018,819,2
E02002232,Bradford 050,4,7363,63.1271,0.5979,0.3178,69.0088,1.1946,1.4587,18.1669,57.8927,0.7418,0.415,48,1
E02002233,Bradford 051,5,9820,59.0427,0.6259,0.283,66.8536,1.0476,1.021,22.7066,52.2921,0.7578,0.6145,101,1
E02002234,Bradford 052,5,7612,75.4824,0.6956,0.4211,84.8964,1.8748,2.2454,21.0514,13.5996,0.8451,0.5731,4,1
E02002235,Bradford 053,4,7048,56.9104,0.5548,0.2852,64.6789,0.9969,1.1854,19.5793,54.806,0.6655,0.4888,140,1
E02002236,Bradford 054,4,6653,28.8914,0.3153,0.159,31.2889,0.4432,0.6987,14.9031,41.4318,0.4471,0.1934,1704,3
E02002237,Bradford 055,5,8984,35.2487,0.3793,0.2009,45.2781,0.6675,0.9541,14.9545,22.9576,0.5391,0.2488,1058,2
E02002238,Bradford 056,4,6691,48.0759,0.4635,0.2534,60.0985,0.7825,1.4253,15.7527,42.2027,0.6303,0.3239,392,1
E02002239,Bradford 057,5,11015,33.7437,0.3379,0.1931,40.6992,0.6801,0.905,17.618,22.4844,0.4621,0.2978,1182,2
E02002240,Bradford 058,7,11653,19.2485,0.1732,0.1179,14.8814,0.3221,0.3062,21.7119,28.405,0.2517,0.1378,3212,5
E02002241,Bradford 059,8,12370,39.4444,0.3687,0.22,44.8546,0.9146,1.3941,18.2488,19.4735,0.5188,0.2819,773,2
E02002242,Bradford 060,5,8011,22.6672,0.2129,0.1367,28.7386,0.3679,0.4947,19.023,25.8365,0.3721,0.1464,2613,4
E02002243,Bradford 061,6,9698,34.7255,0.3253,0.2031,37.0893,0.7979,1.1106,15.9403,27.6839,0.501,0.1978,1106,2
E02002244,Calderdale 001,4,6110,20.0909,0.2029,0.138,15.7961,0.3105,0.5854,19.6318,14.089,0.3054,0.1242,3029,5
E02002245,Calderdale 002,4,5661,54.9087,0.5159,0.3273,51.7595,1.3185,1.5978,28.0075,9.0521,0.6897,0.3133,189,1
E02002246,Calderdale 003,6,9606,10.6256,0.1004,0.0737,9.7054,-0.4559,-0.0751,19.9856,26.745,0.1531,0.083,5422,8
E02002247,Calderdale 004,6,8862,18.5573,0.1466,0.1045,4.0402,-0.0787,-0.1792,26.2505,53.7875,0.226,0.1228,3376,5
E02002248,Calderdale 005,5,7838,41.0933,0.3841,0.2482,36.906,0.9765,1.411,21.0131,20.0561,0.5261,0.2613,681,1
E02002249,Calderdale 006,4,5554,51.817,0.4827,0.2933,44.3691,1.1641,1.5963,22.8377,33.9845,0.6581,0.3436,272,1
E02002250,Calderdale 007,5,8160,21.4072,0.1807,0.1288,11.8035,-0.045,0.3066,25.9564,44.4825,0.27,0.1266,2808,5
E02002251,Calderdale 008,5,8207,43.0874,0.3605,0.256,27.589,1.3097,1.2279,19.9222,46.3772,0.479,0.2988,583,1
E02002252,Calderdale 009,4,6877,22.3343,0.2559,0.1436,20.1782,0.0328,0.3833,20.1428,19.4478,0.4152,0.1141,2667,4
E02002253,Calderdale 010,4,8737,44.8189,0.5057,0.2368,46.59,0.5371,1.091,15.5342,52.0622,0.6826,0.2728,513,1
E02002254,Calderdale 011,4,6307,9.3537,0.1126,0.0777,5.5297,-0.4498,-0.3128,13.5674,26.8026,0.1818,0.0727,5753,9
E02002255,Calderdale 012,5,7826,65.7045,0.6315,0.3389,59.8111,1.7088,1.108,17.2078,63.9427,0.6679,0.7608,27,1
E02002256,Calderdale 013,6,9401,32.1498,0.2805,0.1813,18.1548,0.5213,0.6925,28.0474,56.0549,0.4061,0.2083,1341,2
E02002257,Calderdale 014,4,6656,52.2012,0.5318,0.2677,54.8857,0.8262,0.832,13.8014,71.9038,0.6545,0.4276,259,1
E02002258,Calderdale 015,5,8837,18.2427,0.187,0.1233,14.8473,-0.0373,0.2758,12.9898,32.954,0.2619,0.1488,3442,6
E02002259,Calderdale 016,4,7281,20.7097,0.2066,0.131,14.2156,0.0674,0.1321,7.5096,47.9406,0.3007,0.1514,2923,5
E02002260,Calderdale 017,6,9202,24.1809,0.2255,0.1539,20.5611,0.3755,0.4332,9.7672,43.5683,0.3387,0.1793,2354,4
E02002261,Calderdale 018,5,7844,26.3483,0.256,0.1576,26.3387,0.5377,0.5279,17.3571,35.3284,0.3852,0.2052,2020,3
E02002262,Calderdale 019,5,7569,23.7529,0.2114,0.1472,20.3147,0.3877,0.3762,10.4151,37.8603,0.3106,0.1683,2441,4
E02002263,Calderdale 020,4,6453,28.259,0.2594,0.175,21.7234,0.358,0.6217,21.171,37.0635,0.3514,0.1796,1775,3
E02002264,Calderdale 021,4,7131,13.7033,0.1349,0.0948,4.8897,-0.1605,0.0402,10.6964,42.2213,0.1892,0.0845,4541,7
E02002265,Calderdale 022,4,5591,22.8019,0.1938,0.1316,12.4703,0.3724,0.1389,26.581,46.1006,0.298,0.1547,2586,4
E02002266,Calderdale 023,4,5743,15.9764,0.1469,0.1139,14.364,0.1858,-0.2242,9.8106,25.8138,0.1954,0.1148,3947,6
E02002267,Calderdale 024,5,8026,20.073,0.2095,0.1433,19.4869,0.213,0.4237,14.6675,18.6278,0.3024,0.1616,3033,5
E02002268,Calderdale 025,6,10329,28.2865,0.2756,0.1742,27.6137,0.4428,0.4981,13.5321,38.5832,0.4167,0.2015,1770,3
E02002269,Calderdale 026,6,9436,15.7407,0.1529,0.0965,10.2783,-0.0191,-0.0504,20.6451,32.2704,0.2489,0.1157,4018,6
E02002270,Calderdale 027,5,8416,11.7966,0.0899,0.0591,4.4291,-0.6134,-0.447,29.6281,39.6954,0.1425,0.0687,5093,8
E02002271,Kirklees 001,5,7735,9.9614,0.11,0.0757,7.0715,-0.3185,-0.0189,14.174,25.0203,0.1664,0.0921,5592,9
E02002272,Kirklees 002,6,9815,26.4047,0.2778,0.1645,26.9514,0.4042,0.8241,13.2681,19.0641,0.4298,0.191,2009,3
E02002273,Kirklees 003,4,6610,16.1988,0.1608,0.1098,15.8063,-0.115,-0.0271,22.4628,21.9398,0.2666,0.1081,3899,6
E02002274,Kirklees 004,4,6841,15.0321,0.1506,0.1039,12.7328,-0.0086,0.3374,17.4582,19.8362,0.2094,0.1248,4199,7
E02002275,Kirklees 005,5,8738,26.3435,0.2416,0.1602,21.3493,0.5772,0.8855,14.8285,30.4103,0.3259,0.1998,2023,3
E02002276,Kirklees 006,5,7827,25.4868,0.2757,0.148,31.3553,0.2689,0.697,17.4919,20.7845,0.3985,0.1987,2154,4
E02002277,Kirklees 007,4,6842,29.8632,0.3491,0.1673,32.7329,0.3804,0.4108,21.1912,32.4749,0.5342,0.2181,1571,3
E02002278,Kirklees 008,4,6889,24.4357,0.2578,0.1505,24.836,0.1922,0.5502,21.6732,16.3218,0.3545,0.1956,2319,4
E02002279,Kirklees 009,4,6229,35.663,0.3637,0.2059,38.5055,0.8193,1.0088,17.6225,30.0818,0.5318,0.2605,1027,2
E02002280,Kirklees 010,4,6888,48.1109,0.502,0.2541,59.1498,1.005,1.0714,21.7305,32.1139,0.6358,0.4857,391,1
E02002281,Kirklees 011,7,11738,33.8702,0.3643,0.1931,45.2708,0.6045,0.6971,12.9554,29.5188,0.4951,0.2827,1170,2
E02002282,Kirklees 012,4,7623,34.7757,0.4161,0.1883,45.0078,0.5757,0.7743,16.8969,26.5065,0.5438,0.3236,1099,2
E02002283,Kirklees 013,5,7119,36.1266,0.4259,0.1836,43.5013,0.5609,0.324,19.2891,46.1757,0.5642,0.4789,994,2
E02002284,Kirklees 014,4,6286,22.8425,0.2404,0.1321,22.9301,0.0896,0.4986,22.1256,26.7121,0.4198,0.1184,2580,4
E02002285,Kirklees 015,5,7924,14.5907,0.1411,0.1015,13.7074,-0.0097,0.1378,14.9823,25.802,0.2041,0.0963,4319,7
E02002286,Kirklees 016,4,6252,40.4009,0.4275,0.2263,46.9232,0.7483,1.3421,18.7442,21.8585,0.5712,0.2868,721,2
E02002287,Kirklees 017,4,7413,43.8106,0.4403,0.2277,39.7646,0.9104,1.1802,20.9523,44.1549,0.5647,0.3659,555,1
E02002288,Kirklees 018,6,10261,33.9865,0.3365,0.195,38.7906,0.7232,0.8759,23.9096,17.8798,0.4634,0.2657,1160,2
E02002289,Kirklees 019,4,7009,50.7321,0.5428,0.2503,62.0399,0.919,1.0499,24.2626,31.076,0.6764,0.4856,302,1
E02002290,Kirklees 020,4,6360,10.8156,0.1218,0.088,9.0541,-0.2635,-0.1748,13.1202,16.9149,0.1848,0.0797,5372,8
E02002291,Kirklees 021,4,6697,17.091,0.1805,0.121,19.2321,-0.0366,0.321,14.8361,14.7737,0.252,0.1155,3682,6
E02002292,Kirklees 022,4,5675,17.1406,0.173,0.1224,13.4229,0.1202,0.1884,21.6618,16.4177,0.2921,0.1137,3671,6
E02002293,Kirklees 023,5,8823,54.1064,0.5723,0.2541,65.3451,1.0964,0.9632,26.9835,37.4104,0.687,0.5773,208,1
E02002294,Kirklees 024,6,11114,35.1909,0.4138,0.1839,45.7767,0.5666,0.1259,21.0926,37.3519,0.5102,0.4429,1066,2
E02002295,Kirklees 025,4,7201,43.4353,0.4531,0.2704,38.8554,1.0893,0.8839,27.5387,17.1634,0.5925,0.3988,566,1
E02002296,Kirklees 026,4,6831,15.2677,0.1653,0.1165,11.1056,-0.0164,0.2064,13.4215,21.6105,0.2473,0.1469,4146,7
E02002297,Kirklees 027,4,7160,15.2842,0.1906,0.1112,11.5193,-0.1231,-0.0608,21.6247,16.9932,0.321,0.1004,4141,7
E02002298,Kirklees 028,5,6644,33.3055,0.3117,0.2006,33.7895,0.5419,0.8515,28.3826,15.4408,0.4447,0.2047,1219,2
E02002299,Kirklees 029,4,7500,51.5057,0.5135,0.2614,48.4582,1.2057,1.1904,27.652,43.1436,0.7718,0.4693,288,1
E02002300,Kirklees 030,5,8837,9.0799,0.1219,0.0911,5.9274,-0.3653,-0.3285,10.5299,13.2462,0.1765,0.091,5825,9
E02002301,Kirklees 031,4,8499,42.9632,0.4412,0.2232,40.6726,0.8036,0.7242,25.5494,53.7668,0.5527,0.397,588,1
E02002302,Kirklees 032,4,6219,11.2778,0.1172,0.0779,9.7245,-0.3333,-0.0687,22.2126,19.2808,0.1886,0.0742,5237,8
E02002303,Kirklees 033,4,6712,18.5942,0.2094,0.1366,11.1137,0.333,0.0513,10.8862,30.7306,0.3048,0.1786,3373,5
E02002304,Kirklees 034,4,6900,27.995,0.2549,0.1521,13.6999,0.5018,0.7792,15.2817,58.2233,0.4218,0.2363,1811,3
E02002305,Kirklees 035,4,6201,40.2241,0.4012,0.2503,39.3964,0.8707,0.8728,15.72,24.9263,0.5387,0.2849,731,2
E02002306,Kirklees 036,4,6244,12.3605,0.1291,0.0795,7.9561,-0.3169,-0.2124,22.5002,27.055,0.2339,0.0813,4923,8
E02002307,Kirklees 037,4,5970,24.9415,0.2603,0.1707,29.154,0.516,0.6017,12.5829,20.8318,0.3971,0.1672,2224,4
E02002308,Kirklees 038,4,6860,17.7812,0.186,0.1192,15.1415,0.0297,0.3202,14.293,27.3893,0.2986,0.1229,3534,6
E02002309,Kirklees 039,4,6960,37.0917,0.3786,0.2117,27.0745,0.8576,1.1364,13.3214,44.2868,0.4896,0.3361,929,2
E02002310,Kirklees 040,4,5944,29.5393,0.2971,0.1783,30.0209,0.6843,0.7155,12.9205,30.4642,0.4415,0.1993,1618,3
E02002311,Kirklees 041,4,6564,26.43,0.2497,0.1697,22.0157,0.3513,0.4084,23.6857,25.3928,0.3614,0.1662,2006,3
E02002312,Kirklees 042,4,8366,29.8689,0.3116,0.1691,28.4339,0.7494,0.7411,17.2759,30.0512,0.5313,0.3329,1568,3
E02002313,Kirklees 043,4,8027,47.6834,0.493,0.2465,50.3023,0.8777,0.7257,20.2544,61.2642,0.5962,0.4767,408,1
E02002314,Kirklees 044,4,5886,20.4245,0.2055,0.1339,20.3592,0.1056,0.5163,15.8513,22.8705,0.3426,0.1135,2978,5
E02002315,Kirklees 045,4,6775,27.5248,0.2526,0.163,26.1443,0.5076,0.4808,17.4633,46.4247,0.3981,0.1714,1863,3
E02002316,Kirklees 046,4,6782,12.8232,0.1373,0.0997,10.7844,-0.41,-0.2847,23.7499,18.1285,0.2183,0.0935,4793,7
E02002317,Kirklees 047,4,7754,36.2481,0.4257,0.225,35.3226,0.6781,0.5827,15.5588,27.582,0.5839,0.3283,989,2
E02002318,Kirklees 048,4,6276,32.6505,0.3228,0.2156,26.897,0.7488,0.9786,12.6904,25.9599,0.4709,0.2328,1290,2
E02002319,Kirklees 049,4,7076,17.9398,0.1658,0.1075,12.5098,0.0061,0.2136,24.7789,35.1527,0.2528,0.1198,3504,6
E02002320,Kirklees 050,4,6033,20.0479,0.1645,0.1548,11.3702,0.2506,0.1885,17.3822,26.2383,0.2397,0.1097,3040,5
E02002321,Kirklees 051,4,6929,8.6985,0.0881,0.0629,5.9843,-0.5834,-0.5101,22.3466,20.6646,0.1368,0.0751,5922,9
E02002322,Kirklees 052,4,6309,19.9478,0.1496,0.118,13.1277,0.0026,0.1066,27.5362,45.7894,0.2357,0.1085,3063,5
E02002323,Kirklees 053,5,8349,11.321,0.1303,0.0883,9.4544,-0.3469,-0.3485,18.7474,21.1233,0.2149,0.1057,5225,8
E02002324,Kirklees 054,4,6622,13.0067,0.1435,0.101,8.5334,-0.205,-0.5248,26.0932,15.6616,0.2097,0.1196,4736,7
E02002325,Kirklees 055,5,9300,13.5616,0.1534,0.1067,12.9643,-0.1966,-0.1053,17.8925,15.9863,0.2276,0.0997,4582,7
E02002326,Kirklees 056,4,5924,7.358,0.0759,0.0554,3.3526,-0.6844,-0.6578,24.4219,19.559,0.1259,0.0472,6247,10
E02002327,Kirklees 057,6,10109,10.5661,0.1061,0.0761,5.1638,-0.2888,-0.4701,27.5609,18.1302,0.1622,0.0806,5437,8
E02002328,Kirklees 058,4,7013,9.912,0.0998,0.0724,3.6058,-0.72,-0.2012,25.6159,23.9217,0.1606,0.0634,5604,9
E02002329,Kirklees 059,7,12310,11.3863,0.112,0.0771,7.3875,-0.6288,-0.2356,25.1292,25.0555,0.1849,0.0605,5210,8
E02002330,Leeds 001,5,6942,3.2458,0.0501,0.0487,2.7327,-0.8945,-1.3203,15.3698,3.3864,0.068,0.0311,6806,10
E02002331,Leeds 002,4,7361,14.1913,0.1509,0.1057,14.5811,0.1946,-0.0169,17.0192,11.8325,0.203,0.1663,4416,7
E02002332,Leeds 003,4,6504,13.8512,0.165,0.1104,15.9087,-0.4374,-0.137,18.2227,12.1425,0.2269,0.119,4498,7
E02002333,Leeds 004,5,7811,10.7709,0.1134,0.0797,5.8786,-0.4057,-0.4749,10.2254,38.7131,0.1609,0.1031,5387,8
E02002334,Leeds 005,5,7606,8.8506,0.0989,0.069,4.7787,-0.5545,-0.3951,23.9221,15.5341,0.1343,0.0833,5882,9
E02002335,Leeds 006,5,7582,5.8492,0.0493,0.0394,1.5137,-1.3541,-0.7318,29.3991,14.0507,0.0658,0.0409,6509,10
E02002336,Leeds 007,4,7147,7.2965,0.0854,0.0543,1.6042,-1.041,-0.7452,26.0563,22.3868,0.1389,0.0614,6261,10
E02002337,Leeds 008,4,7729,3.6107,0.0478,0.0399,1.9834,-1.2109,-0.7321,15.6386,12.7869,0.0646,0.0401,6778,10
E02002338,Leeds 009,4,7324,9.471,0.118,0.0721,9.1764,-0.5989,-0.099,9.7853,19.0338,0.1789,0.0943,5720,9
E02002339,Leeds 010,4,5708,24.4619,0.242,0.1577,25.6954,0.4278,0.8382,13.5046,22.6995,0.3391,0.194,2316,4
E02002340,Leeds 011,4,5985,13.1642,0.1475,0.098,15.5979,-0.142,-0.1808,9.2742,26.5287,0.2594,0.1157,4692,7
E02002341,Leeds 012,5,7548,3.9562,0.0553,0.0485,1.2651,-1.1172,-0.4727,15.0341,13.0726,0.0838,0.0405,6750,10
E02002342,Leeds 013,4,6235,13.2981,0.1628,0.1102,10.7767,-0.5055,-0.3555,15.496,5.834,0.2592,0.0899,4651,7
E02002343,Leeds 014,4,5859,7.118,0.0924,0.0645,3.0111,-0.4213,-0.4792,8.8845,25.2282,0.1104,0.114,6307,10
E02002344,Leeds 015,5,7930,6.6985,0.0968,0.0775,2.3748,-0.7862,-0.5954,13.6213,16.3758,0.1172,0.086,6373,10
E02002345,Leeds 016,4,6425,4.6637,0.0787,0.0573,2.6914,-0.941,-0.3223,12.465,10.1222,0.1319,0.0522,6682,10
E02002346,Leeds 017,4,6229,23.6851,0.2772,0.166,17.9694,0.3062,0.6745,15.2606,14.9569,0.3856,0.2023,2453,4
E02002347,Leeds 018,4,6605,31.3771,0.3592,0.2171,25.0734,0.4487,0.7976,13.8138,16.7557,0.417,0.343,1425,3
E02002348,Leeds 019,4,6657,20.4458,0.2595,0.1465,15.6048,-0.0281,0.3634,15.2036,15.1697,0.3732,0.2016,2971,5
E02002349,Leeds 020,4,5833,9.275,0.1005,0.0779,1.8248,-0.5689,0.3302,12.0203,24.1043,0.1284,0.1073,5769,9
E02002350,Leeds 021,4,6636,3.6774,0.0384,0.0367,0.8491,-1.1189,-0.5868,6.9084,19.698,0.0551,0.0372,6771,10
E02002351,Leeds 022,4,5640,6.6732,0.0582,0.0532,2.7639,-0.7562,-0.4714,25.7168,11.4832,0.0835,0.0568,6378,10
E02002352,Leeds 023,5,7774,7.541,0.1132,0.0679,2.6497,-0.6921,-0.4221,7.6967,25.2817,0.1285,0.1243,6201,10
E02002353,Leeds 024,4,6062,7.4599,0.1141,0.0828,2.2119,-0.6556,-0.468,6.6222,16.8108,0.1476,0.0978,6223,10
E02002354,Leeds 025,5,8303,16.1232,0.1968,0.1344,10.3159,-0.2592,-0.0833,8.3607,21.0209,0.2333,0.174,3914,6
E02002356,Leeds 027,5,9561,6.4826,0.075,0.0518,1.7923,-1.1605,-0.5782,11.9627,25.87,0.0841,0.0835,6418,10
E02002357,Leeds 028,5,8477,13.8149,0.1743,0.1049,8.7597,-0.1671,0.0606,8.6727,26.0159,0.2541,0.1525,4514,7
E02002358,Leeds 029,5,8675,21.8913,0.2345,0.1471,25.2048,0.3897,0.6245,12.6009,9.2653,0.3176,0.2186,2740,4
E02002359,Leeds 030,4,6762,9.6142,0.0936,0.0678,6.2825,-0.7066,-0.4433,30.6453,16.0889,0.1143,0.0936,5676,9
E02002360,Leeds 031,4,6968,13.1847,0.1715,0.1032,7.6724,-0.1173,0.0583,7.1119,19.5005,0.2143,0.2295,4680,7
E02002361,Leeds 032,4,6033,17.3284,0.1772,0.1197,8.498,-0.212,0.6208,10.3793,27.1967,0.2217,0.1564,3636,6
E02002362,Leeds 033,5,8153,35.1716,0.3782,0.2256,37.0675,0.752,0.9198,13.4751,16.1161,0.4925,0.3283,1069,2
E02002363,Leeds 034,4,7017,8.7839,0.0992,0.0614,2.796,-0.3692,-0.1457,6.9917,32.953,0.1648,0.132,5900,9
E02002364,Leeds 035,4,6007,55.4023,0.525,0.312,63.6171,1.3357,1.7526,15.757,16.7129,0.7152,0.39,177,1
E02002366,Leeds 037,5,8538,16.8791,0.2205,0.1141,17.546,-0.1858,0.3101,10.7208,23.5493,0.328,0.1899,3735,6
E02002367,Leeds 038,4,6353,40.3015,0.4486,0.25,33.8595,0.9182,1.1745,14.4692,25.5149,0.5755,0.466,726,2
E02002368,Leeds 039,5,8568,7.6629,0.0791,0.0593,3.311,-0.5301,-0.105,11.278,27.3937,0.0948,0.0989,6183,10
E02002369,Leeds 040,5,8103,42.9804,0.4554,0.2503,44.6587,0.9893,1.3722,13.2942,15.8647,0.5749,0.4346,587,1
E02002370,Leeds 041,4,7418,41.7974,0.41,0.2233,55.0837,1.0746,1.6396,9.7284,14.8165,0.568,0.3303,650,1
E02002371,Leeds 042,5,10695,38.4446,0.4257,0.215,32.774,0.5523,1.0059,13.0809,45.4771,0.5975,0.409,832,2
E02002373,Leeds 044,5,8659,13.7587,0.0814,0.0388,10.0043,0.1839,0.4785,9.609,51.6747,0.3559,0.2598,4525,7
E02002374,Leeds 045,4,6834,24.0307,0.2665,0.1324,19.8062,0.2695,0.8143,10.384,40.3597,0.5117,0.2728,2390,4
E02002375,Leeds 046,4,6558,40.2251,0.3944,0.2249,53.1258,0.7539,1.3822,16.7925,20.7669,0.538,0.3815,730,2
E02002376,Leeds 047,4,7865,48.617,0.534,0.2506,60.5114,0.8833,1.3319,17.8349,23.7717,0.6798,0.4911,376,1
E02002377,Leeds 048,4,7673,61.1419,0.6321,0.2523,73.2447,0.5441,1.5194,19.0259,78.9137,0.8693,0.6811,78,1
E02002379,Leeds 050,4,6052,49.866,0.4933,0.2745,55.1811,1.192,1.8876,9.836,16.9635,0.6246,0.5196,325,1
E02002380,Leeds 051,4,5534,21.2007,0.2227,0.135,24.3711,0.159,0.7553,9.6679,25.006,0.3365,0.1529,2843,5
E02002381,Leeds 052,4,6228,21.8243,0.232,0.1432,22.4765,0.1147,0.7892,12.3907,24.1199,0.3442,0.2093,2751,5
E02002382,Leeds 053,4,7363,74.2011,0.7438,0.3326,92.2667,0.7224,2.0036,20.581,78.9014,0.9388,0.6041,7,1
E02002383,Leeds 054,5,8009,23.4949,0.1238,0.057,28.4202,0.8157,0.7516,14.6407,60.8755,0.6014,0.6292,2472,4
E02002384,Leeds 055,6,12877,29.0767,0.3281,0.1431,25.4978,0.7216,0.7252,19.195,37.2761,0.5986,0.6343,1679,3
E02002385,Leeds 056,5,8635,28.1716,0.2175,0.1036,28.2099,0.5939,0.9711,14.9053,62.4963,0.6632,0.4731,1789,3
E02002386,Leeds 057,6,9176,11.0769,0.1073,0.0827,12.7459,-0.2321,0.2527,4.9885,20.0929,0.1594,0.0744,5304,8
E02002387,Leeds 058,4,6000,42.4119,0.3933,0.2263,52.3151,0.829,1.3453,13.0919,35.441,0.5919,0.2896,610,1
E02002388,Leeds 059,5,8173,34.9482,0.3622,0.2057,37.0258,0.6719,1.2647,16.7043,24.2738,0.5321,0.2564,1083,2
E02002389,Leeds 060,4,7835,42.9964,0.4661,0.2412,45.7128,0.8489,1.6569,14.2663,21.4853,0.6004,0.4123,586,1
E02002390,Leeds 061,4,7257,25.3333,0.2601,0.1523,32.5585,0.3143,1.1608,7.6691,17.181,0.3744,0.2371,2175,4
E02002391,Leeds 062,5,7837,15.8417,0.1597,0.1057,14.2875,0.0004,0.1006,6.919,34.7368,0.213,0.1579,3992,6
E02002392,Leeds 063,4,10955,17.3266,0.1209,0.0582,22.0584,0.6385,0.0255,18.9275,36.7947,0.7037,0.5774,3637,6
E02002393,Leeds 064,5,9012,52.6815,0.573,0.2676,49.4464,0.932,1.176,21.7036,48.4338,0.8046,0.6622,248,1
E02002394,Leeds 065,4,7764,63.1746,0.6255,0.3174,69.113,0.9034,1.7356,17.8737,60.6589,0.7992,0.4601,47,1
E02002395,Leeds 066,4,7542,15.742,0.2034,0.1026,14.4261,-0.1724,0.1047,12.8749,28.9143,0.3209,0.1521,4017,6
E02002396,Leeds 067,6,9096,32.271,0.2935,0.1748,33.1795,0.5576,1.1613,12.0777,43.989,0.5067,0.2013,1321,2
E02002397,Leeds 068,5,7517,24.9291,0.2748,0.1545,27.0939,0.2665,0.7116,11.8342,26.0408,0.4232,0.2033,2227,4
E02002398,Leeds 069,5,7590,12.0932,0.1096,0.0879,12.7079,-0.2228,0.4276,7.175,22.3786,0.1622,0.0897,5006,8
E02002399,Leeds 070,4,6610,43.5732,0.4297,0.2391,57.2329,0.6147,1.0265,12.7847,46.298,0.62,0.2941,562,1
E02002400,Leeds 071,5,9532,53.0221,0.4808,0.2706,63.7056,1.3197,1.4065,14.3952,49.0107,0.7039,0.4516,237,1
E02002401,Leeds 072,4,6771,53.4802,0.5209,0.2873,67.0515,1.0055,1.8238,20.572,14.3909,0.7123,0.4049,226,1
E02002402,Leeds 073,4,5890,5.3986,0.0727,0.0618,4.449,-0.785,-0.1073,7.4245,13.1505,0.1204,0.0566,6584,10
E02002403,Leeds 074,4,6319,12.3336,0.1405,0.0924,11.906,-0.0681,-0.0045,9.9398,22.3477,0.1975,0.1358,4937,8
E02002404,Leeds 075,6,11147,38.4541,0.3625,0.187,36.2898,0.907,1.0223,20.4407,39.6465,0.5174,0.4485,830,2
E02002405,Leeds 076,5,9347,15.0996,0.1816,0.1082,17.2559,-0.116,0.2848,11.3303,15.7883,0.2531,0.1283,4185,7
E02002406,Leeds 077,5,7359,4.1734,0.0664,0.058,5.6711,-0.7764,-1.0016,12.2607,8.4021,0.0805,0.0678,6737,10
E02002407,Leeds 078,4,6556,54.5793,0.5055,0.2974,58.9538,1.2794,1.815,17.1211,32.455,0.6859,0.381,195,1
E02002408,Leeds 079,5,7588,17.5807,0.1881,0.116,14.2647,0.1626,0.5321,11.4323,22.8968,0.2202,0.1994,3574,6
E02002409,Leeds 080,4,6077,32.8685,0.2907,0.1849,37.3206,0.5219,1.3848,19.5468,22.2135,0.4492,0.1666,1264,2
E02002410,Leeds 081,4,6841,23.6651,0.2335,0.139,28.4774,0.3671,0.5021,11.3956,29.8041,0.3814,0.1887,2456,4
E02002411,Leeds 082,6,9473,40.5835,0.4277,0.2021,34.1924,0.8136,1.0304,17.2544,48.6331,0.6546,0.4211,708,2
E02002412,Leeds 083,4,7438,18.1894,0.1892,0.1158,20.204,-0.253,0.3518,13.1955,27.1638,0.2932,0.1269,3453,6
E02002414,Leeds 085,4,6735,51.8262,0.5372,0.2673,47.0612,1.1008,1.6376,17.7565,45.2478,0.7148,0.4741,271,1
E02002415,Leeds 086,4,7944,63.6513,0.599,0.2913,64.1523,0.9693,1.8467,19.3198,77.1286,0.7094,0.6249,42,1
E02002416,Leeds 087,4,7235,18.988,0.1817,0.1412,21.6159,0.1727,0.2663,21.7765,12.1292,0.262,0.1665,3282,5
E02002417,Leeds 088,4,7440,17.389,0.1805,0.107,22.8387,-0.0292,0.1146,23.9342,11.3816,0.2649,0.1673,3625,6
E02002418,Leeds 089,5,7203,16.4568,0.1743,0.117,19.8576,-0.0519,0.0325,20.3783,13.9658,0.2692,0.1512,3832,6
E02002419,Leeds 090,5,8331,39.2111,0.4322,0.2274,41.5151,0.6843,1.0155,18.2887,28.1296,0.6323,0.3055,796,2
E02002420,Leeds 091,5,8467,29.3761,0.3508,0.1566,31.3067,0.192,0.7824,12.6613,43.4248,0.5504,0.1756,1642,3
E02002421,Leeds 092,4,6296,54.744,0.5205,0.3013,57.7503,1.3315,1.8093,21.1873,20.7255,0.683,0.5136,192,1
E02002422,Leeds 093,4,6410,8.8277,0.1094,0.0778,8.8063,-0.2822,-0.0516,10.2066,12.5638,0.1525,0.0932,5887,9
E02002423,Leeds 094,4,5765,40.4197,0.3955,0.2284,55.2685,0.7373,1.3477,19.0083,14.4774,0.5613,0.3294,718,2
E02002424,Leeds 095,5,7575,15.7993,0.167,0.1155,14.8277,0.1632,0.2472,10.39,17.7411,0.2208,0.1685,4004,6
E02002425,Leeds 096,5,8672,14.4313,0.1565,0.1101,14.0138,-0.0887,0.2194,15.6462,16.2279,0.2596,0.1197,4356,7
E02002426,Leeds 097,5,7749,12.9422,0.1437,0.0985,12.8606,-0.2054,0.1121,17.4071,13.9547,0.2194,0.1183,4757,7
E02002427,Leeds 098,5,6618,23.466,0.2413,0.1555,24.3329,0.2302,0.7472,17.1802,14.5509,0.369,0.1859,2478,4
E02002428,Leeds 099,5,8080,25.4762,0.2448,0.1546,29.1346,0.2275,1.1924,17.14,15.5364,0.3271,0.1964,2158,4
E02002429,Leeds 100,5,8504,15.7423,0.1624,0.1071,16.6284,-0.0842,0.4059,17.8718,17.2521,0.262,0.1198,4016,6
E02002430,Leeds 101,5,8285,53.647,0.5212,0.282,61.7617,1.1921,1.7118,24.8081,17.7094,0.6743,0.4499,222,1
E02002431,Leeds 102,5,8990,19.6885,0.2151,0.1244,20.7417,0.2597,0.6065,9.3405,18.5568,0.3349,0.2097,3106,5
E02002432,Leeds 103,5,7800,16.809,0.1561,0.1028,16.9073,0.1704,0.1264,25.8525,18.1954,0.2298,0.1587,3753,6
E02002433,Leeds 104,4,6747,23.3858,0.2207,0.1565,16.7056,0.3689,0.9802,6.8826,34.1203,0.2959,0.2483,2486,4
E02002434,Leeds 105,6,10092,15.0873,0.1715,0.0962,14.374,-0.0078,0.2342,21.6149,16.0911,0.2341,0.2049,4188,7
E02002435,Leeds 106,5,8564,11.9265,0.1465,0.0871,10.3212,-0.1541,0.0806,9.2799,23.6161,0.2348,0.1128,5047,8
E02002436,Leeds 107,4,7048,26.1867,0.2476,0.1494,27.3891,0.3652,0.9065,22.2553,23.7566,0.3815,0.1974,2048,3
E02002437,Leeds 108,4,6158,7.3878,0.0791,0.069,6.9387,-0.5589,-0.1332,16.5775,12.0436,0.1518,0.0432,6241,10
E02002438,Wakefield 001,5,9083,47.1681,0.428,0.2551,65.7512,1.1653,1.1359,27.2572,6.6767,0.5782,0.3556,421,1
E02002439,Wakefield 002,6,8712,36.1183,0.2817,0.2063,34.7276,1.0281,1.33,7.9329,42.3726,0.3967,0.2081,995,2
E02002440,Wakefield 003,5,7852,38.7834,0.3529,0.2184,51.1688,0.9832,0.648,18.828,12.5173,0.4849,0.2789,813,2
E02002441,Wakefield 004,5,9994,32.7476,0.3055,0.1974,38.4742,1.0691,0.9252,12.8981,19.2545,0.4386,0.2431,1276,2
E02002442,Wakefield 005,5,7211,17.8717,0.1628,0.1159,22.4582,0.3751,0.4408,11.3626,21.647,0.2918,0.0992,3518,6
E02002443,Wakefield 006,4,6167,12.7569,0.1126,0.0907,12.192,0.2282,-0.1546,20.9794,12.2934,0.1763,0.0681,4807,8
E02002444,Wakefield 007,4,7399,18.2634,0.1716,0.1067,19.4085,0.1933,0.3104,26.7707,16.7007,0.2611,0.134,3437,6
E02002445,Wakefield 008,5,8781,16.0092,0.1605,0.1102,18.5874,0.1816,0.2613,11.8136,15.9257,0.2279,0.1431,3936,6
E02002446,Wakefield 009,4,5939,14.2681,0.1365,0.1006,15.7422,0.2646,-0.4254,18.6932,20.7442,0.2261,0.1238,4396,7
E02002447,Wakefield 010,4,6151,34.3056,0.288,0.1861,42.5298,1.0221,0.8647,29.9095,17.9223,0.4399,0.2036,1135,2
E02002448,Wakefield 011,5,8307,41.9876,0.3701,0.2421,49.4667,1.1813,1.2188,25.1023,12.8129,0.5561,0.2561,638,1
E02002449,Wakefield 012,5,10102,16.3862,0.1741,0.1119,21.6086,0.3203,0.185,15.7256,7.2196,0.305,0.0957,3850,6
E02002450,Wakefield 013,4,7966,17.4824,0.1756,0.1197,26.2115,0.2895,0.0056,13.6942,13.3339,0.2575,0.1602,3602,6
E02002451,Wakefield 014,5,8025,12.0902,0.1291,0.0976,14.3495,0.1314,-0.4458,14.6131,10.9211,0.182,0.1074,5008,8
E02002452,Wakefield 015,5,9353,33.1268,0.3,0.2075,29.6184,1.1084,1.162,13.2305,16.0813,0.4256,0.2426,1239,2
E02002453,Wakefield 016,6,9841,36.8495,0.3412,0.2034,48.545,0.9796,1.2008,16.9013,19.6931,0.5617,0.2585,949,2
E02002454,Wakefield 017,5,9424,36.6303,0.3305,0.1895,40.2825,0.8166,1.1209,13.0062,36.4221,0.4327,0.2984,966,2
E02002455,Wakefield 018,4,6528,38.8533,0.4123,0.2336,50.1514,1.0102,1.0041,15.2874,8.2932,0.5639,0.3514,810,2
E02002456,Wakefield 019,4,7773,24.6578,0.2502,0.1337,31.2506,0.4436,0.6804,9.6912,27.7055,0.4003,0.2132,2281,4
E02002457,Wakefield 020,5,7948,42.5993,0.4411,0.2461,50.8622,1.0475,1.1012,17.3947,18.1333,0.5992,0.3896,606,1
E02002458,Wakefield 021,6,9003,15.9726,0.1709,0.1058,18.5294,0.2663,0.1583,12.5375,18.3799,0.2391,0.1703,3950,6
E02002459,Wakefield 022,6,10157,28.3706,0.2983,0.1653,34.1665,0.7191,0.6676,11.9275,22.5002,0.443,0.2271,1761,3
E02002460,Wakefield 023,5,7409,12.201,0.1203,0.1003,9.9229,0.0025,-0.2527,14.2452,16.0895,0.1994,0.0799,4974,8
E02002461,Wakefield 024,8,12170,23.074,0.2199,0.1425,26.1863,0.7622,0.0031,20.1419,17.9853,0.3598,0.1679,2530,4
E02002462,Wakefield 025,5,7349,19.5817,0.1949,0.1396,16.827,0.5095,0.3946,10.8325,21.9412,0.2763,0.1601,3133,5
E02002463,Wakefield 026,6,10727,43.5386,0.4566,0.2403,54.3347,1.2128,1.2665,8.6281,11.9383,0.5926,0.388,563,1
E02002464,Wakefield 027,5,9280,34.8998,0.3355,0.2181,40.9219,1.0224,0.8149,13.9418,14.1601,0.4815,0.2356,1087,2
E02002465,Wakefield 028,4,6113,23.4781,0.1964,0.1539,21.5951,0.3877,0.9275,8.5329,29.9528,0.2935,0.1606,2476,4
E02002466,Wakefield 029,6,9102,19.2705,0.2062,0.1355,19.9222,0.3892,0.2193,14.0663,18.3281,0.3085,0.1806,3207,5
E02002467,Wakefield 030,5,9144,40.5802,0.3897,0.2071,55.201,0.9154,1.2003,12.9964,31.8729,0.5708,0.3408,709,2
E02002468,Wakefield 031,4,6059,14.1231,0.136,0.099,14.1091,-0.0458,-0.0304,10.3535,26.9092,0.2321,0.0944,4434,7
E02002469,Wakefield 032,4,6587,15.4732,0.1634,0.1046,16.6645,0.3235,0.1848,19.6214,8.6443,0.2631,0.1353,4089,6
E02002470,Wakefield 033,4,6005,5.4833,0.0451,0.0591,1.7056,-0.3877,-0.4137,14.9483,9.8066,0.0825,0.0318,6569,10
E02002471,Wakefield 034,7,11674,11.4011,0.1012,0.082,8.9375,-0.2697,-0.1569,26.3757,15.7918,0.1492,0.0895,5206,8
E02002472,Wakefield 035,4,5615,15.1709,0.1337,0.0952,12.7191,0.1382,-0.0054,24.8964,20.636,0.2396,0.1055,4168,7
E02002473,Wakefield 036,4,6629,12.5363,0.1137,0.0851,16.0301,-0.1917,-0.0913,21.95,18.3179,0.2239,0.0537,4874,8
E02002474,Wakefield 037,4,7009,27.8071,0.2865,0.1742,30.9216,0.68,0.6178,24.0719,11.3679,0.4025,0.2616,1835,3
E02002475,Wakefield 038,4,6307,11.0911,0.0926,0.0814,6.429,-0.2141,-0.2464,26.3562,17.4769,0.1534,0.0676,5299,8
E02002476,Wakefield 039,4,6907,46.7334,0.4174,0.2618,62.1142,1.3231,0.9307,26.2959,10.0143,0.5858,0.3436,436,1
E02002477,Wakefield 040,4,6383,36.0747,0.3095,0.2134,45.9166,0.9796,0.5922,32.9603,13.0899,0.4818,0.2082,999,2
E02002478,Wakefield 041,4,6271,28.6593,0.2394,0.1746,37.2889,0.7012,0.7471,28.4581,9.1146,0.3447,0.1877,1733,3
E02002479,Wakefield 042,5,8089,37.0482,0.3121,0.2358,44.886,1.1838,0.8675,16.9576,14.947,0.4485,0.2507,933,2
E02002480,Wakefield 043,4,5581,39.2615,0.3271,0.2185,57.3433,1.1596,0.998,18.5523,20.3117,0.5031,0.2354,790,2
E02002481,Wakefield 044,4,7528,30.6926,0.2799,0.1803,45.1052,0.9051,0.4118,20.1001,8.8491,0.407,0.2478,1481,3
E02002482,Wakefield 045,4,7324,44.1201,0.3828,0.245,65.7722,1.2004,1.0634,24.1448,8.7455,0.5149,0.309,550,1
E02002483,Hartlepool 001,6,10334,17.7877,0.2057,0.1366,13.5345,0.6572,-0.3339,16.1383,4.79,0.2706,0.2801,3532,6
E02002484,Hartlepool 002,6,10457,55.4132,0.5225,0.3546,48.9141,1.9062,1.0179,17.9281,15.848,0.6176,0.464,176,1
E02002485,Hartlepool 003,5,8045,54.0055,0.5174,0.3471,43.4144,1.6734,1.4609,12.3518,14.6372,0.6414,0.4069,211,1
E02002489,Hartlepool 007,5,7307,56.9903,0.4849,0.3362,44.6811,1.7822,1.3517,10.4452,51.9956,0.6045,0.3904,138,1
E02002490,Hartlepool 008,4,5831,53.8978,0.4836,0.3406,42.4207,1.7319,1.4935,11.4631,34.9764,0.6585,0.2889,214,1
E02002491,Hartlepool 009,4,6742,44.0159,0.4148,0.2895,42.2106,1.4776,0.8316,13.9232,11.2761,0.5287,0.3767,552,1
E02002492,Hartlepool 010,4,6867,34.134,0.3431,0.2301,32.3917,1.2673,0.3738,13.6039,12.2716,0.4381,0.3309,1146,2
E02002493,Hartlepool 011,4,6803,13.4132,0.1441,0.105,8.1356,0.4873,-0.3837,18.8501,10.0354,0.2101,0.1271,4621,7
E02002494,Hartlepool 012,5,7716,56.623,0.542,0.3589,51.6786,1.8169,1.3119,17.2525,6.535,0.6733,0.4547,148,1
E02002496,Middlesbrough 001,7,12848,54.835,0.463,0.2529,51.758,1.8356,1.6477,24.3034,50.0823,0.7332,0.6187,191,1
E02002497,Middlesbrough 002,4,6483,67.9837,0.5851,0.3703,65.4212,1.7222,2.0757,18.4433,43.989,0.7551,0.4329,18,1
E02002498,Middlesbrough 003,6,9062,72.1563,0.6297,0.3533,73.9043,1.6043,2.2427,26.0987,63.7342,0.9465,0.5606,9,1
E02002499,Middlesbrough 004,5,7728,62.1016,0.5758,0.3417,66.3599,1.8969,1.8633,17.321,15.0477,0.7615,0.466,61,1
E02002500,Middlesbrough 005,4,6077,40.4107,0.3733,0.2247,30.4,1.0827,1.2013,19.058,48.063,0.532,0.2524,719,2
E02002501,Middlesbrough 006,3,6506,45.3906,0.435,0.269,44.3584,1.2996,1.3213,18.3838,16.958,0.5441,0.347,493,1
E02002502,Middlesbrough 007,6,9921,64.1862,0.5603,0.3786,67.9898,1.8989,1.8034,17.9134,12.0362,0.666,0.4749,34,1
E02002503,Middlesbrough 008,4,6939,46.0575,0.4568,0.2609,44.6469,1.2036,1.0269,21.079,26.3407,0.6264,0.3496,463,1
E02002504,Middlesbrough 009,5,10021,24.9502,0.2896,0.1489,20.0516,0.5202,0.45,16.7866,30.0154,0.4504,0.2008,2222,4
E02002505,Middlesbrough 010,4,6481,59.8243,0.5559,0.3473,64.8527,1.5973,1.6184,20.1055,7.6484,0.7104,0.4161,93,1
E02002506,Middlesbrough 011,4,5692,58.4528,0.5425,0.3585,53.4754,2.1292,1.2923,19.9808,11.8356,0.6918,0.4549,111,1
E02002507,Middlesbrough 012,4,6332,13.7317,0.1646,0.1006,11.6929,0.0448,-0.008,17.8832,15.9337,0.2879,0.0886,4532,7
E02002508,Middlesbrough 013,3,5595,15.4076,0.1662,0.0987,12.1563,0.0778,0.3835,21.2825,13.9094,0.273,0.108,4105,6
E02002509,Middlesbrough 014,4,5179,35.6792,0.3434,0.2188,41.9647,1.0513,0.6533,18.8421,12.8609,0.4919,0.2097,1025,2
E02002510,Middlesbrough 015,4,7600,9.5607,0.104,0.0784,9.469,-0.2291,-0.286,22.59,6.1658,0.1983,0.0786,5692,9
E02002512,Middlesbrough 017,3,5453,6.9783,0.088,0.0737,4.8241,-0.3098,-0.7876,19.5685,4.7497,0.1457,0.0585,6332,10
E02002513,Middlesbrough 018,7,10408,38.3676,0.3698,0.2374,33.0801,1.0709,1.0917,23.564,6.1558,0.4899,0.321,840,2
E02002514,Middlesbrough 019,6,8317,28.9037,0.2873,0.2081,23.8782,0.97,0.3733,18.9568,3.7403,0.36,0.3042,1702,3
E02002515,Redcar and Cleveland 001,4,6495,49.5438,0.4041,0.3053,32.2972,1.5494,1.538,8.6786,57.0163,0.5412,0.2722,341,1
E02002516,Redcar and Cleveland 002,4,5903,28.6146,0.32,0.196,25.9214,0.9472,0.6044,9.3937,12.9784,0.4322,0.2818,1739,3
E02002517,Redcar and Cleveland 003,4,5446,37.3794,0.4092,0.2488,30.2881,1.0354,0.4019,13.176,16.1413,0.6118,0.3079,905,2
E02002518,Redcar and Cleveland 004,7,10851,10.7341,0.1234,0.0938,7.8228,-0.0038,-0.2694,13.3016,12.2533,0.1987,0.1015,5397,8
E02002519,Redcar and Cleveland 005,5,7551,43.2751,0.4359,0.304,28.6374,1.497,0.9752,16.0035,6.6777,0.5354,0.3917,573,1
E02002520,Redcar and Cleveland 006,8,13214,13.5773,0.1521,0.1203,8.9697,0.0384,-0.2986,17.8672,10.3761,0.2252,0.1264,4575,7
E02002521,Redcar and Cleveland 007,4,5796,22.607,0.1962,0.1622,10.6005,0.6946,0.0766,15.685,34.1472,0.2512,0.1766,2626,4
E02002523,Redcar and Cleveland 009,4,6369,69.837,0.6709,0.4392,60.8529,1.8976,1.6639,18.4981,13.4707,0.7851,0.5824,11,1
E02002524,Redcar and Cleveland 010,4,5362,29.608,0.2739,0.2127,21.3353,0.8111,0.2827,22.5611,13.8673,0.4096,0.1588,1608,3
E02002525,Redcar and Cleveland 011,6,7962,34.7503,0.3302,0.223,35.1307,1.0995,0.9177,13.8614,18.9051,0.4818,0.2775,1104,2
E02002526,Redcar and Cleveland 012,4,7675,27.9478,0.268,0.1927,23.3429,0.5831,0.3573,24.0495,18.2641,0.3558,0.2276,1816,3
E02002527,Redcar and Cleveland 013,3,5023,45.8841,0.434,0.2748,36.939,1.1412,0.8945,28.7848,37.0618,0.606,0.2867,470,1
E02002529,Redcar and Cleveland 015,4,5939,31.3783,0.314,0.2137,30.0736,0.7212,0.5608,14.959,11.5345,0.4924,0.2093,1424,3
E02002530,Redcar and Cleveland 016,4,6232,36.3468,0.3228,0.2284,31.3661,0.8386,0.105,33.989,38.4481,0.4897,0.2285,984,2
E02002532,Redcar and Cleveland 018,4,6813,34.0039,0.3363,0.2238,26.1641,1.0104,0.9434,13.1271,25.837,0.4686,0.2836,1159,2
E02002533,Redcar and Cleveland 019,3,6702,10.1955,0.1367,0.0988,10.3786,-0.1829,-0.6139,15.8412,4.6159,0.247,0.081,5538,9
E02002534,Redcar and Cleveland 020,4,5512,7.3291,0.0768,0.0787,5.1219,-0.4007,-0.7134,16.0748,10.9577,0.1644,0.0466,6255,10
E02002535,Stockton-on-Tees 001,6,9234,9.9526,0.1059,0.0932,6.4485,0.0842,-0.3281,15.866,7.5922,0.1533,0.089,5595,9
E02002536,Stockton-on-Tees 002,6,9344,29.6588,0.3007,0.201,27.6158,1.0388,0.5761,11.238,12.6732,0.4073,0.2565,1592,3
E02002537,Stockton-on-Tees 003,6,8533,45.7594,0.4459,0.2922,47.0913,1.5473,0.7378,14.5715,13.8905,0.6219,0.3146,478,1
E02002538,Stockton-on-Tees 004,4,5733,28.4556,0.2933,0.1913,26.4377,1.112,0.4288,11.0699,13.1139,0.4399,0.232,1752,3
E02002539,Stockton-on-Tees 005,6,10946,10.6385,0.0846,0.0745,5.409,-0.176,-0.8768,33.2996,7.3105,0.1373,0.06,5420,8
E02002540,Stockton-on-Tees 006,4,6189,8.4571,0.0833,0.0876,6.6987,0.0698,-0.7591,14.1945,10.4089,0.1403,0.059,5994,9
E02002541,Stockton-on-Tees 007,4,5941,26.6694,0.2556,0.1714,20.7796,0.8372,0.6273,9.9609,30.5037,0.3472,0.1955,1984,3
E02002542,Stockton-on-Tees 008,6,8168,46.9296,0.4506,0.2839,49.79,1.6023,1.0301,12.8037,12.0637,0.6123,0.3584,428,1
E02002543,Stockton-on-Tees 009,5,9584,43.137,0.418,0.2729,43.8278,1.5538,0.9454,13.3481,6.6149,0.52,0.4324,581,1
E02002544,Stockton-on-Tees 010,5,9121,39.9429,0.3669,0.2242,35.304,1.5905,1.2538,11.6886,20.1269,0.5658,0.3263,747,2
E02002545,Stockton-on-Tees 011,4,5119,12.4494,0.1312,0.1058,11.82,0.3626,-0.4524,13.6442,9.7159,0.1902,0.0987,4895,8
E02002546,Stockton-on-Tees 012,5,7435,48.6331,0.4647,0.2924,39.4176,1.555,1.2311,11.0841,25.6308,0.6337,0.3524,372,1
E02002547,Stockton-on-Tees 013,4,6076,14.4899,0.1665,0.1222,11.2404,0.3627,-0.1958,10.6082,9.2371,0.2823,0.1367,4346,7
E02002549,Stockton-on-Tees 015,5,7514,11.2595,0.1316,0.0976,11.183,0.1659,-0.5779,16.9008,5.7858,0.2476,0.0737,5244,8
E02002550,Stockton-on-Tees 016,4,6262,24.8284,0.2216,0.1634,13.9799,0.6146,0.3462,11.0929,33.5745,0.3001,0.1602,2247,4
E02002551,Stockton-on-Tees 017,4,5570,55.9032,0.54,0.3322,46.1985,1.8462,1.248,12.869,34.8508,0.7543,0.5351,162,1
E02002552,Stockton-on-Tees 018,4,7148,30.0645,0.3121,0.1888,31.477,1.097,0.7091,8.1709,10.6786,0.4004,0.3586,1545,3
E02002553,Stockton-on-Tees 019,3,5893,26.5478,0.2867,0.1847,26.0739,0.8755,0.505,9.0234,11.9772,0.3985,0.2229,1997,3
E02002554,Stockton-on-Tees 020,4,5136,46.5306,0.4522,0.3103,47.3419,1.4215,0.7725,13.7821,14.4476,0.5969,0.313,444,1
E02002555,Stockton-on-Tees 021,6,10407,8.5909,0.1225,0.0793,4.8549,-0.1562,-0.6076,15.284,10.561,0.175,0.0842,5955,9
E02002556,Stockton-on-Tees 022,5,7213,7.2458,0.0936,0.0682,5.8299,-0.1312,-0.5963,17.045,2.2458,0.1827,0.0588,6273,10
E02002558,Stockton-on-Tees 024,7,11254,9.2426,0.103,0.0786,5.8291,-0.2288,-0.5169,21.7016,5.2472,0.1369,0.0956,5781,9
E02002559,Darlington 001,5,10197,11.7473,0.1137,0.0791,5.8237,-0.3109,-0.3916,29.3355,14.8122,0.1784,0.0848,5110,8
E02002560,Darlington 002,4,6208,15.9146,0.1821,0.1071,17.3285,0.1603,0.0769,11.6587,21.1351,0.3027,0.1277,3964,6
E02002561,Darlington 003,4,5428,15.6331,0.1645,0.1181,19.7745,0.2829,-0.1672,14.9759,11.3699,0.272,0.1184,4051,6
E02002562,Darlington 004,4,5658,42.3919,0.3686,0.2504,35.8038,1.2453,1.0971,9.9293,37.5667,0.5157,0.2815,613,1
E02002563,Darlington 005,4,5540,27.398,0.2961,0.1875,33.4299,0.919,0.4288,10.7704,7.5703,0.4033,0.2626,1876,3
E02002564,Darlington 006,6,9710,28.2894,0.3023,0.1957,26.4968,0.8179,0.2809,13.0677,10.1546,0.4323,0.2575,1769,3
E02002567,Darlington 009,5,9737,34.2471,0.3635,0.2007,41.2523,1.0267,0.6881,12.0313,13.0076,0.5243,0.2809,1141,2
E02002568,Darlington 010,4,6097,8.2834,0.0854,0.077,1.0603,-0.1321,-0.2845,8.0903,24.0269,0.0771,0.0841,6032,9
E02002569,Darlington 011,5,9278,3.2881,0.0469,0.048,1.3566,-0.4938,-0.9982,12.5495,7.4178,0.0526,0.0484,6802,10
E02002570,Darlington 012,5,7597,44.6943,0.3887,0.2573,48.0365,1.4708,1.1153,10.1257,32.4948,0.569,0.3264,520,1
E02002571,Darlington 013,3,6523,31.4923,0.343,0.1914,39.7433,0.799,0.6085,15.1524,11.9208,0.4834,0.2923,1408,3
E02002572,Darlington 014,4,6373,40.7682,0.3638,0.2373,39.835,1.1155,1.0819,10.5471,32.8311,0.4624,0.3432,697,2
E02002573,Darlington 015,5,9587,14.7386,0.1195,0.1122,10.2369,0.101,-0.2732,29.7032,9.2929,0.1833,0.0916,4272,7
E02002574,Halton 001,4,8827,6.6048,0.0679,0.0681,4.3854,-0.4311,-0.5201,17.809,10.12,0.1065,0.0483,6392,10
E02002575,Halton 002,5,9548,7.1605,0.0686,0.0689,6.3817,-0.2217,-0.4455,19.2637,4.202,0.1052,0.048,6298,10
E02002576,Halton 003,5,7491,27.6184,0.2515,0.1904,25.1318,1.0874,0.1298,18.6618,15.6107,0.3333,0.2213,1852,3
E02002577,Halton 004,5,7282,45.707,0.4269,0.2894,40.7721,1.399,1.1981,22.5929,12.8933,0.5524,0.3405,481,1
E02002578,Halton 005,5,8375,24.1094,0.2523,0.154,19.7808,0.7101,0.6479,13.8792,22.6505,0.35,0.2243,2375,4
E02002579,Halton 006,5,7947,37.8103,0.3663,0.2317,40.2311,1.13,0.7506,19.0536,16.4516,0.5116,0.2798,880,2
E02002580,Halton 007,4,7827,59.8179,0.5293,0.3318,52.6722,1.8247,1.524,22.8598,34.8383,0.7469,0.4378,94,1
E02002581,Halton 008,4,7208,21.906,0.1936,0.1439,19.6974,0.607,-0.1174,24.7912,21.0428,0.2969,0.1275,2737,4
E02002582,Halton 009,5,9773,7.2161,0.0875,0.0651,7.3188,-0.1764,-1.0876,20.6586,6.1758,0.1471,0.072,6281,10
E02002583,Halton 010,5,7532,57.1796,0.5573,0.3579,55.3461,1.7516,1.0339,16.8884,9.9482,0.6562,0.5542,132,1
E02002584,Halton 011,5,7218,26.8615,0.275,0.1738,27.2087,0.849,0.4047,12.3522,21.0082,0.4282,0.1863,1949,3
E02002585,Halton 012,7,10838,32.2611,0.2692,0.1914,28.3573,1.14,0.7322,17.514,32.0603,0.3998,0.2399,1322,2
E02002586,Halton 013,6,9562,54.9393,0.5286,0.337,52.043,1.7571,1.3028,14.2793,15.7364,0.7022,0.4049,188,1
E02002587,Halton 014,5,6345,42.8194,0.4112,0.2699,45.8702,1.331,0.7237,18.8768,11.9394,0.5517,0.2961,594,1
E02002588,Halton 015,5,7063,46.7308,0.4263,0.3068,49.9686,1.6979,0.8151,15.122,11.9246,0.5487,0.3363,437,1
E02002589,Halton 016,5,6172,7.7237,0.0697,0.0758,7.2407,0.0622,-0.7974,16.9844,9.5128,0.108,0.0365,6166,9
E02002590,Warrington 001,4,7050,7.6847,0.0709,0.0584,6.0905,-0.7762,-0.5386,23.2234,16.6601,0.1031,0.0658,6177,10
E02002591,Warrington 002,4,6466,13.3466,0.1511,0.1068,11.0685,-0.1856,-0.0129,19.7891,12.9558,0.1893,0.1276,4641,7
E02002592,Warrington 003,4,6227,19.6212,0.1559,0.1267,15.6963,0.5294,0.2396,24.0695,23.2016,0.2183,0.1198,3126,5
E02002593,Warrington 004,4,5089,17.9366,0.2008,0.1514,14.5919,0.547,-1.3968,18.702,13.4434,0.2658,0.1894,3505,6
E02002594,Warrington 005,4,5358,28.213,0.2985,0.1869,27.9162,0.8617,0.2612,16.9118,7.0424,0.4135,0.3354,1780,3
E02002595,Warrington 006,5,8014,36.2406,0.3891,0.2381,39.6552,0.9216,0.8692,16.175,15.3195,0.5317,0.2839,990,2
E02002596,Warrington 007,6,7842,13.178,0.1545,0.1037,14.2658,0.112,-0.2941,12.9989,15.7464,0.2507,0.1247,4685,7
E02002597,Warrington 008,6,9156,40.8259,0.4306,0.2462,43.457,1.0988,1.0413,14.3188,13.5578,0.5393,0.3883,693,2
E02002598,Warrington 009,7,11783,5.0464,0.076,0.0538,3.6695,-0.557,-0.7979,15.1624,6.369,0.0968,0.0723,6636,10
E02002599,Warrington 010,7,11125,9.2419,0.1083,0.0882,6.9711,-0.1136,-0.2223,12.3701,4.7266,0.1399,0.0958,5782,9
E02002600,Warrington 011,6,9201,29.0199,0.2804,0.1735,28.7669,0.7185,0.6085,11.7114,36.7515,0.3981,0.2457,1694,3
E02002601,Warrington 012,5,9256,9.0971,0.121,0.0835,8.3292,-0.2081,-0.2912,7.9908,14.0419,0.165,0.1176,5819,9
E02002602,Warrington 013,4,8389,37.6959,0.4028,0.2249,37.0905,1.0728,0.8646,14.0696,24.8146,0.5412,0.3403,886,2
E02002603,Warrington 014,5,6790,7.3886,0.0876,0.0756,7.7107,-0.3702,-0.6709,12.5201,12.6911,0.1315,0.073,6240,10
E02002604,Warrington 015,5,7810,6.0298,0.0737,0.0662,5.7288,-0.3483,-0.9353,12.5057,11.6334,0.0958,0.0694,6484,10
E02002605,Warrington 016,6,9055,14.6399,0.181,0.1117,19.164,-0.0013,-0.2121,10.3284,14.7467,0.2703,0.132,4302,7
E02002606,Warrington 017,6,11242,31.0025,0.2971,0.1839,26.3566,0.9136,1.0017,12.5256,33.6566,0.4337,0.2211,1447,3
E02002607,Warrington 018,6,11493,26.0774,0.2645,0.1618,23.3344,0.6109,0.439,11.8012,25.5817,0.3798,0.2922,2074,4
E02002608,Warrington 019,6,8143,7.6516,0.0892,0.0779,6.8591,-0.1861,-0.7331,11.3225,15.37,0.1185,0.0763,6185,10
E02002609,Warrington 020,6,9821,28.014,0.3063,0.1837,30.3265,0.6402,0.6746,13.0443,18.0718,0.424,0.2476,1810,3
E02002610,Warrington 021,7,12881,6.7708,0.0826,0.0646,1.7369,-0.9028,-0.4209,22.025,13.7993,0.1218,0.0621,6360,10
E02002611,Warrington 022,5,7735,4.3131,0.0681,0.0522,2.4272,-0.8603,-1.1889,16.24,11.315,0.0916,0.0493,6719,10
E02002612,Warrington 023,6,9133,7.9334,0.0991,0.0718,4.1655,-0.6385,-0.4302,8.7146,25.0686,0.11,0.1072,6124,9
E02002613,Warrington 024,4,6883,5.6757,0.0658,0.0475,1.5208,-1.0822,-0.7598,23.5417,16.1927,0.1391,0.0426,6543,10
E02002614,Warrington 025,4,5855,2.6658,0.026,0.0412,0.7568,-1.0582,-1.2479,19.3871,4.8726,0.0465,0.0169,6832,10
E02002615,Blackburn with Darwen 001,6,10976,25.8805,0.3148,0.1619,21.3835,0.3705,-0.0796,26.5064,22.5794,0.45,0.1995,2097,4
E02002616,Blackburn with Darwen 002,5,9844,22.3366,0.269,0.1149,18.6501,0.0908,-0.3011,25.2534,34.459,0.3425,0.2352,2666,4
E02002617,Blackburn with Darwen 003,5,9574,43.8518,0.5132,0.217,48.6854,0.8168,-0.0413,28.4532,45.9443,0.5913,0.6139,554,1
E02002618,Blackburn with Darwen 004,4,8061,37.267,0.4331,0.1789,39.273,0.5747,0.0237,25.6919,50.5067,0.5024,0.5114,915,2
E02002619,Blackburn with Darwen 005,5,9338,47.6233,0.4864,0.2361,43.8836,1.2419,0.7449,22.2084,56.3739,0.5883,0.413,410,1
E02002620,Blackburn with Darwen 006,5,9208,57.8964,0.5645,0.3166,52.0301,1.4319,1.4115,25.365,41.4656,0.6338,0.5861,118,1
E02002621,Blackburn with Darwen 007,5,8608,48.3005,0.5515,0.236,55.2289,0.879,0.267,26.9114,44.9966,0.6321,0.6404,383,1
E02002622,Blackburn with Darwen 008,6,11206,54.6193,0.5476,0.2977,60.5566,1.4009,1.0331,23.4203,23.6128,0.6825,0.4405,194,1
E02002623,Blackburn with Darwen 009,6,10846,55.5452,0.5222,0.3003,52.8469,1.5408,1.5015,21.0447,37.355,0.7137,0.3514,170,1
E02002624,Blackburn with Darwen 010,6,9007,8.8956,0.0878,0.075,6.7026,-0.2231,-0.4498,22.5489,10.972,0.1252,0.0662,5866,9
E02002625,Blackburn with Darwen 011,6,10009,39.9228,0.4039,0.2391,40.4395,1.1527,0.6102,22.639,10.5339,0.5525,0.338,748,2
E02002626,Blackburn with Darwen 012,5,7237,42.2038,0.3887,0.2389,44.174,1.2212,0.9037,22.8507,17.1378,0.5925,0.2387,625,1
E02002627,Blackburn with Darwen 013,4,7472,14.7645,0.1237,0.0922,11.5817,0.0307,0.0848,21.3851,23.8762,0.197,0.0633,4265,7
E02002628,Blackburn with Darwen 014,5,6827,35.7445,0.303,0.2055,30.773,1.1253,0.7133,19.5389,40.551,0.4326,0.2066,1021,2
E02002629,Blackburn with Darwen 015,4,6051,45.8048,0.431,0.2543,51.6459,1.3068,1.0132,19.3528,33.8942,0.6533,0.237,474,1
E02002630,Blackburn with Darwen 016,4,6268,39.4307,0.3157,0.2084,41.0096,1.1309,0.9629,17.4559,50.1108,0.4547,0.2112,774,2
E02002631,Blackburn with Darwen 017,6,8939,18.9799,0.164,0.1238,17.2324,0.4149,-0.1802,19.1823,30.6051,0.2585,0.1372,3285,5
E02002632,Blackburn with Darwen 018,4,6352,13.213,0.0648,0.0481,3.6042,-0.711,-0.7064,42.3198,40.4556,0.1256,0.0511,4672,7
E02002633,Blackpool 001,5,7604,20.8166,0.1823,0.1383,20.7375,0.7468,0.0176,15.5195,26.7833,0.2737,0.141,2906,5
E02002634,Blackpool 002,5,8027,32.1833,0.2915,0.2187,25.1449,1.3898,0.3753,17.5253,16.1164,0.4352,0.2609,1334,2
E02002635,Blackpool 003,5,7643,22.9779,0.212,0.1619,16.6447,0.8492,0.0259,14.2735,28.7864,0.338,0.15,2554,4
E02002636,Blackpool 004,5,7961,30.6597,0.2915,0.1967,25.7643,1.1934,0.506,16.6514,22.6041,0.4595,0.207,1490,3
E02002637,Blackpool 005,4,6316,24.7056,0.2321,0.1576,21.0438,0.9067,0.2847,10.6725,31.4323,0.3813,0.1597,2271,4
E02002638,Blackpool 006,4,6960,68.2473,0.5149,0.3884,59.2217,2.3831,2.3883,16.9983,62.9421,0.6453,0.3989,15,1
E02002639,Blackpool 007,4,6070,68.0485,0.6242,0.3943,54.0531,2.3848,1.7924,24.0962,15.6351,0.7494,0.537,17,1
E02002640,Blackpool 008,5,7119,74.7012,0.659,0.4181,66.3391,2.3669,2.1158,17.5788,43.3276,0.861,0.5396,5,1
E02002641,Blackpool 009,6,8034,28.8433,0.2417,0.1702,23.148,1.0023,0.6797,12.636,40.0501,0.3596,0.1904,1709,3
E02002642,Blackpool 010,5,7080,82.7581,0.7136,0.5048,72.3484,2.7004,2.6259,21.021,70.6023,0.8309,0.493,2,1
E02002643,Blackpool 011,6,7853,59.2312,0.5027,0.3093,60.7418,1.8289,1.4215,16.8859,54.5626,0.6804,0.3926,100,1
E02002644,Blackpool 012,5,7835,24.7843,0.2195,0.1438,16.8617,0.9102,0.6177,13.8931,38.0337,0.3467,0.18,2254,4
E02002645,Blackpool 013,4,6317,84.2165,0.6704,0.4522,74.5228,2.6756,2.7137,19.2677,69.906,0.8481,0.4979,1,1
E02002646,Blackpool 014,5,7282,43.0974,0.3897,0.2577,36.3571,1.6155,0.9281,20.1145,19.8696,0.5282,0.3277,582,1
E02002647,Blackpool 015,5,8012,52.5605,0.4518,0.2771,54.4195,1.7584,1.2154,13.5818,48.7658,0.6578,0.3205,252,1
E02002648,Blackpool 016,5,7093,43.2518,0.402,0.2553,38.5128,1.4682,0.8561,14.3597,38.1427,0.584,0.265,577,1
E02002649,Blackpool 017,6,8208,35.9379,0.2912,0.2198,28.5131,1.33,0.8677,10.7571,41.6013,0.374,0.2446,1011,2
E02002650,Blackpool 018,5,8302,23.0643,0.2072,0.15,26.3262,0.9148,0.0463,13.7667,24.309,0.3242,0.1717,2533,4
E02002651,Blackpool 019,5,7932,26.1727,0.2325,0.1667,23.4999,1.1557,0.1031,10.1636,29.7456,0.3549,0.1787,2052,3
E02002653,Kingston upon Hull 002,6,8217,61.4319,0.5907,0.3564,63.0313,1.3487,1.7158,24.4698,11.3669,0.7272,0.4725,71,1
E02002654,Kingston upon Hull 003,5,8204,66.7672,0.6378,0.3593,78.0633,1.4441,1.6427,27.8708,8.8939,0.7782,0.5194,22,1
E02002655,Kingston upon Hull 004,6,8637,51.675,0.5099,0.3032,55.0656,1.3621,1.2741,22.4703,9.5701,0.6348,0.4126,281,1
E02002656,Kingston upon Hull 005,4,5209,13.7847,0.1208,0.09,17.01,0.0906,0.0313,23.0311,15.0921,0.2233,0.0869,4517,7
E02002657,Kingston upon Hull 006,5,7336,20.2337,0.1988,0.133,28.4732,0.2149,0.283,18.4421,12.4648,0.3108,0.1389,3007,5
E02002658,Kingston upon Hull 007,5,6560,18.5183,0.2081,0.1237,18.4939,0.3757,0.2123,14.2402,13.4613,0.2752,0.2002,3384,5
E02002659,Kingston upon Hull 008,7,11439,51.982,0.5515,0.2962,55.6082,1.2317,1.1585,22.8223,13.6101,0.6915,0.5305,266,1
E02002660,Kingston upon Hull 009,5,6976,42.3118,0.4268,0.2549,44.0776,0.9834,1.1087,20.2883,11.9997,0.5265,0.3618,618,1
E02002661,Kingston upon Hull 010,5,8473,37.8674,0.3879,0.233,41.8563,0.8205,0.9582,18.9153,11.5914,0.4946,0.3003,871,2
E02002662,Kingston upon Hull 011,4,7396,31.6259,0.3374,0.208,33.2595,0.8624,0.8364,17.0808,12.1434,0.4249,0.3185,1395,3
E02002663,Kingston upon Hull 012,4,8452,14.2744,0.0881,0.0511,15.7939,0.194,0.095,23.4584,35.3629,0.2198,0.2141,4389,7
E02002664,Kingston upon Hull 013,5,7140,7.7777,0.0918,0.0643,12.8326,-0.4022,-0.6018,14.7325,15.0799,0.1438,0.0695,6161,9
E02002665,Kingston upon Hull 014,5,7984,15.5325,0.1945,0.1014,15.944,-0.1215,0.0404,14.1778,25.0944,0.3128,0.1529,4077,6
E02002666,Kingston upon Hull 015,5,8566,41.2626,0.3456,0.173,55.4549,1.0069,1.3066,20.8957,50.4007,0.541,0.4526,675,1
E02002667,Kingston upon Hull 016,5,7287,24.7052,0.2555,0.1485,29.1195,0.3935,0.1381,13.8756,36.3225,0.4064,0.1888,2272,4
E02002668,Kingston upon Hull 017,5,8399,63.6103,0.6383,0.3688,68.4367,1.5164,1.4922,21.5434,9.8422,0.75,0.6051,43,1
E02002669,Kingston upon Hull 018,5,8144,28.0707,0.2367,0.1433,21.6767,0.5214,1.0542,17.73,48.9727,0.3537,0.2154,1804,3
E02002670,Kingston upon Hull 019,5,7903,31.7029,0.3338,0.2036,36.2522,0.7112,0.4635,23.087,16.7536,0.4285,0.3337,1385,3
E02002671,Kingston upon Hull 020,5,8712,33.0852,0.3089,0.1898,40.4237,0.9139,0.7589,14.0323,30.2119,0.4701,0.2424,1243,2
E02002672,Kingston upon Hull 021,5,7241,62.6416,0.6001,0.336,72.3617,1.4867,1.4785,26.7059,9.2939,0.7709,0.4726,54,1
E02002673,Kingston upon Hull 022,5,7542,33.5389,0.3121,0.1843,37.0144,0.5715,0.9361,13.8755,43.054,0.472,0.2474,1197,2
E02002674,Kingston upon Hull 023,5,6520,21.3835,0.23,0.129,26.4146,0.4087,0.3218,20.3385,19.2488,0.3801,0.1898,2811,5
E02002675,Kingston upon Hull 024,5,8685,60.2071,0.5945,0.3243,58.0564,1.4512,1.4869,21.4422,34.7073,0.7875,0.5805,88,1
E02002676,Kingston upon Hull 025,5,7353,32.3846,0.303,0.1727,26.6905,0.5267,0.8745,16.0166,53.8049,0.4723,0.2191,1311,2
E02002677,Kingston upon Hull 026,5,8205,38.7266,0.3478,0.2394,33.5345,0.9565,0.9477,15.4421,34.9828,0.4326,0.3326,815,2
E02002678,Kingston upon Hull 027,5,8455,31.4742,0.3004,0.1607,35.7991,0.6191,0.9649,20.6618,32.623,0.479,0.2271,1412,3
E02002679,Kingston upon Hull 028,5,7903,21.3321,0.2274,0.1433,20.7966,0.248,0.105,17.1501,26.2962,0.3108,0.2108,2820,5
E02002680,Kingston upon Hull 029,6,9865,54.1356,0.5017,0.2924,45.7555,1.5674,1.3374,24.7246,35.9854,0.7927,0.5216,206,1
E02002681,Kingston upon Hull 030,5,9408,59.3045,0.5196,0.2987,62.9113,1.2399,1.6572,23.44,53.7042,0.6628,0.3886,98,1
E02002682,Kingston upon Hull 031,6,10822,41.3006,0.4207,0.2381,50.783,0.8909,0.8923,20.2662,18.7809,0.5326,0.4249,670,1
E02002684,East Riding of Yorkshire 001,7,10228,18.4422,0.188,0.1542,27.8004,0.0128,-0.6032,21.0769,6.5068,0.3258,0.1249,3397,5
E02002685,East Riding of Yorkshire 002,5,7894,17.0958,0.1907,0.1309,24.0582,-0.2196,-0.2703,16.2315,18.1396,0.3613,0.1427,3680,6
E02002686,East Riding of Yorkshire 003,5,7812,55.8068,0.5552,0.3555,58.8912,1.3528,1.183,12.9212,15.6681,0.7369,0.4276,165,1
E02002687,East Riding of Yorkshire 004,4,5872,40.6936,0.3589,0.2565,41.2307,0.84,1.0203,8.0325,51.3728,0.4916,0.2649,705,2
E02002688,East Riding of Yorkshire 005,4,5364,53.9481,0.4351,0.3286,52.6624,1.1295,1.4268,8.5358,57.535,0.6334,0.3132,213,1
E02002689,East Riding of Yorkshire 006,4,5724,20.6931,0.1769,0.1114,17.6485,-0.1221,-0.527,41.0124,28.8955,0.3407,0.1271,2927,5
E02002691,East Riding of Yorkshire 008,5,8327,12.8601,0.113,0.0818,11.4441,-0.5743,-1.244,31.5296,23.875,0.177,0.0895,4781,7
E02002692,East Riding of Yorkshire 009,5,9623,7.5026,0.0702,0.0461,6.148,-1.0296,-1.5628,33.222,12.8261,0.1314,0.0563,6207,10
E02002693,East Riding of Yorkshire 010,4,7143,17.7772,0.158,0.1069,20.0198,-0.5245,-0.5248,35.6845,26.838,0.2962,0.1048,3536,6
E02002694,East Riding of Yorkshire 011,8,13295,10.7428,0.1326,0.0769,13.883,-0.4655,-0.6186,20.2921,13.3321,0.2242,0.1038,5393,8
E02002695,East Riding of Yorkshire 012,5,8235,21.0658,0.2117,0.1566,22.8117,0.3259,0.0964,17.6901,22.0784,0.2911,0.167,2865,5
E02002696,East Riding of Yorkshire 013,4,6491,11.0497,0.0789,0.0531,8.6658,-0.9981,-1.7575,38.0995,28.0384,0.1618,0.0719,5308,8
E02002697,East Riding of Yorkshire 014,4,7553,11.2855,0.1086,0.0761,12.5375,-0.8663,-0.6185,31.4949,17.7792,0.1924,0.0806,5234,8
E02002698,East Riding of Yorkshire 015,4,8747,10.7399,0.1447,0.0838,14.8752,-0.4657,-0.5927,22.3406,6.0376,0.2297,0.1144,5395,8
E02002699,East Riding of Yorkshire 016,6,9854,3.7197,0.0686,0.0582,4.0225,-0.9064,-1.0136,9.9887,7.6845,0.1207,0.0407,6769,10
E02002700,East Riding of Yorkshire 017,4,6140,29.9978,0.3535,0.2034,42.189,0.4032,0.5032,4.0021,12.5707,0.4847,0.2899,1553,3
E02002701,East Riding of Yorkshire 018,5,8890,13.4054,0.099,0.063,11.7389,-0.8904,-1.0004,42.7597,24.4404,0.1685,0.0682,4623,7
E02002702,East Riding of Yorkshire 019,6,9829,12.3407,0.1396,0.0942,11.0191,-0.3417,0.2237,4.0215,23.8008,0.2357,0.1151,4933,8
E02002703,East Riding of Yorkshire 020,6,9716,5.7995,0.0962,0.0545,4.1738,-0.9053,-0.9429,19.2436,9.8804,0.1808,0.0651,6518,10
E02002704,East Riding of Yorkshire 021,5,7122,15.9791,0.1414,0.0971,17.3419,-0.4863,-0.6104,34.2453,25.429,0.2315,0.114,3946,6
E02002705,East Riding of Yorkshire 022,5,7401,10.0638,0.1289,0.0989,9.9503,-0.3362,-0.7044,16.3108,8.4343,0.1893,0.0745,5575,9
E02002706,East Riding of Yorkshire 023,5,7443,10.4614,0.1362,0.0915,9.986,-0.4225,-0.1696,11.4464,16.3966,0.2191,0.1012,5470,8
E02002707,East Riding of Yorkshire 024,4,6812,7.7833,0.0658,0.0507,5.1713,-1.0923,-1.1308,31.5294,19.4917,0.1194,0.0582,6158,9
E02002708,East Riding of Yorkshire 025,4,5943,13.9953,0.1543,0.1241,11.6053,-0.1482,-0.0497,7.4554,19.4479,0.1927,0.1455,4463,7
E02002709,East Riding of Yorkshire 026,5,8225,13.3305,0.1171,0.0756,18.1025,-0.3406,-0.6545,30.1224,21.2316,0.2053,0.1101,4646,7
E02002710,East Riding of Yorkshire 027,5,7194,7.9943,0.1105,0.0739,8.9622,-0.8825,-0.1771,8.5546,18.8173,0.171,0.0914,6113,9
E02002711,East Riding of Yorkshire 028,5,8139,2.8163,0.0525,0.0451,3.3844,-1.1832,-1.214,15.1032,5.9567,0.0824,0.0481,6826,10
E02002712,East Riding of Yorkshire 029,5,7355,12.6993,0.1477,0.1104,14.9553,-0.1279,-0.9738,19.2641,13.3182,0.2436,0.1147,4820,8
E02002714,East Riding of Yorkshire 031,5,7868,17.3526,0.1515,0.1105,23.5948,-0.3106,-0.6053,32.3968,21.759,0.2614,0.1146,3633,6
E02002715,East Riding of Yorkshire 032,8,13628,4.7126,0.0758,0.049,5.8204,-0.8994,-1.0787,20.1623,4.6992,0.1036,0.0767,6674,10
E02002716,East Riding of Yorkshire 033,5,8412,12.6174,0.1472,0.0959,14.4907,-0.3664,-0.6671,26.3757,9.1651,0.2307,0.1234,4842,8
E02002717,East Riding of Yorkshire 034,5,7912,14.8128,0.1925,0.1132,17.0867,-0.0928,0.0096,8.3649,18.2882,0.2909,0.1673,4252,7
E02002718,East Riding of Yorkshire 035,5,8287,4.3318,0.0599,0.049,4.0252,-1.2644,-1.2273,22.958,7.4935,0.089,0.0562,6715,10
E02002719,East Riding of Yorkshire 036,4,7046,8.1991,0.1214,0.0766,6.0384,-0.6759,-0.2036,12.0272,14.3727,0.1814,0.0962,6050,9
E02002720,East Riding of Yorkshire 037,4,7515,6.6449,0.0712,0.0576,11.704,-0.8199,-0.9449,22.3428,9.3319,0.1111,0.0576,6383,10
E02002721,East Riding of Yorkshire 038,4,7036,17.8583,0.1655,0.1026,21.0563,-0.2648,-0.5097,32.2252,23.3003,0.2521,0.1616,3524,6
E02002722,East Riding of Yorkshire 039,6,8386,41.4108,0.3531,0.2583,48.7668,0.6589,0.2809,26.6272,38.1386,0.5066,0.251,667,1
E02002723,East Riding of Yorkshire 040,5,8538,24.4702,0.2204,0.1294,39.4014,0.0788,0.0703,16.7681,41.0844,0.3381,0.1733,2312,4
E02002724,East Riding of Yorkshire 041,5,9611,33.2129,0.3204,0.1889,52.4758,0.3862,0.6551,20.9999,28.33,0.4479,0.2752,1229,2
E02002725,East Riding of Yorkshire 042,4,7068,11.8288,0.114,0.0828,13.7942,-0.4889,-0.5758,29.8028,14.123,0.1663,0.1077,5083,8
E02002726,North East Lincolnshire 001,7,10449,27.148,0.2924,0.1728,39.6175,0.507,0.0594,18.3973,6.0106,0.4389,0.2141,1903,3
E02002727,North East Lincolnshire 002,3,5154,80.0601,0.7301,0.4998,86.2253,2.1826,1.9184,24.377,35.9542,0.8297,0.622,3,1
E02002728,North East Lincolnshire 003,5,7705,56.1669,0.5093,0.3239,55.8191,1.1714,1.6115,17.0391,46.1582,0.7001,0.3696,157,1
E02002729,North East Lincolnshire 004,4,5602,26.2522,0.2736,0.1919,25.6367,0.3938,-0.1311,21.9638,9.3851,0.3606,0.2262,2040,3
E02002730,North East Lincolnshire 005,5,6978,56.6565,0.5132,0.3099,60.8769,1.0612,1.4558,14.4273,56.5764,0.7097,0.2904,147,1
E02002731,North East Lincolnshire 006,4,5612,61.5638,0.5695,0.3346,68.325,1.1724,1.9148,15.1141,51.2309,0.7606,0.3386,67,1
E02002732,North East Lincolnshire 007,5,8061,11.5151,0.1269,0.0789,9.3942,-0.1784,-0.8344,30.4764,6.8764,0.2005,0.1002,5175,8
E02002733,North East Lincolnshire 008,4,5714,27.4803,0.2859,0.1793,31.4732,0.2685,0.6549,9.2067,34.8373,0.4386,0.217,1867,3
E02002734,North East Lincolnshire 009,3,5652,22.7651,0.2587,0.1425,29.9262,0.1985,0.6034,14.2398,16.9564,0.3944,0.1764,2597,4
E02002736,North East Lincolnshire 011,4,5622,56.12,0.5217,0.297,54.8663,1.1645,1.7154,12.7791,54.4074,0.7551,0.3377,159,1
E02002737,North East Lincolnshire 012,5,7016,21.7283,0.2308,0.1375,27.9473,0.146,0.7327,10.4351,21.6761,0.3655,0.1706,2761,5
E02002738,North East Lincolnshire 013,5,6782,19.3523,0.2112,0.1379,28.0991,0.1185,0.0784,17.1089,7.8983,0.3308,0.1518,3189,5
E02002739,North East Lincolnshire 014,4,5766,27.6915,0.3143,0.1803,30.5913,0.5205,0.3296,13.2965,27.8913,0.4688,0.2573,1844,3
E02002740,North East Lincolnshire 015,4,5450,39.6894,0.3963,0.2322,50.9548,0.8357,0.8122,15.2091,17.335,0.6017,0.2981,763,2
E02002741,North East Lincolnshire 016,6,8940,23.2206,0.2312,0.1392,22.4487,0.1666,0.7016,9.4464,33.8977,0.3687,0.1429,2508,4
E02002743,North East Lincolnshire 018,4,5467,27.2559,0.3036,0.2034,34.2933,0.4539,0.1628,15.7352,10.8886,0.4185,0.2639,1893,3
E02002744,North East Lincolnshire 019,5,6891,63.8837,0.6254,0.3779,69.0497,1.5427,1.5361,21.3274,12.8296,0.7687,0.5507,39,1
E02002745,North East Lincolnshire 020,4,7282,9.7358,0.0984,0.0847,12.5274,-0.3844,-0.371,20.3362,9.5537,0.1519,0.0948,5646,9
E02002746,North East Lincolnshire 021,6,9969,10.4931,0.142,0.0889,13.5817,-0.4377,-0.5773,17.7955,5.8166,0.2024,0.1457,5461,8
E02002747,North East Lincolnshire 022,6,9546,9.0203,0.1189,0.0792,9.8348,-0.4164,-0.4268,20.2096,6.3027,0.1735,0.0916,5842,9
E02002748,North East Lincolnshire 023,6,8056,11.4799,0.1138,0.087,10.543,-0.3327,-0.5152,26.7523,9.2155,0.1667,0.1152,5184,8
E02002749,North Lincolnshire 001,6,12045,17.4668,0.2043,0.128,20.0201,-0.0188,0.0402,19.7134,13.9788,0.32,0.149,3604,6
E02002750,North Lincolnshire 002,4,6315,15.5899,0.1474,0.1064,11.8874,-0.3208,-0.8957,37.3957,16.975,0.2516,0.1242,4060,6
E02002751,North Lincolnshire 003,4,6427,20.5348,0.2183,0.14,22.8489,0.1524,-0.1622,24.9745,14.1533,0.3317,0.1585,2950,5
E02002752,North Lincolnshire 004,4,7114,22.9697,0.2088,0.1399,22.9726,0.0719,-0.3832,39.4751,23.3406,0.3249,0.1545,2555,4
E02002753,North Lincolnshire 005,5,8446,19.4287,0.1685,0.1287,18.7904,0.0947,-0.1737,33.3773,15.1381,0.278,0.1418,3170,5
E02002754,North Lincolnshire 006,5,8311,24.463,0.1966,0.1331,24.3527,0.0748,-0.0311,43.8716,25.1739,0.2869,0.1599,2315,4
E02002755,North Lincolnshire 007,4,7673,32.8435,0.3483,0.1795,46.8324,0.7361,0.4163,17.2144,18.6118,0.5316,0.2688,1267,2
E02002756,North Lincolnshire 008,5,9028,48.6263,0.4802,0.2285,69.8517,0.916,1.6075,13.4091,30.4045,0.7239,0.3844,375,1
E02002757,North Lincolnshire 009,4,6193,16.3516,0.1934,0.1036,25.5879,0.084,0.2387,11.8248,13.7824,0.3412,0.109,3856,6
E02002758,North Lincolnshire 010,4,6451,32.9852,0.331,0.1999,48.0271,0.5986,0.5144,9.7498,23.9055,0.5128,0.1999,1249,2
E02002759,North Lincolnshire 011,6,9503,19.2096,0.186,0.1327,17.7619,0.0853,-0.3172,28.1365,17.851,0.2833,0.1543,3225,5
E02002760,North Lincolnshire 012,4,5795,25.5427,0.2374,0.1734,24.1114,0.4169,0.7242,13.5994,11.4204,0.3327,0.1694,2149,4
E02002761,North Lincolnshire 013,4,6365,16.3112,0.1526,0.1045,16.6231,-0.0135,-0.3358,31.1229,16.1035,0.2521,0.1243,3874,6
E02002762,North Lincolnshire 014,4,6457,29.2449,0.3069,0.1829,37.9892,0.7342,0.7863,8.7643,13.8243,0.3913,0.2577,1657,3
E02002763,North Lincolnshire 015,6,8820,38.2846,0.3762,0.2221,46.2293,0.936,1.1553,12.6916,13.519,0.5295,0.311,847,2
E02002764,North Lincolnshire 016,4,5897,44.7794,0.4441,0.2596,58.6722,0.9076,1.417,16.5751,5.6243,0.5838,0.2854,516,1
E02002765,North Lincolnshire 017,4,6312,30.1802,0.3157,0.185,37.4417,0.7655,0.9042,9.0199,13.861,0.484,0.228,1531,3
E02002766,North Lincolnshire 018,6,8868,16.927,0.1991,0.1252,21.2904,0.1361,-0.1227,13.6075,5.2544,0.282,0.1338,3723,6
E02002767,North Lincolnshire 019,4,6665,8.2175,0.0949,0.0903,10.9422,-0.3135,-0.6246,16.4916,3.6234,0.1677,0.0704,6047,9
E02002768,North Lincolnshire 020,4,7561,13.8348,0.1374,0.1089,11.0368,-0.3415,-0.2171,29.3316,9.4289,0.2293,0.0906,4506,7
E02002769,North Lincolnshire 021,4,5608,11.9464,0.1035,0.0955,10.5795,-0.2739,-0.6198,29.2163,12.0991,0.1404,0.0996,5042,8
E02002770,North Lincolnshire 022,4,7133,16.9156,0.1673,0.1074,16.9416,-0.1202,-0.4382,34.9005,13.9126,0.2707,0.1405,3727,6
E02002771,North Lincolnshire 023,4,7098,14.5276,0.1148,0.0935,11.2825,-0.3404,-0.3085,36.6474,17.4796,0.2097,0.0865,4335,7
E02002772,York 001,4,6929,5.7586,0.0779,0.0504,5.3603,-0.7882,-1.1873,25.4024,3.8,0.1241,0.0661,6528,10
E02002773,York 002,4,5590,7.3296,0.1032,0.0772,6.581,-0.2954,-0.8151,15.5686,4.1214,0.1495,0.0733,6253,10
E02002774,York 003,4,6088,3.0908,0.0545,0.05,3.6345,-0.7217,-1.5253,15.4665,3.749,0.091,0.0351,6816,10
E02002775,York 004,4,5722,16.4684,0.2105,0.1268,21.0799,0.1261,-0.2865,10.9988,7.0511,0.2976,0.2014,3827,6
E02002776,York 005,4,6601,7.5687,0.1086,0.0765,13.093,-0.3556,-0.8873,9.4812,5.7594,0.1657,0.0897,6197,10
E02002777,York 006,5,9194,6.9934,0.1162,0.0656,9.2313,-0.3713,-0.6639,13.1568,3.9461,0.2065,0.0973,6326,10
E02002778,York 007,5,7930,5.8727,0.0683,0.0531,5.7856,-0.7334,-0.5913,8.5361,21.7655,0.0955,0.0604,6503,10
E02002779,York 008,7,9696,9.0884,0.1049,0.0724,11.4201,-0.4435,-0.9265,15.5013,14.1259,0.1575,0.082,5821,9
E02002780,York 009,5,8112,26.1211,0.2588,0.1399,39.9661,0.623,0.3241,8.7083,24.2735,0.3876,0.279,2063,4
E02002781,York 010,5,10133,15.6704,0.1654,0.0875,19.9351,0.1297,0.2769,10.4119,23.2372,0.3445,0.1718,4041,6
E02002782,York 011,4,6516,5.6453,0.0665,0.0472,2.6797,-0.8518,-1.19,25.0336,11.3247,0.125,0.0381,6547,10
E02002783,York 012,6,10488,11.033,0.1533,0.0835,17.4326,-0.262,-0.5148,9.3929,10.9795,0.2389,0.1274,5315,8
E02002784,York 013,7,11432,22.9157,0.1803,0.12,17.3097,0.6355,0.916,15.1566,35.7068,0.5413,0.2407,2568,4
E02002785,York 014,4,8073,5.6489,0.0938,0.0592,6.8663,-0.7743,-0.8986,17.6994,3.661,0.179,0.0603,6546,10
E02002786,York 015,6,10230,17.8118,0.1971,0.0901,29.8291,0.2655,-0.0071,20.1955,13.0708,0.4171,0.2181,3528,6
E02002787,York 016,6,8967,17.2491,0.1869,0.1181,17.1888,0.2491,0.0527,7.6981,23.5539,0.274,0.155,3648,6
E02002788,York 017,5,8277,9.9158,0.0943,0.0603,10.3367,-0.3503,-0.5458,6.3213,37.1923,0.1694,0.1035,5601,9
E02002789,York 018,6,9264,31.4057,0.3278,0.1811,47.529,0.7587,0.9019,14.7707,5.9495,0.4499,0.2671,1422,3
E02002790,York 019,6,11931,10.04,0.0929,0.0551,7.9836,-0.1384,-0.3599,15.2488,30.6143,0.2259,0.1467,5579,9
E02002791,York 020,4,6637,5.423,0.0524,0.0416,2.0246,-0.9011,-1.5251,29.5358,8.9705,0.0707,0.0519,6578,10
E02002792,York 021,4,7765,4.6658,0.0814,0.0511,2.9971,-0.8919,-0.8077,8.3981,18.1561,0.1481,0.0516,6681,10
E02002793,York 022,6,9368,11.5863,0.133,0.0867,18.8106,-0.164,-0.2141,14.1845,6.982,0.1998,0.1279,5160,8
E02002794,York 023,4,10922,7.4642,0.0666,0.0351,3.5872,-1.3315,-1.2035,26.1014,21.8649,0.2073,0.0749,6221,10
E02002795,York 024,6,8250,5.5446,0.0609,0.0492,3.1373,-0.8986,-1.4637,25.7126,10.6087,0.092,0.0504,6559,10
E02002796,Derby 001,4,6211,4.7955,0.0728,0.0567,2.5616,-0.6754,-0.9879,12.2714,12.7426,0.1081,0.0533,6665,10
E02002797,Derby 002,5,7413,3.6871,0.0578,0.0561,2.9921,-0.6593,-1.107,8.4917,8.5791,0.0754,0.0404,6770,10
E02002798,Derby 003,7,10275,6.5393,0.0979,0.0677,7.3284,-0.4045,-0.6844,16.5335,4.7497,0.1922,0.0699,6410,10
E02002799,Derby 004,4,6488,28.6019,0.3221,0.1682,37.096,0.831,0.5777,16.6744,12.6245,0.5003,0.2592,1740,3
E02002800,Derby 005,4,7031,10.3993,0.1106,0.0789,2.9303,-0.2593,-0.2391,13.4451,29.2796,0.1205,0.1419,5485,8
E02002801,Derby 006,5,7397,20.472,0.2294,0.1415,28.5844,0.4314,0.0055,11.1523,17.2909,0.3374,0.1772,2965,5
E02002802,Derby 007,5,7944,50.8159,0.49,0.2793,58.8146,1.4079,1.014,15.6649,22.6975,0.6232,0.401,301,1
E02002803,Derby 008,4,8041,29.6728,0.2739,0.1664,24.5987,1.0471,0.9114,19.2218,28.5846,0.5977,0.3663,1590,3
E02002804,Derby 009,5,9213,28.1185,0.3135,0.1813,33.7116,0.7474,0.6113,17.7692,8.7796,0.4507,0.2443,1797,3
E02002805,Derby 010,4,5594,9.3377,0.0962,0.0819,7.7378,-0.0231,-0.6321,11.4943,18.7398,0.1605,0.0706,5757,9
E02002806,Derby 011,4,6514,31.0114,0.2978,0.1567,35.7403,0.9416,0.8313,16.7218,34.3731,0.5754,0.3871,1446,3
E02002807,Derby 012,6,9087,24.3807,0.2539,0.1688,29.7506,0.3916,0.4391,11.1225,19.6194,0.3618,0.1553,2324,4
E02002808,Derby 013,7,12732,41.9893,0.3997,0.2101,33.3527,1.1965,1.5916,20.3085,39.31,0.674,0.4375,637,1
E02002809,Derby 014,4,7095,22.656,0.2533,0.1605,26.5865,0.6084,-0.0957,14.2964,15.9034,0.3775,0.1857,2615,4
E02002810,Derby 015,5,9501,7.337,0.1136,0.0779,5.0656,-0.4112,-0.5621,14.22,5.8696,0.2084,0.0365,6251,10
E02002811,Derby 016,5,11043,63.4331,0.5764,0.3151,72.4497,1.1643,1.2036,24.8289,60.5397,0.7608,0.6154,44,1
E02002812,Derby 017,4,8074,18.7635,0.2136,0.1272,15.0742,0.456,0.2369,12.301,20.5583,0.32,0.1698,3336,5
E02002813,Derby 018,6,12087,61.234,0.5862,0.3043,69.2609,1.2057,1.0622,26.4573,50.7668,0.7473,0.6176,76,1
E02002814,Derby 019,5,7254,9.1924,0.117,0.0812,5.1085,-0.1104,-0.3685,13.4039,14.6982,0.1805,0.0906,5792,9
E02002815,Derby 020,4,8991,48.6287,0.49,0.2483,63.1377,0.5465,0.6868,20.8039,57.8291,0.595,0.432,373,1
E02002816,Derby 021,5,9421,7.9976,0.1211,0.0755,5.12,-0.4731,-0.5783,14.3616,10.443,0.1776,0.0816,6111,9
E02002817,Derby 022,4,6290,11.8715,0.1628,0.0951,14.3622,-0.1397,-0.2767,12.4663,13.209,0.261,0.0866,5072,8
E02002818,Derby 023,4,8568,45.2514,0.4849,0.2307,56.0853,1.0229,0.8024,20.0114,34.7256,0.6487,0.4508,499,1
E02002819,Derby 024,5,7573,28.0745,0.2904,0.1743,34.2694,0.8634,0.4326,13.6253,19.6451,0.4263,0.2602,1803,3
E02002820,Derby 025,6,10029,33.5591,0.3457,0.1906,41.0068,0.7947,0.8945,10.2458,31.7631,0.4974,0.2776,1193,2
E02002821,Derby 026,6,12428,49.2832,0.505,0.2671,62.9967,1.1308,1.1319,14.8445,25.2832,0.6841,0.4073,357,1
E02002822,Derby 027,4,7120,19.9133,0.2562,0.1427,21.4595,0.2212,0.1823,14.5762,14.7008,0.3721,0.1927,3068,5
E02002823,Derby 028,5,7646,29.8474,0.3115,0.2018,32.7865,0.7822,0.5666,11.0787,11.6885,0.5159,0.2128,1573,3
E02002824,Derby 029,6,10812,32.367,0.3781,0.2037,39.9099,0.643,0.3381,19.5442,11.0796,0.4974,0.2986,1312,2
E02002825,Derby 030,6,8667,16.5977,0.1803,0.1223,17.6627,0.2811,-0.0621,13.3078,9.8019,0.2919,0.151,3797,6
E02002826,Derby 031,4,7081,12.191,0.1737,0.0983,11.9823,-0.1173,-0.1119,13.4049,7.3157,0.2514,0.1521,4978,8
E02002827,Leicester 001,4,6915,31.9019,0.3212,0.1807,35.5402,0.5698,0.2689,37.0797,8.0762,0.4504,0.2408,1361,2
E02002828,Leicester 002,5,8338,19.4086,0.2053,0.1169,24.1043,-0.0241,-0.1031,30.3813,15.2324,0.3379,0.1759,3177,5
E02002829,Leicester 003,6,12062,49.7541,0.486,0.2538,53.1089,1.0676,1.1834,36.3912,22.6969,0.653,0.4224,330,1
E02002830,Leicester 004,5,11304,39.9625,0.4056,0.2216,36.9108,0.7772,1.2338,32.0364,9.7848,0.5171,0.3849,746,2
E02002831,Leicester 005,4,7338,28.353,0.3087,0.1481,40.8758,-0.0716,0.1634,32.3619,29.7383,0.4758,0.2554,1764,3
E02002832,Leicester 006,6,10375,33.2043,0.3522,0.1457,48.0471,-0.0368,0.3335,35.0263,37.4625,0.4441,0.4484,1231,2
E02002833,Leicester 007,5,9037,32.4594,0.344,0.1332,53.6683,-0.1524,0.126,32.8613,45.6708,0.4952,0.3961,1307,2
E02002834,Leicester 008,7,12610,19.7653,0.2259,0.0974,22.9428,-0.2337,0.3643,27.7082,22.404,0.3961,0.2143,3098,5
E02002836,Leicester 010,6,11034,33.5806,0.3457,0.1188,54.075,-0.1332,-0.1769,38.5673,53.126,0.4648,0.4739,1192,2
E02002837,Leicester 011,4,10072,39.9185,0.4312,0.1764,57.3902,0.3275,0.5715,40.1672,28.1293,0.549,0.5095,749,2
E02002838,Leicester 012,5,8761,52.4679,0.5336,0.2899,48.2222,1.1708,1.564,29.115,15.3563,0.6582,0.4848,254,1
E02002839,Leicester 013,5,8574,26.9957,0.2996,0.1487,29.48,0.2951,0.4984,30.9616,17.3255,0.4126,0.2693,1929,3
E02002842,Leicester 016,4,8944,39.9732,0.3827,0.1657,45.4726,0.5632,1.2409,27.9789,55.812,0.5704,0.3661,745,2
E02002843,Leicester 017,7,15628,40.1677,0.4296,0.1268,59.2408,-0.1634,-0.2338,42.2151,65.243,0.56,0.5752,734,2
E02002844,Leicester 018,6,12291,47.6768,0.5328,0.206,54.4257,0.4582,0.105,44.3084,44.1794,0.6096,0.7638,409,1
E02002845,Leicester 019,6,11273,41.9039,0.4394,0.1962,47.2161,0.5795,0.7355,39.7833,28.2977,0.5988,0.4305,641,1
E02002846,Leicester 020,5,7564,16.3889,0.1648,0.0925,13.8795,-0.1856,0.3048,20.1542,33.6102,0.277,0.1136,3849,6
E02002847,Leicester 021,6,10711,29.0326,0.3541,0.1183,46.64,-0.1856,-0.3891,30.3918,43.8148,0.5207,0.3503,1689,3
E02002848,Leicester 022,6,11044,48.9125,0.5253,0.1848,51.8458,0.3775,0.4168,42.3118,68.5968,0.7237,0.5931,365,1
E02002849,Leicester 023,8,14096,34.7199,0.2658,0.1229,34.7887,0.5024,1.3267,31.5682,60.4262,0.4882,0.3906,1109,2
E02002851,Leicester 025,5,8943,16.0025,0.2084,0.1006,18.7095,-0.3715,-0.1233,26.6459,13.5507,0.3181,0.1479,3938,6
E02002852,Leicester 026,4,7309,62.1421,0.601,0.3205,70.9026,1.3681,1.5123,30.3717,16.9746,0.7307,0.5731,60,1
E02002853,Leicester 027,7,13585,30.1221,0.3618,0.1341,32.8027,-0.1913,0.1169,33.901,38.5568,0.5341,0.3495,1537,3
E02002854,Leicester 028,5,8564,43.7766,0.428,0.2457,44.4002,1.0988,1.2231,26.6799,21.2999,0.5666,0.4033,557,1
E02002855,Leicester 029,5,8154,26.0229,0.225,0.1017,31.7987,-0.1247,1.0071,27.5823,44.1004,0.3866,0.269,2081,4
E02002856,Leicester 030,7,11513,18.2318,0.1354,0.0788,6.0967,-0.1261,0.121,33.6634,48.4521,0.2522,0.1443,3446,6
E02002857,Leicester 031,4,7354,36.6725,0.3312,0.162,34.7348,0.7607,0.9152,33.0136,50.4023,0.5415,0.2708,962,2
E02002858,Leicester 032,5,7429,9.2841,0.0722,0.0589,1.6737,-0.6003,-0.2533,27.45,29.1493,0.1049,0.0665,5767,9
E02002860,Leicester 034,5,8621,25.4308,0.2229,0.1407,25.0153,0.3787,0.7424,27.675,26.3069,0.3696,0.126,2163,4
E02002861,Leicester 035,5,8261,56.2975,0.5366,0.3109,60.3185,1.4563,1.2843,28.5396,13.4048,0.6588,0.4825,155,1
E02002862,Leicester 036,5,8850,49.6217,0.4791,0.2698,57.9252,1.1788,1.2279,33.0446,10.6416,0.6697,0.367,337,1
E02002863,Rutland 001,4,9196,11.1847,0.0754,0.0457,8.7015,-1.1734,-1.1553,41.4584,25.6877,0.1619,0.0645,5270,8
E02002864,Rutland 002,6,8210,9.3231,0.1336,0.0831,4.8233,-0.6272,-0.6552,19.6674,13.1838,0.2064,0.0857,5760,9
E02002865,Rutland 003,5,7910,7.9199,0.1315,0.086,7.9431,-0.7587,-0.7481,11.9304,8.8882,0.2167,0.1079,6129,9
E02002866,Rutland 004,5,7353,9.7979,0.0872,0.066,4.7986,-1.0555,-1.2272,33.8565,24.3883,0.1331,0.0694,5631,9
E02002867,Rutland 005,6,8556,10.7574,0.1009,0.0635,5.5694,-1.1277,-0.7141,31.9401,26.8321,0.1407,0.0882,5391,8
E02002868,Nottingham 001,4,6003,21.7801,0.2399,0.1531,22.2214,0.4546,0.0084,16.5448,8.4587,0.3653,0.1402,2755,5
E02002869,Nottingham 002,5,7590,55.447,0.5417,0.3236,51.7668,1.4227,1.1809,23.5227,29.1237,0.7447,0.4219,174,1
E02002871,Nottingham 004,5,7936,32.7297,0.3251,0.2097,29.7097,0.841,0.5463,16.6392,33.5456,0.5239,0.2104,1279,2
E02002872,Nottingham 005,6,8702,51.6949,0.4936,0.3133,56.1763,1.4203,0.5774,28.7128,14.3927,0.6641,0.3812,278,1
E02002873,Nottingham 006,6,9524,38.3812,0.423,0.2362,41.5287,1.065,0.7319,22.1249,11.4687,0.5776,0.3551,839,2
E02002874,Nottingham 007,5,7619,32.5199,0.3143,0.2078,28.7809,1.0869,0.2703,18.2362,29.2903,0.4848,0.2085,1303,2
E02002875,Nottingham 008,5,8433,39.2182,0.4158,0.2395,34.4338,1.0527,0.7969,17.7879,34.491,0.5677,0.3524,794,2
E02002876,Nottingham 009,5,7935,32.2538,0.3264,0.1989,28.3643,0.7479,1.0304,18.9051,26.4158,0.4834,0.2884,1323,2
E02002877,Nottingham 010,5,7794,21.3324,0.1901,0.1241,7.059,0.521,0.2627,16.5217,50.5067,0.2557,0.1926,2819,5
E02002878,Nottingham 011,5,9253,56.5007,0.5981,0.3223,52.3665,1.3112,1.1656,29.348,16.3346,0.7307,0.5202,151,1
E02002879,Nottingham 012,5,10027,27.2863,0.293,0.1616,21.6212,0.2684,0.2784,21.1802,34.0355,0.4009,0.2591,1889,3
E02002880,Nottingham 013,5,8635,46.7491,0.5303,0.2795,46.3712,1.0791,0.8762,21.9623,19.7433,0.6954,0.412,435,1
E02002881,Nottingham 014,4,6964,44.3947,0.4605,0.2747,40.632,1.1585,1.0345,27.8851,12.2569,0.621,0.3623,534,1
E02002882,Nottingham 015,5,8909,24.1647,0.2137,0.1313,12.4753,0.3363,0.731,17.7335,51.3823,0.365,0.1937,2359,4
E02002883,Nottingham 016,4,7630,34.9717,0.3968,0.2266,29.0849,1.0225,0.4777,18.5564,19.1024,0.5463,0.371,1082,2
E02002884,Nottingham 017,4,7476,43.2577,0.4176,0.2161,42.8523,0.9022,0.7407,25.3869,59.1117,0.553,0.4632,575,1
E02002885,Nottingham 018,5,8801,59.0385,0.559,0.2893,52.677,1.3356,1.3678,27.0583,58.1857,0.7428,0.647,102,1
E02002886,Nottingham 019,5,10275,27.6073,0.3328,0.1759,25.3206,0.4036,0.2543,22.2455,27.3226,0.4256,0.3031,1854,3
E02002887,Nottingham 020,4,6718,46.8422,0.4779,0.3074,39.1754,1.5096,0.54,23.817,14.1497,0.5863,0.4403,432,1
E02002888,Nottingham 021,4,8043,47.5864,0.5407,0.2784,41.8641,1.3699,0.8578,18.2698,19.7182,0.6508,0.5358,411,1
E02002889,Nottingham 022,4,11764,30.8928,0.1683,0.0922,40.5959,1.3427,1.2128,24.4118,40.2221,0.7289,0.7067,1461,3
E02002890,Nottingham 023,6,12092,36.7864,0.2915,0.153,36.6771,1.4492,1.2484,24.0086,33.7257,0.8027,0.6171,955,2
E02002891,Nottingham 024,5,8442,28.6824,0.3144,0.1788,30.1497,0.6058,0.3408,13.957,29.61,0.4735,0.2317,1730,3
E02002892,Nottingham 025,4,6301,39.3947,0.4401,0.2616,38.2348,1.1421,0.3501,20.9286,10.1074,0.5694,0.3626,780,2
E02002893,Nottingham 026,7,14575,34.3006,0.29,0.1528,34.6458,0.9615,0.5749,25.5605,41.0069,0.5785,0.5663,1136,2
E02002895,Nottingham 028,4,10108,16.0983,0.0755,0.0419,23.1243,-0.0502,0.1315,19.2848,46.0488,0.3402,0.2519,3922,6
E02002896,Nottingham 029,5,9889,47.7408,0.4904,0.2654,39.5317,1.2238,0.9043,16.7088,54.2895,0.7007,0.5399,406,1
E02002897,Nottingham 030,5,8034,9.025,0.1299,0.0865,5.2939,-0.5527,-0.6637,13.5786,13.2571,0.1716,0.1122,5841,9
E02002898,Nottingham 031,5,10660,16.4285,0.1269,0.0495,20.7444,0.3922,-0.034,19.5267,42.844,0.5219,0.4173,3843,6
E02002901,Nottingham 034,4,6152,14.6405,0.1682,0.1091,13.5187,-0.0157,-0.1434,11.5045,16.7346,0.2409,0.136,4301,7
E02002902,Nottingham 035,6,9501,30.9865,0.3044,0.183,44.4483,0.9193,0.5879,15.4306,16.0177,0.55,0.2431,1449,3
E02002903,Nottingham 036,4,5924,39.421,0.3915,0.2506,42.8729,0.9905,0.9625,18.1567,12.7986,0.5892,0.318,776,2
E02002904,Nottingham 037,4,6483,33.2443,0.3626,0.2102,43.0095,0.9854,0.5473,15.6348,14.2735,0.5395,0.2578,1224,2
E02002905,Herefordshire 001,4,6261,19.6429,0.1339,0.0782,11.0809,-0.7487,-1.2173,47.4327,52.3134,0.2634,0.0879,3119,5
E02002906,Herefordshire 002,4,5625,26.3516,0.302,0.163,41.0075,0.1485,-0.1751,21.9926,15.8473,0.4818,0.2174,2018,3
E02002907,Herefordshire 003,4,6269,27.2038,0.2743,0.1751,32.2237,0.3055,0.1973,17.9707,29.1607,0.4137,0.2147,1901,3
E02002908,Herefordshire 004,6,8716,18.541,0.1363,0.0818,14.2765,-0.5752,-1.1043,44.1188,43.6311,0.2792,0.0824,3379,5
E02002909,Herefordshire 005,7,10820,22.3504,0.1769,0.1124,18.4073,-0.2926,-0.3939,38.9281,43.5567,0.3092,0.1497,2661,4
E02002910,Herefordshire 006,5,7950,22.639,0.159,0.098,18.2878,-0.4988,-0.8785,43.7281,53.5037,0.2797,0.1259,2620,4
E02002911,Herefordshire 007,6,9570,15.9929,0.1437,0.0918,14.2021,-0.3288,-0.9737,35.2193,28.7831,0.2551,0.1005,3941,6
E02002912,Herefordshire 008,4,7782,12.3281,0.1246,0.0745,13.9201,-0.6528,-1.1493,35.5703,15.345,0.2267,0.0812,4939,8
E02002913,Herefordshire 009,4,5922,14.3752,0.1344,0.0887,10.7889,-0.4919,-1.0333,36.3472,25.7666,0.2683,0.0832,4367,7
E02002914,Herefordshire 010,6,8935,14.565,0.1753,0.1103,18.6052,-0.0228,-0.5766,19.5048,12.2385,0.2844,0.125,4331,7
E02002915,Herefordshire 011,5,8165,9.7312,0.1308,0.0791,12.248,-0.2501,-0.7204,19.2157,8.395,0.1963,0.0878,5649,9
E02002916,Herefordshire 012,6,9945,24.4669,0.2588,0.1477,29.5408,0.4212,0.42,13.4119,30.4827,0.3737,0.2651,2314,4
E02002917,Herefordshire 013,4,6826,15.2252,0.1537,0.1055,19.6913,-0.1151,-0.0782,13.7071,24.869,0.248,0.1285,4160,7
E02002918,Herefordshire 014,4,5820,7.9928,0.1,0.0827,7.6582,-0.3501,-0.7606,18.6493,5.5526,0.1553,0.0638,6114,9
E02002919,Herefordshire 015,5,9024,24.6357,0.2785,0.1587,35.621,0.4363,0.343,17.1614,10.3785,0.412,0.2255,2282,4
E02002920,Herefordshire 016,4,6575,12.4895,0.1295,0.0873,16.7066,-0.414,-0.6323,28.3783,9.9992,0.2253,0.0934,4884,8
E02002921,Herefordshire 017,5,7855,35.679,0.3941,0.2185,51.1465,0.702,0.782,18.8196,7.7693,0.5715,0.3096,1026,2
E02002922,Herefordshire 018,4,6672,17.6259,0.1269,0.077,9.2983,-0.8329,-0.839,45.397,42.7094,0.2298,0.092,3565,6
E02002923,Herefordshire 019,6,9556,14.8798,0.1828,0.1046,18.6558,-0.4304,-0.5625,24.1868,17.1205,0.3728,0.1187,4235,7
E02002924,Herefordshire 020,4,6138,22.0668,0.1658,0.0798,12.4491,-0.7786,-1.2716,51.3612,56.5821,0.3106,0.1063,2706,4
E02002925,Herefordshire 021,6,11086,19.0839,0.1609,0.0895,15.4399,-0.5482,-0.9982,41.5862,37.0473,0.3014,0.0983,3257,5
E02002926,Herefordshire 022,7,11103,16.6804,0.1862,0.1181,22.6435,-0.0812,-0.3142,16.8101,16.3282,0.3346,0.1244,3773,6
E02002927,Herefordshire 023,7,12081,16.6299,0.1031,0.0706,8.5872,-0.8983,-0.9739,41.0533,52.0125,0.191,0.0736,3788,6
E02002928,Telford and Wrekin 001,4,6181,9.6838,0.1397,0.0838,11.2281,-0.1659,-1.0694,15.8167,4.5503,0.2228,0.1444,5660,9
E02002929,Telford and Wrekin 002,4,6729,10.2767,0.0847,0.0576,5.6496,-0.6734,-1.1243,37.8507,17.4487,0.167,0.0735,5516,9
E02002930,Telford and Wrekin 003,4,7285,11.2542,0.17,0.0975,11.8039,-0.2204,-0.3821,12.465,7.5336,0.2598,0.1454,5247,8
E02002931,Telford and Wrekin 004,4,6626,11.2056,0.1675,0.085,8.5639,-0.2635,-0.9304,24.7315,7.2802,0.3398,0.0959,5264,8
E02002932,Telford and Wrekin 005,5,9001,32.7649,0.3651,0.2035,43.7468,0.7927,0.3015,22.9647,8.5379,0.5549,0.2939,1272,2
E02002933,Telford and Wrekin 006,6,8010,13.5937,0.1682,0.1146,12.2603,0.169,-0.4615,18.2631,2.8263,0.2831,0.1229,4568,7
E02002934,Telford and Wrekin 007,4,6177,20.036,0.2528,0.1332,20.7021,0.3997,-0.0887,22.5718,3.483,0.4461,0.1774,3044,5
E02002935,Telford and Wrekin 008,5,6874,24.4769,0.2764,0.163,31.5399,0.6407,-0.053,18.5948,8.9747,0.4614,0.1971,2310,4
E02002936,Telford and Wrekin 009,7,11375,26.3333,0.3169,0.1475,30.0672,0.6523,0.1855,23.5322,7.939,0.4679,0.3265,2026,3
E02002937,Telford and Wrekin 010,6,11031,14.3484,0.1278,0.085,8.1887,-0.1531,-0.3912,34.5887,20.7455,0.203,0.1013,4374,7
E02002938,Telford and Wrekin 011,4,7383,31.8872,0.3564,0.1819,39.4273,0.7027,0.6498,21.4216,15.4794,0.5237,0.289,1362,2
E02002939,Telford and Wrekin 012,4,7728,21.438,0.243,0.1497,19.3162,0.5616,0.1731,17.8577,9.3828,0.3389,0.2132,2800,5
E02002940,Telford and Wrekin 013,4,5867,23.9916,0.26,0.167,25.9356,0.4587,0.1705,19.2998,13.4795,0.3967,0.2336,2395,4
E02002941,Telford and Wrekin 014,6,10385,25.4718,0.2781,0.1752,27.9941,0.7109,0.2393,19.8012,9.9003,0.4059,0.2645,2160,4
E02002942,Telford and Wrekin 015,4,8480,11.2644,0.1738,0.0841,7.5601,-0.0732,-0.4519,21.5692,3.0305,0.306,0.0736,5242,8
E02002944,Telford and Wrekin 017,5,8523,42.4119,0.4377,0.2573,44.753,1.1564,1.2515,19.7011,5.4626,0.5767,0.4153,611,1
E02002945,Telford and Wrekin 018,6,9557,29.6551,0.3471,0.194,33.465,0.6513,0.2387,20.9607,10.2085,0.5291,0.2703,1595,3
E02002946,Telford and Wrekin 019,5,7548,26.8651,0.2998,0.1747,27.2799,0.7691,0.2844,22.0207,7.2592,0.4997,0.2339,1948,3
E02002947,Telford and Wrekin 020,5,7145,40.7208,0.4095,0.2549,43.5494,0.8779,0.8612,23.0748,7.4762,0.5507,0.2828,701,2
E02002948,Telford and Wrekin 021,5,7631,54.5666,0.5733,0.319,59.1495,1.3295,1.2289,21.0904,6.0892,0.7501,0.3776,196,1
E02002949,Telford and Wrekin 022,4,5484,27.3654,0.2661,0.2011,29.0776,0.6144,0.6434,18.0592,9.1847,0.3305,0.2796,1879,3
E02002950,Telford and Wrekin 023,4,5933,46.1991,0.4566,0.2727,56.8854,1.139,0.6595,25.4141,8.7918,0.6573,0.246,458,1
E02002951,Stoke-on-Trent 001,5,7873,24.1409,0.2497,0.1597,26.9287,0.7375,0.0796,19.0125,11.4881,0.4075,0.1726,2369,4
E02002952,Stoke-on-Trent 002,4,7642,30.131,0.3242,0.1834,34.8853,0.8425,0.484,12.9052,15.943,0.4957,0.189,1536,3
E02002953,Stoke-on-Trent 003,5,7345,37.0024,0.3955,0.2267,47.079,1.0556,0.1211,15.9834,9.7032,0.5572,0.3284,936,2
E02002954,Stoke-on-Trent 004,5,8393,34.9736,0.3507,0.2141,39.5385,0.9233,0.5262,22.5702,16.5707,0.5167,0.2493,1081,2
E02002955,Stoke-on-Trent 005,4,7482,49.4129,0.513,0.2544,47.8127,1.2203,1.202,13.8607,47.361,0.7243,0.2921,349,1
E02002956,Stoke-on-Trent 006,6,9216,39.4277,0.3838,0.2273,44.1444,1.1443,0.7941,12.2472,31.4259,0.5449,0.2399,775,2
E02002957,Stoke-on-Trent 007,6,9584,12.6109,0.12,0.0981,13.3213,0.0726,-0.5479,20.5886,15.3853,0.1862,0.0814,4845,8
E02002958,Stoke-on-Trent 008,5,8482,28.68,0.2983,0.1672,32.8879,0.7462,0.6385,14.2884,23.2187,0.4241,0.2417,1732,3
E02002959,Stoke-on-Trent 009,6,9180,50.328,0.5071,0.2692,55.7442,1.4108,1.0704,17.1296,29.7687,0.711,0.3754,312,1
E02002960,Stoke-on-Trent 010,4,5632,20.2551,0.2201,0.1353,26.83,0.5027,-0.1332,12.0075,8.9428,0.317,0.1744,3004,5
E02002961,Stoke-on-Trent 011,4,7668,43.7902,0.4376,0.2342,46.3654,1.1354,0.8958,18.6567,38.1431,0.5747,0.3459,556,1
E02002962,Stoke-on-Trent 012,5,7891,49.8855,0.4796,0.2853,64.6604,1.5641,0.7368,20.7536,11.362,0.6273,0.4036,323,1
E02002963,Stoke-on-Trent 013,5,7147,43.2658,0.4071,0.2324,43.0295,1.203,0.9941,12.2706,47.6827,0.5829,0.3103,574,1
E02002964,Stoke-on-Trent 014,6,8652,32.5436,0.307,0.1927,36.1264,0.9723,0.6263,16.2092,21.8986,0.4756,0.2502,1299,2
E02002965,Stoke-on-Trent 015,4,8484,50.3321,0.4944,0.2463,55.1967,1.335,1.0926,20.5537,43.7443,0.6458,0.4283,311,1
E02002966,Stoke-on-Trent 016,7,10628,31.2612,0.2911,0.1511,39.4509,0.967,0.6339,18.3249,36.7118,0.4667,0.4277,1430,3
E02002967,Stoke-on-Trent 017,6,10603,55.1072,0.5407,0.3086,60.5241,1.7732,1.138,20.3374,7.5918,0.6709,0.4592,184,1
E02002968,Stoke-on-Trent 018,6,9654,18.8332,0.1787,0.109,15.5025,0.5231,0.0197,9.3529,40.5659,0.2936,0.1733,3318,5
E02002969,Stoke-on-Trent 019,5,9566,33.7863,0.3017,0.182,28.9366,1.0523,0.8327,11.1389,49.3468,0.4527,0.248,1179,2
E02002970,Stoke-on-Trent 020,5,7982,43.6488,0.4056,0.2465,40.8579,1.2125,1.0133,12.5228,48.4352,0.5747,0.2932,561,1
E02002973,Stoke-on-Trent 023,5,8143,25.5937,0.2745,0.1625,27.3462,0.7759,0.1003,9.9821,28.687,0.396,0.2445,2141,4
E02002974,Stoke-on-Trent 024,4,6128,19.6828,0.1823,0.1295,24.1642,0.6906,-0.0285,21.832,9.4099,0.3027,0.1131,3111,5
E02002975,Stoke-on-Trent 025,5,6986,12.0056,0.1241,0.0891,20.4303,0.2757,-0.7503,16.379,7.1544,0.2321,0.0854,5025,8
E02002976,Stoke-on-Trent 026,4,5972,26.0073,0.2851,0.1664,32.9787,0.7909,0.0772,16.42,12.2134,0.3992,0.1954,2084,4
E02002977,Stoke-on-Trent 027,4,5552,34.377,0.3049,0.2275,33.7339,1.2527,0.5443,15.1783,22.1727,0.4384,0.2357,1130,2
E02002978,Stoke-on-Trent 028,4,6847,43.3705,0.4373,0.2613,42.7212,1.2997,0.9364,22.1536,16.8653,0.6063,0.3466,568,1
E02002979,Stoke-on-Trent 029,4,6296,46.3381,0.4516,0.2271,58.5364,1.0498,0.5698,22.6998,47.6929,0.5758,0.3588,452,1
E02002980,Stoke-on-Trent 030,4,6022,12.1915,0.1335,0.1071,12.7544,0.2088,-0.6238,13.8627,9.5989,0.202,0.1153,4977,8
E02002981,Stoke-on-Trent 031,5,8545,34.8044,0.369,0.2098,32.408,0.8543,0.2604,24.5759,12.4157,0.5076,0.2588,1094,2
E02002982,Stoke-on-Trent 032,5,8817,37.4117,0.3609,0.235,33.4755,1.1898,0.5905,23.1865,6.1728,0.462,0.312,902,2
E02002983,Stoke-on-Trent 033,4,5310,10.6804,0.0997,0.0842,12.6897,0.0665,-0.2385,21.8637,3.4478,0.1858,0.0519,5408,8
E02002984,Stoke-on-Trent 034,4,5413,6.5701,0.062,0.0608,5.7314,0.0783,-1.3185,19.1339,2.6751,0.1218,0.0441,6401,10
E02002985,Bath and North East Somerset 001,3,6973,12.6341,0.1592,0.1047,17.3829,-0.4133,0.2707,8.8278,8.3918,0.221,0.1156,4836,8
E02002986,Bath and North East Somerset 002,4,7191,16.9442,0.2132,0.1355,18.4989,0.1075,0.2287,13.0317,5.1354,0.296,0.1691,3715,6
E02002987,Bath and North East Somerset 003,4,5959,4.392,0.0757,0.0586,4.0961,-1.0018,-0.9614,11.6582,3.9439,0.1139,0.0477,6708,10
E02002988,Bath and North East Somerset 004,3,5555,8.5547,0.1136,0.0767,5.0073,-0.9357,-0.6015,16.9209,20.7862,0.1354,0.1092,5964,9
E02002989,Bath and North East Somerset 005,4,5635,11.1842,0.1377,0.0975,10.4201,-0.4365,-0.4362,17.7907,10.4943,0.1888,0.132,5271,8
E02002990,Bath and North East Somerset 006,4,5804,11.4049,0.126,0.0801,6.036,-0.7957,-0.1742,18.242,35.5031,0.1976,0.0932,5204,8
E02002991,Bath and North East Somerset 007,6,11148,14.2352,0.1165,0.0794,10.2369,-0.5043,-0.0035,16.9291,35.224,0.1913,0.1368,4405,7
E02002992,Bath and North East Somerset 008,4,5830,6.2631,0.0973,0.0604,2.388,-0.7055,-0.6777,11.641,21.7393,0.091,0.1636,6455,10
E02002993,Bath and North East Somerset 009,3,6093,14.2221,0.1184,0.0695,9.1459,-0.5273,0.305,21.3252,37.8575,0.2666,0.2025,4407,7
E02002994,Bath and North East Somerset 010,7,10733,8.225,0.0797,0.0521,4.1573,-1.2823,-0.8902,26.1972,27.5239,0.1055,0.0769,6045,9
E02002995,Bath and North East Somerset 011,4,5946,39.3639,0.3727,0.2347,58.7472,0.8676,0.8772,21.4287,10.7314,0.6008,0.3136,783,2
E02002996,Bath and North East Somerset 012,6,12086,5.2579,0.0385,0.028,1.8844,-1.4539,-1.3071,15.0192,31.0026,0.0891,0.0579,6601,10
E02002997,Bath and North East Somerset 013,5,8654,8.3579,0.0869,0.0417,9.9082,-0.6933,-0.379,13.7561,30.7023,0.2071,0.1485,6018,9
E02002998,Bath and North East Somerset 014,4,6139,12.5274,0.1431,0.0906,12.3348,-0.3943,-0.1757,13.6196,25.1495,0.2457,0.1455,4877,8
E02002999,Bath and North East Somerset 015,4,5631,20.6125,0.2403,0.1347,34.1227,-0.1771,-0.0245,13.3248,9.3647,0.3696,0.2218,2935,5
E02003000,Bath and North East Somerset 016,7,9735,8.7966,0.0962,0.0751,6.6147,-0.7734,-0.8588,23.9203,14.5087,0.1429,0.0879,5894,9
E02003001,Bath and North East Somerset 017,3,5533,5.522,0.0622,0.05,2.0896,-1.1201,-0.669,8.491,28.5071,0.0848,0.0543,6562,10
E02003002,Bath and North East Somerset 018,4,6515,17.0095,0.2114,0.1258,17.6424,-0.4495,-0.4331,20.1471,8.8184,0.3075,0.1735,3698,6
E02003003,Bath and North East Somerset 019,4,5965,13.5866,0.1758,0.1046,18.3378,-0.357,-0.0671,14.9108,11.4514,0.2796,0.1531,4570,7
E02003004,Bath and North East Somerset 020,5,7447,11.933,0.1309,0.0791,10.6267,-0.56,-0.5109,24.3891,23.1858,0.1973,0.1105,5045,8
E02003005,Bath and North East Somerset 021,4,6845,9.5449,0.0855,0.058,4.037,-1.3804,-1.0737,33.6611,28.9897,0.1279,0.0669,5703,9
E02003006,Bath and North East Somerset 022,6,10016,13.2704,0.1305,0.0824,20.5796,-0.6441,-0.8198,25.3421,23.007,0.2214,0.1088,4660,7
E02003007,Bath and North East Somerset 023,5,9596,11.4278,0.1358,0.0837,11.509,-0.6027,-0.5835,28.1245,10.5901,0.2329,0.0845,5195,8
E02003008,Bath and North East Somerset 024,4,6150,20.5651,0.2535,0.1439,19.5891,0.0097,0.0662,23.3954,17.8721,0.4027,0.1587,2948,5
E02003009,Bath and North East Somerset 025,4,6244,9.7531,0.1309,0.0779,12.6001,-0.6933,-0.6861,18.5211,14.6398,0.2381,0.0938,5640,9
E02003010,Bath and North East Somerset 026,4,6552,13.9242,0.1842,0.1089,20.5472,-0.1728,-0.3933,15.3615,8.4437,0.3005,0.098,4481,7
E02003011,Bath and North East Somerset 027,3,6013,12.8943,0.1659,0.1132,17.1261,-0.387,-0.3563,16.1338,6.482,0.2675,0.1005,4772,7
E02003012,Bristol 001,6,12231,29.5587,0.3129,0.1882,34.6019,0.5274,0.8485,18.6722,11.1523,0.478,0.2156,1615,3
E02003013,Bristol 002,7,12774,32.8735,0.3287,0.184,41.7761,0.7303,0.6235,28.3369,10.1819,0.4589,0.3048,1263,2
E02003014,Bristol 003,5,8495,44.6821,0.4433,0.2523,59.4085,1.0243,0.9444,24.5871,14.4299,0.6001,0.3016,521,1
E02003015,Bristol 004,4,6947,18.9376,0.196,0.1256,14.5451,0.1019,0.33,26.8618,15.4131,0.2578,0.1975,3293,5
E02003016,Bristol 005,4,7995,28.8035,0.3088,0.1485,32.79,0.4549,0.5587,32.4016,15.026,0.5364,0.4073,1715,3
E02003017,Bristol 006,4,6371,9.2572,0.1071,0.0848,2.5217,-0.5233,-0.4335,9.5937,29.4374,0.095,0.1258,5774,9
E02003018,Bristol 007,4,6122,22.5942,0.2391,0.1477,30.7155,0.233,0.4518,19.9721,12.3436,0.356,0.1865,2629,4
E02003019,Bristol 008,6,10373,27.0476,0.2497,0.1517,42.3806,0.5016,0.2893,21.5622,25.7262,0.3611,0.2194,1918,3
E02003020,Bristol 009,4,6583,2.6327,0.039,0.0325,0.3031,-1.096,-1.3227,9.3674,18.6778,0.0362,0.042,6835,10
E02003021,Bristol 010,4,7600,10.8594,0.1076,0.062,5.7677,-0.1874,0.0809,14.4048,34.429,0.1447,0.1246,5356,8
E02003022,Bristol 011,4,6346,2.1946,0.0297,0.0387,0.333,-1.3725,-1.1513,4.8904,17.4359,0.0367,0.0211,6847,10
E02003023,Bristol 012,4,6792,19.0724,0.191,0.1249,21.4822,0.1626,0.3188,18.7788,22.1014,0.287,0.1764,3258,5
E02003024,Bristol 013,5,10337,23.9326,0.2518,0.1539,23.007,0.4853,0.6307,14.9353,17.6633,0.387,0.2213,2411,4
E02003025,Bristol 014,4,7790,29.7307,0.294,0.1659,31.8554,0.6509,0.9376,23.348,19.9925,0.4172,0.2746,1585,3
E02003026,Bristol 015,6,10575,4.3706,0.036,0.0322,1.5201,-1.2981,-0.9891,12.9267,21.9706,0.0426,0.0467,6711,10
E02003027,Bristol 016,7,12994,7.9595,0.0635,0.0465,2.1716,-0.4081,-0.3451,10.865,35.1189,0.07,0.0983,6118,9
E02003028,Bristol 017,5,8820,5.5703,0.0526,0.0452,0.7395,-0.872,-1.0876,6.4785,37.6652,0.0474,0.0796,6555,10
E02003029,Bristol 018,4,6652,28.1496,0.3207,0.1777,37.4066,0.6274,0.3068,16.2876,16.4454,0.4305,0.2861,1793,3
E02003030,Bristol 019,4,7818,22.0818,0.2155,0.1358,17.934,0.2099,0.7973,16.3476,33.4049,0.3252,0.1742,2705,4
E02003031,Bristol 020,6,10605,9.1351,0.0622,0.05,1.4802,-0.6997,-0.0049,9.5541,47.6376,0.068,0.0965,5808,9
E02003032,Bristol 021,4,8638,23.5387,0.2538,0.137,28.5533,0.36,0.5671,18.2874,24.2275,0.3787,0.2452,2468,4
E02003033,Bristol 022,5,8875,8.1174,0.0501,0.0362,4.2933,-0.5941,-0.3835,9.9852,46.4349,0.0858,0.1441,6067,9
E02003036,Bristol 025,5,9185,18.0931,0.1316,0.0765,8.0795,0.1983,0.793,13.2462,42.6746,0.3305,0.3014,3474,6
E02003037,Bristol 026,5,9363,7.1878,0.0461,0.0263,5.2227,-0.9666,-0.4487,10.0431,43.6537,0.1117,0.1327,6292,10
E02003038,Bristol 027,4,6965,21.1698,0.2193,0.1268,26.7922,0.3877,0.4079,16.1422,25.311,0.3394,0.2065,2847,5
E02003039,Bristol 028,5,8710,24.6085,0.2489,0.1481,25.9785,0.6279,0.5345,16.7024,26.6278,0.355,0.2698,2288,4
E02003040,Bristol 029,5,9883,24.6103,0.2239,0.1294,19.9446,0.5979,0.8006,13.5573,44.5238,0.3782,0.2812,2286,4
E02003041,Bristol 030,4,6278,5.0188,0.0381,0.0275,3.8383,-1.3621,-0.7192,8.1815,36.4676,0.0557,0.0864,6641,10
E02003044,Bristol 033,4,6142,11.4687,0.1166,0.0839,15.7983,-0.1969,-0.297,15.5536,22.1876,0.159,0.0869,5188,8
E02003045,Bristol 034,4,7057,12.2146,0.0984,0.0567,8.2221,-0.0988,0.0731,13.1608,39.7962,0.2085,0.1888,4969,8
E02003046,Bristol 035,6,9968,16.4891,0.1892,0.1063,19.4913,0.1807,0.121,14.8743,19.317,0.295,0.1882,3821,6
E02003047,Bristol 036,6,11039,12.4491,0.124,0.0802,4.0619,-0.0578,0.1041,10.5209,35.2562,0.1497,0.202,4896,8
E02003048,Bristol 037,4,6745,17.7087,0.1627,0.0992,10.8166,0.3064,0.3839,14.0397,40.5256,0.2936,0.2228,3551,6
E02003049,Bristol 038,5,7940,19.1914,0.1985,0.1331,23.806,0.2584,0.0796,14.3998,21.6947,0.2787,0.1563,3229,5
E02003050,Bristol 039,6,10207,23.7924,0.2112,0.1204,20.4596,0.8401,0.8653,12.99,29.905,0.3689,0.3289,2432,4
E02003051,Bristol 040,4,7487,20.6373,0.2456,0.115,24.9206,0.0678,0.4469,13.325,27.254,0.4244,0.2405,2934,5
E02003052,Bristol 041,4,7190,14.8805,0.1457,0.0937,22.7359,-0.0231,-0.2396,9.7064,28.2402,0.2043,0.162,4234,7
E02003053,Bristol 042,5,8748,14.1408,0.1331,0.1013,12.6305,-0.1431,0.1346,9.9301,32.4982,0.1539,0.1512,4431,7
E02003054,Bristol 043,4,6937,17.5296,0.1562,0.1086,14.871,0.071,0.6968,12.5422,28.8223,0.2692,0.1026,3590,6
E02003055,Bristol 044,5,9145,40.8121,0.4153,0.2204,60.6731,0.882,0.9858,18.9308,11.3504,0.569,0.3853,694,2
E02003056,Bristol 045,5,7570,50.2766,0.4681,0.2855,66.926,1.2147,1.1108,22.0393,12.6248,0.6547,0.3844,313,1
E02003057,Bristol 046,4,6319,13.5553,0.1508,0.0997,22.7636,-0.089,-0.2119,9.2806,16.7252,0.2328,0.1118,4583,7
E02003058,Bristol 047,6,9933,25.2764,0.257,0.1506,36.5487,0.5059,0.751,14.491,12.414,0.4008,0.1993,2182,4
E02003059,Bristol 048,4,6701,26.3447,0.2488,0.1554,35.8478,0.2405,0.7223,11.9566,14.7877,0.3447,0.2004,2022,3
E02003060,Bristol 049,7,11148,21.26,0.216,0.1434,30.0669,0.2681,0.3012,14.6443,11.0607,0.3229,0.1737,2834,5
E02003061,Bristol 050,4,6171,44.9471,0.4209,0.2525,67.0966,1.2576,0.9998,14.7733,10.9529,0.5874,0.3189,508,1
E02003062,Bristol 051,4,6063,52.5619,0.4792,0.3084,70.1404,1.3379,1.4311,13.9843,7.3871,0.6268,0.3328,251,1
E02003063,Bristol 052,5,7447,11.7245,0.1356,0.0978,19.2846,-0.2146,-0.2309,11.308,10.0147,0.2677,0.0703,5118,8
E02003064,Bristol 053,4,7742,66.8999,0.6189,0.3797,79.4267,1.6323,1.7825,15.2293,8.636,0.8302,0.4021,21,1
E02003065,North Somerset 001,6,9768,8.6328,0.1285,0.0793,8.0612,-0.7172,-0.1131,16.5274,6.4317,0.1912,0.1185,5943,9
E02003066,North Somerset 002,4,6181,4.0142,0.0516,0.0443,2.9795,-1.2101,-1.5242,26.3036,1.9524,0.0738,0.0398,6745,10
E02003067,North Somerset 003,5,8075,7.323,0.1217,0.0742,7.4618,-0.5601,-0.6419,15.9393,4.0089,0.1792,0.1209,6258,10
E02003068,North Somerset 004,4,6397,12.3932,0.1269,0.0839,12.6547,-0.803,-0.4247,21.0838,21.6938,0.176,0.1039,4917,8
E02003069,North Somerset 005,4,5724,5.1907,0.0649,0.0551,4.8243,-1.0931,-1.2071,15.6068,20.2398,0.1035,0.0387,6611,10
E02003070,North Somerset 006,7,13418,6.4995,0.0815,0.0577,3.8196,-1.1811,-0.653,21.97,16.0137,0.099,0.0744,6416,10
E02003071,North Somerset 007,5,8119,15.4514,0.1712,0.1219,16.2502,-0.0867,-0.0573,12.7841,23.0301,0.2102,0.1581,4096,6
E02003072,North Somerset 008,6,9250,9.6741,0.1356,0.0966,14.1898,-0.6126,-0.8615,14.8957,6.0553,0.2448,0.0882,5664,9
E02003073,North Somerset 009,5,6318,3.0738,0.0675,0.0562,4.0145,-1.0404,-1.2672,10.8706,2.074,0.0901,0.0456,6817,10
E02003074,North Somerset 010,5,7661,8.4677,0.1216,0.0776,15.8378,-0.6798,-1.0519,17.4968,6.075,0.1689,0.1081,5990,9
E02003075,North Somerset 011,4,6329,6.39,0.0761,0.0632,4.1637,-1.2848,-0.9563,18.6578,21.1411,0.0862,0.0643,6435,10
E02003076,North Somerset 012,6,10118,10.6679,0.1336,0.0865,13.4069,-0.6816,-0.5969,20.6705,14.5558,0.2074,0.0975,5414,8
E02003077,North Somerset 013,4,6509,10.3232,0.0897,0.061,11.7311,-1.229,-0.5072,29.455,25.8318,0.1527,0.0595,5504,9
E02003078,North Somerset 014,4,7433,14.8431,0.1399,0.1027,14.7853,-0.4891,-0.0521,29.5458,14.151,0.2137,0.1008,4243,7
E02003079,North Somerset 015,7,9310,11.7135,0.146,0.0922,17.9434,-0.4414,-0.3217,19.2998,1.8571,0.2321,0.1045,5125,8
E02003080,North Somerset 016,6,8657,19.9746,0.2131,0.1497,30.4122,0.0654,0.0155,17.2897,12.5281,0.3482,0.1546,3055,5
E02003081,North Somerset 017,6,9416,11.7327,0.1376,0.1008,16.1332,-0.3586,-0.5542,15.2503,11.282,0.2335,0.0905,5115,8
E02003082,North Somerset 018,6,9039,25.4487,0.2136,0.1573,23.9047,0.315,0.6578,18.9263,39.4135,0.3394,0.1846,2162,4
E02003084,North Somerset 020,6,10712,41.7371,0.3434,0.2555,38.7215,1.0833,1.3676,15.5496,40.422,0.442,0.2704,653,1
E02003085,North Somerset 021,5,7922,56.7286,0.5487,0.3426,60.9621,1.2316,1.3541,22.9842,11.8494,0.6872,0.4871,143,1
E02003086,North Somerset 022,4,6201,23.481,0.2062,0.1682,18.8288,0.4526,0.2417,15.4738,35.3031,0.2658,0.1705,2475,4
E02003087,North Somerset 023,7,11343,15.0203,0.166,0.1076,18.825,-0.4701,-0.4458,29.566,10.2142,0.2887,0.1087,4205,7
E02003088,North Somerset 024,6,9562,9.9284,0.1139,0.0779,9.2376,-0.8105,-1.1251,27.2603,16.1541,0.2122,0.0694,5597,9
E02003089,North Somerset 025,4,6032,28.2025,0.289,0.1823,30.8189,0.2027,0.2718,28.1718,11.3694,0.4529,0.1827,1782,3
E02003090,South Gloucestershire 001,5,9709,10.4786,0.1354,0.0907,10.5682,-0.5034,-0.4046,18.6326,6.1136,0.2508,0.0599,5467,8
E02003091,South Gloucestershire 002,4,6710,12.8801,0.1598,0.0961,17.4975,-0.4878,-0.8008,18.6213,11.6543,0.2965,0.0981,4776,7
E02003092,South Gloucestershire 003,4,8946,11.2977,0.1235,0.0675,10.8829,-1.0597,-0.975,33.5586,20.926,0.22,0.0791,5230,8
E02003093,South Gloucestershire 004,4,6802,9.5873,0.0726,0.0584,4.5085,-1.2519,-1.0219,32.0676,29.5559,0.1227,0.0511,5682,9
E02003094,South Gloucestershire 005,4,9116,15.5661,0.1379,0.0895,18.7273,-0.8719,-0.3571,36.6814,20.5762,0.242,0.0773,4066,6
E02003095,South Gloucestershire 006,5,9191,11.9093,0.1785,0.0972,11.2259,-0.4806,-0.1414,16.843,3.2352,0.3021,0.0639,5053,8
E02003096,South Gloucestershire 007,4,6328,13.6412,0.1634,0.1032,27.2154,-0.3337,-0.2814,14.0631,5.6647,0.2905,0.1166,4559,7
E02003097,South Gloucestershire 008,4,6539,8.6512,0.1036,0.0839,15.1438,-0.7657,-0.5358,12.3384,8.9129,0.1906,0.0736,5938,9
E02003098,South Gloucestershire 009,6,9939,4.3234,0.0757,0.0434,5.8722,-1.0608,-1.0811,18.0239,6.4044,0.1284,0.0738,6718,10
E02003099,South Gloucestershire 010,5,7663,12.985,0.1661,0.1055,21.9198,-0.2735,-0.2737,10.8607,9.982,0.2641,0.0984,4745,7
E02003101,South Gloucestershire 012,6,10731,6.8028,0.114,0.0651,6.8491,-0.8378,-0.8192,17.2311,4.6718,0.1697,0.1322,6355,10
E02003102,South Gloucestershire 013,4,7113,8.7371,0.1264,0.0829,9.38,-0.9768,-0.6494,20.3395,7.656,0.1942,0.0944,5912,9
E02003103,South Gloucestershire 014,5,7094,12.3283,0.1506,0.0965,22.2568,-0.3935,-0.4003,17.172,9.6479,0.234,0.0815,4938,8
E02003104,South Gloucestershire 015,5,7602,10.8833,0.1382,0.0886,17.1571,-0.4717,-0.5861,16.8667,9.6539,0.2331,0.105,5354,8
E02003105,South Gloucestershire 016,4,6429,9.8103,0.1304,0.0864,12.3377,-0.7995,-0.6542,16.9205,16.5142,0.2252,0.094,5627,9
E02003107,South Gloucestershire 018,7,11602,13.9051,0.1499,0.0903,16.4733,-0.2606,0.1135,20.6119,17.8369,0.2574,0.1488,4487,7
E02003108,South Gloucestershire 019,8,13178,14.3925,0.1828,0.0959,17.6089,-0.4484,-0.2523,23.5465,12.8391,0.3121,0.161,4361,7
E02003109,South Gloucestershire 020,4,6281,2.6493,0.047,0.0432,3.5672,-1.2145,-1.0244,9.6463,10.9556,0.0672,0.0356,6833,10
E02003110,South Gloucestershire 021,7,12489,4.4164,0.0954,0.0532,6.8577,-1.0659,-0.7507,12.0872,4.0021,0.1499,0.066,6706,10
E02003111,South Gloucestershire 022,4,6699,7.1829,0.083,0.0737,5.4952,-0.8781,-0.4156,7.5123,22.5922,0.0954,0.0985,6294,10
E02003112,South Gloucestershire 023,4,6681,17.1605,0.2045,0.1257,28.607,0.0145,-0.007,11.2336,11.5875,0.2679,0.1966,3666,6
E02003113,South Gloucestershire 024,6,10667,14.1707,0.098,0.0634,13.0915,-1.0402,-0.6133,35.5555,39.7272,0.1514,0.0811,4422,7
E02003114,South Gloucestershire 025,5,7233,13.5786,0.1534,0.1011,17.5804,-0.2919,-0.275,11.4462,20.8805,0.2312,0.1138,4574,7
E02003115,South Gloucestershire 026,6,9730,19.8923,0.2166,0.1334,25.2681,0.0298,0.4918,9.6888,25.1068,0.3037,0.1849,3075,5
E02003116,South Gloucestershire 027,5,7730,22.629,0.2508,0.1522,32.2309,0.313,0.4714,12.2917,15.2311,0.361,0.2109,2623,4
E02003117,South Gloucestershire 028,5,9468,15.4237,0.1814,0.109,20.93,-0.0796,0.1057,8.9071,20.167,0.2755,0.1359,4101,6
E02003118,South Gloucestershire 029,6,9866,9.6792,0.1332,0.083,15.2392,-0.4689,-0.442,11.5897,10.3587,0.2206,0.1034,5661,9
E02003119,South Gloucestershire 030,7,10357,13.6794,0.1767,0.1065,22.6373,-0.2618,-0.2529,11.0064,9.4875,0.2641,0.1318,4545,7
E02003120,South Gloucestershire 031,6,9109,8.894,0.1158,0.0861,11.7468,-0.5036,-0.2025,8.0731,11.2973,0.1808,0.0904,5867,9
E02003121,South Gloucestershire 032,7,10160,4.2782,0.0722,0.0572,9.1849,-0.7783,-0.8938,11.0976,4.4027,0.1323,0.0523,6728,10
E02003122,Plymouth 001,4,7418,8.3395,0.1025,0.0835,11.9688,-0.3775,-1.1564,19.4891,4.2331,0.1461,0.0844,6021,9
E02003123,Plymouth 002,5,8763,29.385,0.3148,0.1981,42.5178,0.6724,0.0833,22.5804,4.532,0.4601,0.2136,1641,3
E02003124,Plymouth 003,5,8333,32.7484,0.3383,0.2115,37.5354,0.7345,0.2224,28.0859,6.1464,0.4627,0.2534,1275,2
E02003125,Plymouth 004,4,5944,36.3279,0.3515,0.2422,40.4067,0.8999,0.2006,31.951,5.4721,0.524,0.2547,986,2
E02003126,Plymouth 005,5,8434,15.1529,0.1821,0.1163,20.7828,0.3884,-0.7591,15.3176,4.4803,0.2702,0.1809,4171,7
E02003127,Plymouth 006,5,7594,34.5751,0.3502,0.219,45.0551,0.7852,0.4757,20.5315,12.2107,0.4801,0.2738,1121,2
E02003128,Plymouth 007,5,9248,30.5756,0.3314,0.2107,37.6675,0.7258,0.3339,16.737,7.8937,0.4468,0.2695,1500,3
E02003129,Plymouth 008,4,6421,14.0229,0.1692,0.1224,16.5709,0.0517,-0.4852,12.5441,12.3482,0.2354,0.1512,4458,7
E02003130,Plymouth 009,7,10414,36.1084,0.3552,0.2221,42.7391,0.7937,0.567,23.3176,18.7597,0.5461,0.2511,997,2
E02003131,Plymouth 010,5,7229,22.6277,0.2529,0.1575,33.8815,0.4262,-0.4105,20.8259,8.6018,0.3964,0.209,2624,4
E02003132,Plymouth 011,5,8972,17.7682,0.2176,0.1359,21.1818,0.0711,-0.2266,10.0816,16.4639,0.3061,0.1527,3537,6
E02003133,Plymouth 012,5,7081,17.4472,0.1972,0.1372,21.6702,0.1385,-0.7363,17.6846,9.5146,0.2588,0.1599,3612,6
E02003134,Plymouth 013,5,7091,36.3298,0.3991,0.2291,48.094,0.9605,0.4359,15.5601,9.7213,0.5572,0.3521,985,2
E02003135,Plymouth 014,5,7167,38.3506,0.3739,0.2129,45.4928,1.1224,0.0008,21.3705,30.9647,0.5371,0.2967,844,2
E02003136,Plymouth 015,5,7668,8.4141,0.1039,0.0873,9.0947,-0.1431,-1.0907,14.6705,7.9575,0.1835,0.0689,6005,9
E02003137,Plymouth 016,5,7839,6.4132,0.0774,0.0673,5.0777,-0.3628,-0.6839,10.5863,17.5609,0.0902,0.0805,6433,10
E02003138,Plymouth 017,5,7586,11.2543,0.1075,0.0817,5.7541,-0.2289,-0.6221,7.3355,43.671,0.1462,0.1079,5246,8
E02003139,Plymouth 018,4,6655,9.0332,0.1277,0.0803,10.4511,-0.4988,-1.1888,23.6316,3.4942,0.2047,0.0822,5839,9
E02003140,Plymouth 019,5,7859,7.7027,0.0982,0.0754,10.1647,-0.3795,-0.7358,14.1321,11.1199,0.1461,0.0711,6173,10
E02003141,Plymouth 020,5,7972,29.7495,0.2706,0.196,23.7597,0.7145,0.7088,13.9509,42.443,0.4109,0.1853,1584,3
E02003142,Plymouth 021,6,9287,30.5638,0.3242,0.1997,38.4332,0.6726,0.3665,19.7315,18.2831,0.4506,0.2712,1501,3
E02003143,Plymouth 022,5,7221,14.9216,0.1697,0.1212,18.1044,0.062,-0.7432,21.649,6.6547,0.249,0.1384,4225,7
E02003144,Plymouth 023,5,8830,22.8015,0.1705,0.1118,16.9491,0.8276,0.5602,14.3917,45.3572,0.4599,0.2067,2587,4
E02003145,Plymouth 024,4,6737,23.6146,0.2353,0.1578,17.8048,0.6311,0.2655,12.8894,33.3264,0.3793,0.1933,2460,4
E02003146,Plymouth 025,5,8659,24.609,0.2272,0.1459,18.044,0.351,0.7211,16.2027,45.8684,0.3549,0.2049,2287,4
E02003147,Plymouth 026,5,9267,48.6698,0.4835,0.2967,52.4473,1.2959,0.9529,23.6007,13.389,0.6387,0.3847,370,1
E02003148,Plymouth 027,6,12108,32.2765,0.2774,0.1574,38.3353,1.1143,1.1095,18.4154,27.5929,0.6781,0.4907,1319,2
E02003149,Plymouth 028,5,9518,34.775,0.3206,0.1957,33.798,0.7974,0.9455,19.0395,44.1709,0.5093,0.2944,1100,2
E02003151,Plymouth 030,5,8388,8.6202,0.1029,0.0867,10.9695,-0.364,-1.0141,17.952,5.5269,0.1365,0.0834,5948,9
E02003152,Plymouth 031,7,11479,11.5383,0.1302,0.0952,14.314,-0.1636,-0.5702,18.6011,10.9484,0.2033,0.0975,5166,8
E02003153,Plymouth 032,5,7441,9.1187,0.1131,0.0865,12.7932,-0.2011,-1.0345,17.4776,4.6424,0.1687,0.0805,5811,9
E02003154,Torbay 001,5,7181,35.6552,0.3476,0.2261,44.0229,0.9507,0.2132,24.2498,12.9949,0.5167,0.2773,1029,2
E02003155,Torbay 002,4,5838,24.729,0.2399,0.1662,23.4356,0.7894,0.0997,16.1075,27.873,0.3599,0.1811,2267,4
E02003156,Torbay 003,7,10624,18.2639,0.2166,0.1332,18.5435,0.365,-0.2295,22.3324,6.0911,0.2907,0.1985,3436,6
E02003157,Torbay 004,4,6874,38.0483,0.3517,0.2431,38.9434,1.0003,0.8386,18.3817,31.9374,0.4827,0.2649,861,2
E02003158,Torbay 005,4,5785,25.5975,0.2511,0.1691,32.1413,0.7458,0.0579,13.4631,25.736,0.37,0.2045,2137,4
E02003159,Torbay 006,4,5939,29.2336,0.3077,0.1837,28.551,0.72,0.147,16.1304,38.9353,0.4098,0.2684,1660,3
E02003161,Torbay 008,4,7816,55.0519,0.45,0.3085,50.8163,1.4198,1.6366,25.4616,44.5091,0.6477,0.3383,185,1
E02003163,Torbay 010,5,8089,22.8708,0.1824,0.1592,16.0442,0.6673,-0.1131,24.3429,29.7443,0.3277,0.1477,2577,4
E02003164,Torbay 011,6,9086,14.5891,0.1452,0.1145,14.9611,0.2554,-0.8737,20.3787,15.2706,0.2075,0.1153,4321,7
E02003165,Torbay 012,5,7386,19.3433,0.2126,0.1445,21.4895,0.3782,-0.4002,16.9414,19.6453,0.3428,0.1401,3191,5
E02003166,Torbay 013,8,13165,31.8204,0.3409,0.2007,38.4485,0.721,0.158,26.0594,11.8011,0.5054,0.2181,1375,3
E02003167,Torbay 014,6,9807,42.3751,0.3665,0.2527,41.6162,1.222,0.9249,17.8119,40.3268,0.5561,0.3133,614,1
E02003168,Torbay 015,5,7142,20.5186,0.2139,0.1518,22.319,0.4897,-0.3154,21.8045,10.9583,0.3407,0.164,2954,5
E02003169,Torbay 016,5,6708,12.1247,0.1095,0.0967,11.5711,-0.0845,-1.0739,29.6427,7.9561,0.2055,0.0782,4997,8
E02003170,Torbay 017,7,9455,23.4128,0.2065,0.1483,31.4986,0.3854,-0.4116,25.4141,26.9743,0.3812,0.1568,2483,4
E02003171,Torbay 018,5,7327,24.1725,0.2377,0.164,32.5049,0.4009,-0.5431,27.7582,16.047,0.3977,0.1584,2357,4
E02003172,"Bournemouth, Christchurch and Poole 003",4,6471,26.6837,0.2775,0.1809,31.6406,0.4873,0.4713,21.1106,15.8414,0.4129,0.1882,1983,3
E02003173,"Bournemouth, Christchurch and Poole 005",4,6910,24.7301,0.2537,0.1712,33.1572,0.2785,0.2148,23.061,9.5025,0.3671,0.2118,2266,4
E02003174,"Bournemouth, Christchurch and Poole 006",5,8269,12.2552,0.1559,0.1057,11.8619,-0.3265,-0.2462,17.5845,14.0033,0.2443,0.117,4957,8
E02003175,"Bournemouth, Christchurch and Poole 007",6,9472,13.4013,0.1972,0.1105,12.3437,-0.0393,-0.4412,17.58,7.0378,0.2811,0.1124,4625,7
E02003176,"Bournemouth, Christchurch and Poole 010",5,7482,44.8077,0.4384,0.2629,55.8494,1.0386,1.2062,24.1543,9.7082,0.5569,0.386,514,1
E02003177,"Bournemouth, Christchurch and Poole 009",5,8369,8.7289,0.1345,0.0803,7.9397,-0.6019,-0.5156,14.4244,15.178,0.1817,0.0972,5915,9
E02003178,"Bournemouth, Christchurch and Poole 011",5,8886,20.1099,0.2443,0.1441,19.2811,0.2107,0.3256,17.5599,12.2043,0.3517,0.1842,3025,5
E02003179,"Bournemouth, Christchurch and Poole 012",4,6347,31.6142,0.3505,0.2192,30.6907,0.6225,0.4454,18.76,14.7705,0.4507,0.313,1399,3
E02003180,"Bournemouth, Christchurch and Poole 015",5,10495,19.0922,0.2213,0.1148,15.3802,0.0936,0.435,21.9845,22.8851,0.3949,0.2873,3255,5
E02003181,"Bournemouth, Christchurch and Poole 017",5,8844,11.2254,0.1487,0.0866,7.7944,-0.3743,-0.0298,15.1513,19.2923,0.2207,0.121,5259,8
E02003182,"Bournemouth, Christchurch and Poole 020",4,6649,6.1862,0.0966,0.0611,3.9832,-0.8452,-0.2694,12.0381,12.4108,0.1295,0.0963,6465,10
E02003183,"Bournemouth, Christchurch and Poole 028",4,7333,9.8476,0.1128,0.081,5.5946,-0.3493,-0.2381,18.4097,19.5894,0.192,0.0899,5617,9
E02003184,"Bournemouth, Christchurch and Poole 027",4,8182,18.9925,0.2101,0.1087,11.5551,-0.0183,0.698,22.1087,28.78,0.361,0.1934,3279,5
E02003185,"Bournemouth, Christchurch and Poole 026",5,7591,14.7089,0.1755,0.1165,11.7436,-0.2394,-0.1016,17.9134,18.9755,0.2143,0.181,4287,7
E02003186,"Bournemouth, Christchurch and Poole 025",5,9400,26.488,0.2954,0.1579,25.1668,0.25,0.7232,19.9985,32.2568,0.4431,0.2779,1999,3
E02003187,"Bournemouth, Christchurch and Poole 035",5,9527,22.4033,0.232,0.1558,18.5343,0.04,0.427,19.058,31.7044,0.2934,0.2136,2655,4
E02003188,"Bournemouth, Christchurch and Poole 038",8,13879,20.0562,0.1736,0.0967,15.3308,0.3725,0.8041,22.2619,28.1034,0.3008,0.3782,3037,5
E02003189,"Bournemouth, Christchurch and Poole 036",5,8342,13.4352,0.1628,0.1084,7.2577,-0.1923,-0.0988,18.7042,19.1769,0.1961,0.1766,4611,7
E02003190,"Bournemouth, Christchurch and Poole 037",7,10358,38.4283,0.3769,0.2272,31.5324,0.8841,1.2004,20.3765,33.5765,0.5177,0.4465,836,2
E02003191,"Bournemouth, Christchurch and Poole 039",5,8271,8.0801,0.1005,0.0824,5.5521,-0.5408,-0.4314,16.1583,10.5428,0.1453,0.0904,6082,9
E02003192,"Bournemouth, Christchurch and Poole 041",6,14482,28.7531,0.2293,0.1401,25.1364,0.7065,1.2043,24.6905,34.8245,0.4061,0.2699,1724,3
E02003194,"Bournemouth, Christchurch and Poole 001",4,6181,5.5171,0.0706,0.0532,7.9839,-0.9058,-1.4357,23.9239,3.4414,0.1246,0.0556,6564,10
E02003195,"Bournemouth, Christchurch and Poole 008",4,6139,18.8655,0.2021,0.1369,25.4885,0.1141,-0.1924,24.6149,5.7999,0.2972,0.1382,3308,5
E02003196,"Bournemouth, Christchurch and Poole 004",7,10277,2.9328,0.0545,0.048,4.2986,-0.9636,-1.289,13.9406,2.8513,0.0781,0.0437,6821,10
E02003197,"Bournemouth, Christchurch and Poole 013",5,6694,16.5303,0.1981,0.1289,22.6758,0.0013,-0.4061,15.7526,4.6484,0.2867,0.1582,3809,6
E02003198,"Bournemouth, Christchurch and Poole 016",5,7516,13.5487,0.1804,0.1002,19.5913,-0.1609,-0.0562,15.6397,6.2221,0.2891,0.1287,4584,7
E02003199,"Bournemouth, Christchurch and Poole 021",6,9423,15.3301,0.1988,0.1122,22.8572,-0.1329,-0.3194,19.9383,5.5161,0.3553,0.1491,4129,7
E02003200,"Bournemouth, Christchurch and Poole 022",6,10416,24.8007,0.2874,0.163,34.7636,0.2078,0.5022,16.8075,8.057,0.4184,0.2212,2252,4
E02003201,"Bournemouth, Christchurch and Poole 023",6,11152,22.682,0.2699,0.1481,30.229,0.2648,0.3169,16.7377,13.6294,0.4049,0.2419,2611,4
E02003202,"Bournemouth, Christchurch and Poole 029",4,6346,12.6186,0.1873,0.1043,12.1871,-0.273,-0.3281,15.6455,11.0456,0.2953,0.1711,4841,8
E02003203,"Bournemouth, Christchurch and Poole 032",5,7636,14.5852,0.1884,0.0954,17.2583,-0.0978,0.0557,13.304,19.6387,0.3022,0.1568,4324,7
E02003204,"Bournemouth, Christchurch and Poole 030",5,9356,15.3683,0.1955,0.1155,17.7775,-0.1143,0.0523,13.4158,14.4593,0.2971,0.1759,4119,7
E02003205,"Bournemouth, Christchurch and Poole 034",5,8546,9.6529,0.14,0.0868,12.4278,-0.5703,-0.5127,10.5087,16.6416,0.2167,0.1079,5668,9
E02003206,"Bournemouth, Christchurch and Poole 043",6,10110,10.0702,0.1269,0.08,5.4172,-0.6557,-0.3714,15.1811,18.6653,0.1733,0.1081,5572,9
E02003207,"Bournemouth, Christchurch and Poole 042",4,7542,24.745,0.2836,0.1521,35.9011,0.2218,0.2621,21.7932,6.3253,0.4102,0.2297,2263,4
E02003208,"Bournemouth, Christchurch and Poole 044",8,11488,24.4823,0.2809,0.165,22.2379,0.4638,0.3739,12.0486,20.5098,0.4283,0.2353,2307,4
E02003209,"Bournemouth, Christchurch and Poole 046",5,6674,19.1263,0.2312,0.1364,29.2957,0.0843,0.0239,15.3128,9.8945,0.3567,0.1837,3246,5
E02003210,"Bournemouth, Christchurch and Poole 047",5,10004,7.0268,0.0923,0.0652,2.8201,-0.9617,-0.2605,16.5092,16.9607,0.1392,0.0929,6320,10
E02003211,"Bournemouth, Christchurch and Poole 048",5,8470,8.1148,0.0653,0.0665,7.8996,-0.5683,-0.4937,20.5968,10.829,0.1937,0.042,6068,9
E02003212,Swindon 001,6,8351,14.7344,0.1523,0.1067,18.7219,-0.4733,-0.5153,28.0703,13.5983,0.2546,0.115,4273,7
E02003214,Swindon 003,4,6812,51.6327,0.5064,0.3112,66.1703,0.9016,0.984,26.0487,8.3769,0.6722,0.3438,282,1
E02003215,Swindon 004,5,6741,8.7071,0.0976,0.0889,14.8417,-0.4076,-0.9215,10.8367,9.122,0.1683,0.0658,5919,9
E02003216,Swindon 005,6,9954,17.024,0.19,0.1267,27.2901,-0.0736,-0.2786,13.9209,10.8674,0.2857,0.1586,3695,6
E02003217,Swindon 006,4,7430,23.9366,0.2761,0.1709,36.1107,0.2571,0.0161,16.6358,7.1188,0.374,0.246,2409,4
E02003218,Swindon 007,4,6543,36.836,0.3649,0.2329,54.1776,0.6641,0.5963,17.2229,12.326,0.4797,0.2916,950,2
E02003219,Swindon 008,8,14168,9.8439,0.1354,0.0638,12.7658,-0.8466,-0.646,28.1856,6.023,0.2146,0.104,5618,9
E02003220,Swindon 009,6,10458,11.782,0.1254,0.1013,20.6009,-0.2665,-0.6073,13.426,14.9604,0.2076,0.0801,5099,8
E02003221,Swindon 010,4,7280,25.3167,0.2684,0.1437,40.3037,0.1257,0.3126,18.0948,29.8234,0.3507,0.2857,2176,4
E02003222,Swindon 011,4,5871,7.9981,0.1293,0.0713,11.0169,-0.627,-0.8902,20.3116,2.4741,0.1919,0.0945,6110,9
E02003223,Swindon 012,6,10936,13.7817,0.1656,0.089,20.4821,-0.2624,-0.2857,17.0725,21.8759,0.2346,0.1669,4520,7
E02003224,Swindon 013,6,8506,7.8202,0.0978,0.0736,18.0026,-0.6802,-0.9828,14.8873,7.7589,0.178,0.0644,6149,9
E02003225,Swindon 014,4,6350,10.0799,0.1438,0.0841,16.4512,-0.4199,-0.503,17.3734,4.1855,0.2383,0.0704,5570,9
E02003226,Swindon 015,5,10947,26.2727,0.2512,0.1141,39.4002,-0.4797,0.5217,25.897,45.774,0.2994,0.4049,2037,3
E02003227,Swindon 016,4,6966,45.9422,0.4862,0.2747,62.1767,0.8919,1.0208,20.0921,10.2568,0.6084,0.4646,467,1
E02003228,Swindon 017,4,7866,13.8677,0.1799,0.0931,21.2509,-0.6688,0.0147,14.8139,22.2903,0.2627,0.1389,4494,7
E02003229,Swindon 018,4,5501,10.8392,0.1512,0.0842,15.7678,-0.3636,-0.5562,20.7549,3.2495,0.2615,0.0839,5367,8
E02003230,Swindon 019,5,9151,21.8897,0.2427,0.1107,19.5596,-0.0986,0.6528,20.5333,37.6182,0.3115,0.2492,2741,4
E02003231,Swindon 020,5,8567,39.3522,0.4467,0.2379,60.6629,0.6523,0.66,17.8824,7.8495,0.6165,0.3945,784,2
E02003232,Swindon 021,5,8666,9.7383,0.1161,0.0776,9.5905,-0.5517,-0.0859,14.0044,17.8399,0.147,0.1089,5644,9
E02003233,Swindon 022,6,8594,27.7105,0.3123,0.1849,34.5623,0.2695,0.0296,24.7854,6.2172,0.4137,0.267,1841,3
E02003234,Swindon 023,6,8415,18.709,0.2138,0.1386,27.342,-0.0921,-0.516,22.3934,10.9216,0.3094,0.1675,3351,5
E02003235,Swindon 024,5,9621,8.2934,0.1193,0.0748,8.9575,-0.8162,-0.2312,15.6022,9.7576,0.1871,0.0956,6028,9
E02003236,Swindon 025,7,13195,11.3265,0.1504,0.0918,13.0825,-0.428,-0.4427,21.7868,7.2179,0.2513,0.1146,5224,8
E02003237,Peterborough 001,4,6138,9.5444,0.0984,0.0693,10.033,-0.4954,-0.4817,26.4066,11.3394,0.159,0.081,5704,9
E02003238,Peterborough 002,4,5673,19.4582,0.2155,0.1355,19.3696,-0.0242,-0.3225,30.5203,4.4906,0.2695,0.2133,3165,5
E02003239,Peterborough 003,5,8410,14.5728,0.1505,0.0972,19.2955,-0.3499,-0.6434,31.0616,8.4057,0.285,0.0727,4329,7
E02003240,Peterborough 004,4,7091,11.1372,0.1022,0.065,6.1365,-0.6294,-0.8427,35.5574,21.3883,0.1568,0.0958,5281,8
E02003241,Peterborough 005,4,7297,20.8613,0.2002,0.1213,22.5154,0.008,0.0493,36.1427,13.4075,0.2988,0.1726,2898,5
E02003242,Peterborough 006,5,8468,19.3532,0.2126,0.1349,24.1939,0.0293,0.0256,20.1567,12.673,0.3417,0.1521,3188,5
E02003243,Peterborough 007,7,12195,45.7844,0.4744,0.2443,55.5065,0.8889,0.9679,35.1064,4.9822,0.617,0.4217,477,1
E02003244,Peterborough 008,5,10115,40.6846,0.4692,0.2332,57.273,0.6504,0.8975,24.4969,5.6002,0.5882,0.414,706,2
E02003245,Peterborough 009,5,8181,42.6714,0.4758,0.2425,60.1241,0.7228,0.7946,26.2806,6.5563,0.6314,0.3828,603,1
E02003246,Peterborough 010,5,9708,49.3534,0.4976,0.2365,67.0554,0.8152,0.9625,28.7225,34.7921,0.712,0.4242,353,1
E02003247,Peterborough 011,5,8872,32.3053,0.3486,0.195,43.2726,0.6435,0.6811,24.8777,6.5041,0.4586,0.2541,1316,2
E02003248,Peterborough 012,5,11593,35.9654,0.4059,0.1773,57.0669,0.1909,0.6061,22.5122,29.2369,0.5509,0.325,1008,2
E02003249,Peterborough 013,7,12879,36.7889,0.4327,0.2029,48.8359,0.5444,0.5627,27.5361,12.2377,0.604,0.3426,954,2
E02003250,Peterborough 014,6,12082,42.7792,0.4443,0.1901,59.5552,0.5599,1.2472,22.2665,40.9851,0.6691,0.4191,597,1
E02003251,Peterborough 015,5,7976,11.2272,0.1436,0.0839,9.9036,-0.2533,-0.2052,22.9329,6.4929,0.2303,0.1075,5256,8
E02003252,Peterborough 016,6,12735,26.353,0.3207,0.1394,31.2081,0.2078,0.5344,24.6864,18.8571,0.4583,0.2568,2017,3
E02003253,Peterborough 017,6,10450,27.7799,0.2942,0.1651,32.697,0.3459,0.7099,21.4199,26.2222,0.4691,0.2474,1838,3
E02003254,Peterborough 018,5,9355,9.6393,0.1262,0.0794,8.0615,-0.6135,-0.9319,26.4188,8.7734,0.2077,0.0895,5671,9
E02003255,Peterborough 019,9,14155,18.552,0.2314,0.118,22.1929,0.0666,0.0371,25.3491,4.5408,0.3493,0.1966,3377,5
E02003257,Peterborough 021,6,9599,41.0182,0.4448,0.2221,47.5346,0.8835,0.7849,35.0087,9.7236,0.5808,0.4053,684,1
E02003258,Luton 001,6,8720,9.861,0.1377,0.0671,12.802,-0.6278,-0.6766,26.9663,6.7985,0.2692,0.0832,5615,9
E02003259,Luton 002,4,6829,19.9942,0.261,0.1215,24.2482,-0.0301,-0.218,25.1113,14.8161,0.4243,0.1425,3050,5
E02003260,Luton 003,6,8849,41.4591,0.4698,0.222,41.9984,0.83,0.6174,39.7841,8.3078,0.6163,0.4322,663,1
E02003261,Luton 004,4,6449,18.1051,0.2293,0.1259,21.4513,-0.0249,-0.1768,23.6297,7.7573,0.3814,0.1365,3470,6
E02003262,Luton 005,6,11147,31.0339,0.3708,0.1735,31.4028,0.4124,0.1661,34.0746,19.7796,0.5288,0.2741,1442,3
E02003263,Luton 006,7,13212,26.149,0.3565,0.1341,30.1027,0.0888,0.0416,31.9265,17.2228,0.5696,0.1986,2057,3
E02003264,Luton 007,6,9925,11.8146,0.2023,0.0769,12.3645,-0.6448,-0.5014,24.6937,8.5781,0.33,0.1102,5087,8
E02003265,Luton 008,6,8296,13.435,0.1684,0.0917,18.2474,-0.2548,-0.3337,23.4426,8.8382,0.2812,0.1188,4612,7
E02003266,Luton 009,6,10005,33.0013,0.4234,0.1916,32.5853,0.7669,0.1909,29.777,8.8353,0.5646,0.3876,1246,2
E02003267,Luton 010,6,14444,34.4875,0.4898,0.1461,40.5517,0.1848,-0.1902,33.8453,30.018,0.6706,0.4312,1124,2
E02003268,Luton 011,6,12883,28.7956,0.4054,0.1351,32.3397,0.1585,-0.1502,34.2255,21.7744,0.5562,0.2925,1717,3
E02003269,Luton 012,6,10784,19.1312,0.2487,0.1205,18.5432,-0.2097,0.2119,22.2649,21.5117,0.413,0.1505,3245,5
E02003270,Luton 013,5,8782,19.5141,0.2588,0.1116,19.9753,0.0403,-0.0644,24.525,21.0391,0.4482,0.1584,3152,5
E02003271,Luton 014,7,10131,14.5206,0.1895,0.0941,15.7729,-0.2163,-0.2883,25.2503,9.0302,0.3341,0.1017,4339,7
E02003272,Luton 015,5,11298,42.3116,0.5394,0.1884,50.6703,0.4442,0.1138,38.0605,29.8872,0.6891,0.4938,619,1
E02003273,Luton 016,7,12505,24.8212,0.3201,0.1495,27.5305,0.1815,0.1717,25.5579,12.5965,0.4786,0.229,2249,4
E02003274,Luton 017,6,11446,49.6971,0.5923,0.1948,52.5755,0.5766,0.6549,38.4124,49.5626,0.7945,0.6151,335,1
E02003276,Luton 019,4,9327,41.5999,0.4917,0.1693,51.8024,0.5159,0.2639,35.9057,41.812,0.7116,0.4926,657,1
E02003277,Luton 020,6,11712,38.6636,0.4566,0.2016,41.9855,0.5837,0.4572,36.01,16.3978,0.6302,0.4173,818,2
E02003278,Luton 021,7,13867,33.9397,0.3435,0.1591,32.4267,0.4174,0.8247,32.8866,40.2487,0.5343,0.3682,1166,2
E02003279,Southend-on-Sea 001,6,9680,10.8124,0.1209,0.0837,17.0626,-0.4882,-0.5402,19.0181,14.7,0.2004,0.09,5373,8
E02003280,Southend-on-Sea 002,6,10645,20.4772,0.2247,0.1376,26.1172,0.1603,0.0863,15.7398,17.7135,0.3368,0.1807,2963,5
E02003281,Southend-on-Sea 003,6,9395,14.2463,0.1572,0.106,16.2163,-0.0242,-0.2381,18.4772,17.2008,0.2043,0.1522,4400,7
E02003282,Southend-on-Sea 004,6,10785,19.3626,0.2155,0.1331,15.5504,0.1054,0.2571,11.2079,28.0577,0.2971,0.17,3186,5
E02003283,Southend-on-Sea 005,7,10957,21.87,0.2382,0.1539,22.4247,0.2834,0.1732,14.8119,21.4111,0.2955,0.2068,2745,5
E02003284,Southend-on-Sea 006,7,11220,24.4698,0.2839,0.1649,27.4081,0.4272,0.2564,11.9657,21.2017,0.4077,0.2316,2313,4
E02003285,Southend-on-Sea 007,7,11219,25.2557,0.2898,0.1582,21.1676,0.3634,0.3922,12.935,40.384,0.4264,0.2337,2188,4
E02003286,Southend-on-Sea 008,6,9360,4.8235,0.0682,0.0464,3.1317,-1.1022,-0.814,12.0503,21.0855,0.0884,0.0753,6663,10
E02003287,Southend-on-Sea 009,6,10139,27.992,0.2764,0.1893,29.9849,0.3317,0.3253,14.9574,17.1343,0.3452,0.218,1812,3
E02003288,Southend-on-Sea 010,7,13039,41.5324,0.4277,0.2359,35.2342,0.9982,1.3069,17.4958,32.575,0.5962,0.4397,661,1
E02003289,Southend-on-Sea 011,6,9832,10.1376,0.1113,0.0646,7.0864,-0.5456,-0.0651,11.0302,36.9603,0.1786,0.1259,5549,9
E02003290,Southend-on-Sea 012,6,9888,20.1692,0.1965,0.1322,13.0956,0.1151,0.446,12.2073,38.0224,0.2846,0.1617,3013,5
E02003291,Southend-on-Sea 013,7,11630,28.1703,0.3127,0.1826,29.7648,0.3986,0.42,25.8906,9.6625,0.4365,0.2706,1790,3
E02003292,Southend-on-Sea 014,6,12102,50.1175,0.475,0.2871,45.3926,1.1432,1.6139,19.7345,36.5917,0.6294,0.4172,317,1
E02003293,Southend-on-Sea 015,6,11795,37.3644,0.3432,0.2033,25.6438,0.7232,1.3967,19.9822,50.6346,0.5314,0.2916,906,2
E02003294,Southend-on-Sea 016,6,9180,9.2182,0.0959,0.0728,10.6548,-0.5679,-0.2161,13.9874,21.1232,0.1316,0.0856,5788,9
E02003295,Southend-on-Sea 017,7,10018,25.3774,0.2737,0.1604,29.0102,0.147,0.0812,20.4533,14.5349,0.4261,0.1879,2170,4
E02003296,Thurrock 001,5,7023,10.8884,0.0958,0.0733,21.1735,-0.7018,-0.9311,27.5911,15.0535,0.1758,0.0509,5351,8
E02003297,Thurrock 002,5,7290,20.0714,0.2227,0.1293,31.5056,-0.0623,0.0457,21.934,15.5813,0.3353,0.1835,3035,5
E02003298,Thurrock 003,5,7041,16.773,0.1681,0.1145,25.6926,0.0631,-0.2722,19.1774,16.7832,0.2454,0.1605,3761,6
E02003299,Thurrock 004,4,6520,12.5988,0.1035,0.0707,18.9147,-0.766,-0.2434,35.2284,11.2934,0.1839,0.0754,4850,8
E02003300,Thurrock 005,5,9114,14.2024,0.1595,0.0931,19.6368,-0.3103,-0.0327,19.8114,17.4926,0.2466,0.0971,4411,7
E02003301,Thurrock 006,7,12328,22.1456,0.2637,0.1392,24.9241,0.0343,0.3605,24.4259,13.4374,0.3259,0.2933,2698,4
E02003302,Thurrock 007,6,10428,27.9138,0.3099,0.1719,29.1308,0.3648,0.6532,26.0336,15.1322,0.3955,0.3432,1820,3
E02003303,Thurrock 008,5,9483,21.4375,0.2367,0.1246,26.0818,0.0457,0.41,28.722,12.284,0.3166,0.2436,2802,5
E02003304,Thurrock 009,6,9681,19.5981,0.2383,0.1323,27.3041,0.1686,0.074,18.2508,11.1102,0.3176,0.241,3130,5
E02003305,Thurrock 010,4,7065,12.334,0.1354,0.0975,18.0001,-0.6168,-0.0351,16.0788,13.0125,0.2042,0.0888,4936,8
E02003307,Thurrock 012,6,10757,30.117,0.3293,0.1836,36.2081,0.2719,0.7055,28.5797,10.1884,0.4771,0.262,1539,3
E02003308,Thurrock 013,4,7895,24.0388,0.2199,0.1118,26.0108,-0.1128,0.2944,46.9442,15.0811,0.3345,0.1142,2385,4
E02003309,Thurrock 014,5,7906,12.3669,0.1388,0.0779,18.0644,-0.4663,0.0628,16.2794,24.5955,0.2032,0.1242,4922,8
E02003311,Thurrock 016,5,9234,22.0351,0.27,0.1194,21.3109,-0.1121,0.3846,22.5243,31.2307,0.4111,0.2217,2716,4
E02003312,Thurrock 017,4,9438,26.9737,0.3296,0.1534,26.0672,-0.0398,0.6521,29.9369,17.8186,0.4536,0.3911,1931,3
E02003313,Thurrock 018,8,15043,37.4075,0.4258,0.2051,42.6266,0.5105,0.843,31.5962,12.5182,0.5655,0.3719,903,2
E02003314,Medway 001,4,6991,28.4001,0.2189,0.15,35.3307,0.181,0.1913,47.4811,20.151,0.3231,0.1809,1757,3
E02003315,Medway 002,4,5778,15.207,0.112,0.0826,18.5393,-0.2821,-0.246,39.1875,10.8673,0.157,0.093,4163,7
E02003316,Medway 003,6,12585,20.3985,0.1731,0.1124,24.3912,-0.1447,0.2429,40.7928,5.945,0.2722,0.111,2982,5
E02003317,Medway 004,4,7151,15.926,0.1669,0.1081,17.9827,-0.177,-0.0502,26.1159,11.7812,0.2449,0.1762,3961,6
E02003318,Medway 005,4,6060,10.2959,0.0943,0.0763,15.1012,-0.6153,-0.1779,25.6561,9.5671,0.1444,0.0573,5509,9
E02003319,Medway 006,5,8214,29.0597,0.2774,0.1578,27.0734,0.3338,0.9026,27.8063,35.4444,0.4043,0.2043,1684,3
E02003320,Medway 007,5,9838,21.6651,0.2196,0.1292,19.6069,-0.0648,0.2993,32.0739,14.1254,0.3386,0.2515,2766,5
E02003321,Medway 008,4,6563,34.7736,0.3505,0.2081,41.3895,0.5982,0.8274,27.3123,13.589,0.4783,0.2439,1101,2
E02003322,Medway 009,5,8349,32.2458,0.289,0.1698,32.2111,0.3808,1.1073,30.4842,30.6452,0.4447,0.3342,1325,2
E02003323,Medway 010,4,7385,34.8004,0.3368,0.197,36.6942,0.578,0.9855,29.7081,17.4701,0.4764,0.2443,1096,2
E02003324,Medway 011,5,10230,26.1738,0.26,0.1454,31.8601,0.1871,0.6474,31.7542,13.8951,0.3793,0.1799,2051,3
E02003325,Medway 012,4,7543,45.5585,0.4017,0.225,41.0004,0.9787,1.8906,31.3202,38.199,0.5809,0.3688,486,1
E02003326,Medway 013,5,7838,29.3309,0.2615,0.1693,30.8924,0.4438,1.1094,20.0854,33.7297,0.3897,0.1771,1647,3
E02003327,Medway 014,4,7569,27.606,0.2729,0.153,18.7346,0.098,1.2663,24.216,29.855,0.4184,0.2873,1856,3
E02003328,Medway 015,6,10251,49.4921,0.4375,0.2667,37.4871,1.0003,2.0634,32.9127,33.8907,0.5904,0.4142,344,1
E02003329,Medway 016,4,6926,32.6725,0.3271,0.1782,28.7239,0.4016,1.0212,23.9858,44.1045,0.4831,0.2033,1286,2
E02003330,Medway 017,4,6965,21.2725,0.2523,0.1339,20.8671,0.1169,0.5104,16.027,24.1816,0.3792,0.1907,2832,5
E02003331,Medway 018,6,8890,28.5607,0.2763,0.1816,41.6244,0.394,0.6856,19.8998,8.6389,0.3823,0.2488,1745,3
E02003332,Medway 019,4,6303,22.8091,0.2147,0.1366,24.3534,0.1619,0.7836,17.849,23.5993,0.3189,0.1568,2585,4
E02003333,Medway 020,4,6896,53.5554,0.4856,0.2824,50.6086,0.9451,1.8056,35.4567,36.1474,0.6713,0.3608,224,1
E02003334,Medway 021,4,6231,27.6171,0.2977,0.1624,21.9982,0.4299,0.9089,21.9355,29.6127,0.4389,0.194,1853,3
E02003335,Medway 022,4,7465,45.803,0.4631,0.2482,46.5803,0.7189,1.3881,32.5034,25.746,0.6341,0.3201,475,1
E02003336,Medway 023,4,6573,11.8125,0.132,0.0899,17.7677,-0.4789,0.0207,18.4668,11.1041,0.2294,0.078,5089,8
E02003337,Medway 024,4,7122,17.4509,0.199,0.1169,19.6333,0.0123,0.4527,18.7175,12.5505,0.3214,0.1641,3611,6
E02003338,Medway 025,5,7423,24.4798,0.256,0.1541,30.5913,0.2128,0.5573,23.1341,14.4185,0.38,0.1811,2309,4
E02003339,Medway 026,4,6514,12.722,0.1697,0.1055,15.9414,-0.3399,-0.2067,17.9842,6.811,0.2375,0.1285,4816,8
E02003340,Medway 027,5,8071,32.1859,0.3254,0.1957,33.0234,0.6979,0.8504,28.3837,11.1644,0.423,0.2971,1333,2
E02003341,Medway 028,4,6550,13.7268,0.1227,0.0806,14.4715,-0.3665,-0.1421,35.8476,8.3577,0.1772,0.0951,4535,7
E02003342,Medway 029,4,6468,11.4112,0.141,0.098,16.3584,-0.3992,-0.2911,13.7943,12.471,0.2446,0.0875,5202,8
E02003343,Medway 030,4,6010,5.1859,0.0488,0.0548,9.476,-1.0629,-0.452,19.3058,7.1517,0.0669,0.0425,6613,10
E02003344,Medway 031,5,6797,26.9496,0.2606,0.1596,33.2333,0.3454,0.3924,34.807,6.3109,0.3345,0.2466,1934,3
E02003345,Medway 032,4,6150,9.5704,0.1204,0.0693,16.9553,-0.5613,-0.4826,20.1079,9.1965,0.1969,0.0652,5688,9
E02003346,Medway 033,4,7128,15.2021,0.165,0.1039,16.5838,-0.1459,0.2423,23.1536,9.6943,0.2401,0.1214,4165,7
E02003347,Medway 034,4,6086,12.5976,0.1572,0.0757,12.8357,-0.3375,0.1015,27.3269,4.6447,0.2632,0.1208,4851,8
E02003348,Medway 035,5,8038,5.8709,0.0595,0.055,8.794,-0.972,-0.7992,24.6326,6.1683,0.101,0.0427,6505,10
E02003349,Medway 036,5,7415,13.0445,0.1399,0.0976,22.7055,-0.3651,-0.2521,19.2894,11.6167,0.2302,0.0844,4721,7
E02003350,Medway 037,4,6454,19.0185,0.2024,0.128,25.6898,0.0007,-0.0042,26.7201,6.8789,0.2942,0.1864,3273,5
E02003351,Medway 038,5,7823,16.5875,0.1759,0.1139,19.401,0.0424,-0.0185,27.3243,5.3867,0.2773,0.1393,3800,6
E02003352,Bracknell Forest 001,4,5845,6.9726,0.0528,0.0429,5.911,-1.7047,-1.5479,30.7063,21.8445,0.0606,0.0563,6333,10
E02003353,Bracknell Forest 002,8,12955,5.519,0.0917,0.0484,4.6906,-1.5804,-0.898,24.115,6.7284,0.138,0.0956,6563,10
E02003354,Bracknell Forest 003,6,10508,5.0142,0.0902,0.0493,8.371,-1.5277,-0.9769,18.3628,5.0821,0.1498,0.0784,6642,10
E02003355,Bracknell Forest 004,4,7181,18.867,0.2298,0.1219,28.5017,-0.3869,0.0801,24.3735,12.4626,0.3174,0.1944,3306,5
E02003356,Bracknell Forest 005,5,7332,5.3996,0.0616,0.0338,5.5629,-1.9639,-1.0434,29.0027,6.7746,0.0918,0.0602,6583,10
E02003357,Bracknell Forest 006,6,10338,15.732,0.2094,0.1099,21.3481,-0.4747,0.104,22.8037,7.2944,0.2909,0.2312,4020,6
E02003358,Bracknell Forest 007,7,12396,15.5417,0.1942,0.1029,20.4085,-0.6825,0.1785,24.5081,9.6305,0.2845,0.2027,4072,6
E02003359,Bracknell Forest 008,5,6240,10.8416,0.1473,0.0851,13.8974,-0.7432,-0.3903,24.1485,4.2609,0.2023,0.1731,5366,8
E02003360,Bracknell Forest 009,8,11678,11.867,0.1667,0.0791,19.5963,-0.7975,-0.4652,22.684,4.5983,0.2387,0.1449,5075,8
E02003361,Bracknell Forest 010,5,7438,14.5764,0.1773,0.0986,22.9075,-0.6327,0.1768,22.3253,9.1536,0.2243,0.1681,4327,7
E02003362,Bracknell Forest 011,5,6565,14.0522,0.175,0.0957,22.8716,-0.6473,-0.324,23.5656,13.6484,0.2432,0.1584,4449,7
E02003363,Bracknell Forest 012,4,7263,3.5573,0.0523,0.0369,2.922,-1.8721,-1.2838,22.327,7.0481,0.0803,0.0535,6784,10
E02003364,Bracknell Forest 013,5,7037,9.4901,0.1118,0.072,11.3081,-1.2208,-0.6325,28.0709,6.7586,0.1642,0.0898,5719,9
E02003365,Bracknell Forest 014,5,6864,5.8434,0.0862,0.0533,8.1808,-1.5426,-0.7534,22.7877,4.5508,0.1161,0.0865,6511,10
E02003366,Bracknell Forest 015,5,7390,6.2345,0.0862,0.0403,14.1883,-1.8161,-1.044,22.6492,7.1234,0.1324,0.1243,6458,10
E02003367,West Berkshire 001,4,6510,13.6409,0.1052,0.0583,6.5497,-1.0788,-0.8785,39.2969,41.1265,0.1482,0.1047,4560,7
E02003368,West Berkshire 002,4,5625,16.9247,0.1683,0.0764,25.0677,-0.7795,-0.3859,34.9743,27.9635,0.2922,0.1507,3724,6
E02003369,West Berkshire 003,4,6381,7.9442,0.0698,0.0443,5.2037,-1.6641,-0.8867,29.854,24.9167,0.113,0.0601,6121,9
E02003370,West Berkshire 004,4,6752,7.4919,0.09,0.0688,6.9694,-0.8883,-0.6859,24.721,8.5255,0.152,0.0481,6211,10
E02003371,West Berkshire 005,4,5921,4.3468,0.0602,0.0537,8.9062,-1.1387,-1.2105,16.4543,5.6122,0.095,0.0474,6713,10
E02003372,West Berkshire 006,5,7982,8.8381,0.1203,0.0805,14.7209,-1.0558,-0.673,17.6858,5.06,0.1853,0.0959,5885,9
E02003373,West Berkshire 007,4,8768,7.6983,0.0684,0.0415,4.2141,-1.7943,-1.1156,31.1579,24.5266,0.0916,0.0631,6175,10
E02003374,West Berkshire 008,4,5965,12.2336,0.1807,0.0866,20.8397,-0.6444,-0.3107,20.4011,5.433,0.3113,0.1147,4965,8
E02003375,West Berkshire 009,4,6269,12.4494,0.1463,0.0829,13.3379,-0.5744,-0.8655,27.3958,19.2072,0.2213,0.1365,4894,8
E02003376,West Berkshire 010,4,5929,15.3872,0.1849,0.0935,21.0843,-0.2168,-0.2504,23.8,17.2371,0.3119,0.1326,4112,6
E02003377,West Berkshire 011,6,10642,12.1443,0.108,0.0726,10.0681,-0.9954,-1.0178,28.8661,32.7631,0.1765,0.0848,4992,8
E02003378,West Berkshire 012,5,7989,12.0878,0.1833,0.1011,13.9399,-0.4406,-0.3297,15.6789,8.9791,0.2698,0.1497,5009,8
E02003379,West Berkshire 013,4,7091,14.3424,0.1842,0.0978,24.0016,-0.3427,-0.2654,20.8981,6.0022,0.2776,0.1424,4377,7
E02003380,West Berkshire 014,5,8161,8.7633,0.1102,0.0664,20.2641,-0.6697,-0.8645,18.179,6.1256,0.1761,0.0836,5907,9
E02003381,West Berkshire 015,4,6189,9.1501,0.1052,0.0623,8.7645,-0.9795,-0.4521,28.1679,8.7034,0.1468,0.0967,5806,9
E02003382,West Berkshire 016,5,7563,16.2627,0.2085,0.1146,28.756,-0.2195,0.0063,14.3382,7.1875,0.3038,0.2135,3886,6
E02003383,West Berkshire 017,4,6921,5.5798,0.1037,0.0605,9.7976,-0.8951,-0.7261,12.8616,3.5599,0.1593,0.0818,6553,10
E02003384,West Berkshire 018,4,6361,13.1403,0.1066,0.0542,8.1111,-1.1593,-0.9133,35.2394,43.8249,0.1725,0.0904,4699,7
E02003385,West Berkshire 019,7,11486,13.3443,0.1898,0.0955,15.2812,-0.181,-0.111,16.2026,10.778,0.309,0.1761,4642,7
E02003386,West Berkshire 020,5,8237,14.6969,0.1969,0.1041,17.8532,-0.3155,-0.019,12.461,15.0133,0.2382,0.2109,4291,7
E02003387,West Berkshire 021,6,9617,5.914,0.0884,0.0657,5.8022,-1.0852,-0.8057,15.681,5.4516,0.1201,0.0583,6499,10
E02003388,West Berkshire 022,3,6038,11.7638,0.1234,0.0712,8.7892,-0.8454,-0.1731,27.1388,28.0684,0.2103,0.0876,5106,8
E02003389,Reading 001,5,8029,5.6806,0.0861,0.055,6.7672,-1.0889,-1.0412,22.0299,8.0421,0.1478,0.0662,6540,10
E02003390,Reading 002,5,7606,2.1464,0.0307,0.0318,0.7614,-1.4462,-1.6103,19.2926,4.2597,0.037,0.0263,6849,10
E02003391,Reading 003,5,8627,5.1794,0.0835,0.0534,2.9199,-0.8832,-0.8431,17.0033,11.8985,0.0878,0.1104,6616,10
E02003392,Reading 004,5,8527,17.086,0.2079,0.1061,19.2956,-0.1886,0.1541,21.7091,18.3421,0.3067,0.2188,3684,6
E02003393,Reading 005,5,8179,7.9032,0.1084,0.0684,10.9594,-0.8187,-0.3639,20.7696,6.6197,0.175,0.0622,6133,9
E02003394,Reading 006,5,8700,27.1009,0.3171,0.1532,38.4599,0.4329,0.3322,25.3965,8.7882,0.4553,0.2982,1910,3
E02003395,Reading 007,5,11491,23.4385,0.2759,0.1111,27.8635,-0.0178,0.7581,21.1613,31.3523,0.4019,0.3957,2480,4
E02003396,Reading 008,6,9826,19.0165,0.2185,0.1077,20.6197,0.0198,0.3485,22.0087,24.1301,0.3138,0.2344,3274,5
E02003397,Reading 009,5,8201,22.6306,0.2781,0.1385,30.198,0.2222,0.3129,23.5069,7.287,0.3862,0.2545,2622,4
E02003398,Reading 010,6,11630,21.74,0.248,0.0993,23.3944,-0.0143,0.3585,24.8596,36.7171,0.3599,0.4456,2759,5
E02003400,Reading 012,5,9218,12.4517,0.1165,0.055,11.0985,-0.3574,-0.1056,24.225,36.7393,0.2396,0.2402,4893,8
E02003401,Reading 013,5,9208,21.4641,0.2448,0.1218,22.0945,0.312,0.2566,25.7387,16.969,0.3592,0.2102,2795,5
E02003402,Reading 014,6,10672,16.3194,0.1763,0.0718,19.6367,-0.1199,0.0568,23.9533,30.1715,0.2632,0.3338,3868,6
E02003403,Reading 015,6,9338,22.9204,0.252,0.14,27.4342,0.1223,0.5517,23.7258,8.6801,0.357,0.2294,2566,4
E02003404,Reading 016,4,8727,19.5501,0.2178,0.1018,31.4231,-0.1613,0.0958,24.774,12.5123,0.3785,0.2597,3139,5
E02003405,Reading 017,8,13236,31.4059,0.342,0.1582,51.0943,0.3657,0.5612,28.3472,10.6215,0.4907,0.4476,1421,3
E02003406,Reading 018,5,8233,26.4647,0.2701,0.1509,39.1736,0.3505,0.1303,31.2562,10.8126,0.3772,0.2512,2002,3
E02003407,Slough 001,6,10797,27.839,0.3407,0.1529,31.9463,0.0925,0.7125,33.1623,5.9362,0.4129,0.3398,1831,3
E02003408,Slough 002,6,11313,25.596,0.3154,0.1238,33.3269,-0.4631,0.4392,36.7949,14.7577,0.4649,0.2177,2140,4
E02003409,Slough 003,7,10380,18.4778,0.2349,0.104,21.0313,-0.4605,-0.0328,32.5473,12.2167,0.3373,0.2374,3391,5
E02003410,Slough 004,6,12258,27.0138,0.3278,0.1349,35.1952,-0.1167,0.3845,37.3107,14.2056,0.428,0.3867,1927,3
E02003411,Slough 005,6,12559,24.8477,0.3031,0.1238,30.223,-0.2965,0.1303,41.6755,9.8469,0.4148,0.2949,2241,4
E02003412,Slough 006,6,10447,17.1924,0.2189,0.0956,19.8341,-0.6688,-0.0029,32.5533,15.4841,0.3119,0.1883,3659,6
E02003414,Slough 008,6,13840,21.5618,0.2866,0.1125,21.1718,-0.4813,0.3049,35.5187,14.6183,0.4033,0.2473,2779,5
E02003415,Slough 009,6,13791,33.2293,0.3925,0.1595,33.1573,0.0087,0.8885,37.7088,26.5745,0.5423,0.3605,1228,2
E02003416,Slough 010,5,9919,12.7522,0.1849,0.0765,10.1601,-0.9638,-0.033,28.6496,13.3297,0.2607,0.1505,4808,8
E02003417,Slough 011,7,12939,21.4942,0.2861,0.1027,16.8592,-0.856,0.6885,31.2641,19.2721,0.4184,0.2482,2790,5
E02003418,Slough 012,6,10339,17.5198,0.2484,0.1155,16.3404,-0.5175,0.4078,23.5494,11.643,0.3251,0.2373,3594,6
E02003419,Slough 013,5,9025,20.4363,0.2764,0.1206,17.1578,-0.409,0.3197,29.5979,15.6992,0.3818,0.2988,2974,5
E02003420,Slough 014,4,6463,24.0752,0.2768,0.1169,23.1917,-0.4669,0.3879,34.5991,30.0126,0.4262,0.2301,2378,4
E02003421,Windsor and Maidenhead 001,4,5611,5.5807,0.0877,0.0567,6.7035,-1.8161,-0.859,19.424,8.8465,0.1156,0.0757,6552,10
E02003422,Windsor and Maidenhead 002,7,12026,9.0718,0.0716,0.0465,6.3577,-1.9362,-0.7892,26.9191,32.6863,0.1018,0.0634,5830,9
E02003423,Windsor and Maidenhead 003,4,6687,14.0703,0.217,0.1043,22.8376,-0.9703,-0.2063,17.2172,6.2242,0.3029,0.2008,4447,7
E02003424,Windsor and Maidenhead 004,5,9391,3.516,0.0608,0.0381,2.3506,-1.9533,-0.7505,15.4271,12.4199,0.0982,0.0507,6787,10
E02003425,Windsor and Maidenhead 005,7,13235,12.9919,0.1917,0.0955,13.0737,-0.9788,-0.071,15.6987,18.8559,0.2828,0.2142,4742,7
E02003426,Windsor and Maidenhead 006,6,9778,3.2817,0.0615,0.0453,1.9621,-1.7737,-1.0199,14.2812,12.5776,0.0788,0.0605,6804,10
E02003427,Windsor and Maidenhead 007,5,8422,13.0913,0.1882,0.0927,20.4066,-1.0918,-0.2608,18.7033,14.5736,0.2664,0.168,4712,7
E02003428,Windsor and Maidenhead 008,6,9275,9.4904,0.1193,0.0852,11.2209,-1.291,-0.653,22.8638,7.0303,0.1565,0.0969,5718,9
E02003429,Windsor and Maidenhead 009,5,7822,7.5285,0.0565,0.0445,4.8655,-1.9075,-0.6609,31.4396,19.0991,0.0717,0.0542,6204,10
E02003430,Windsor and Maidenhead 010,4,7804,10.2796,0.0848,0.05,13.8069,-1.8686,0.0964,19.1595,33.7198,0.137,0.1024,5515,9
E02003431,Windsor and Maidenhead 011,4,7028,15.6415,0.1592,0.0855,17.6834,-1.1777,0.1835,29.3554,28.4614,0.2401,0.1409,4050,6
E02003432,Windsor and Maidenhead 012,4,7129,8.8571,0.1151,0.0586,5.595,-1.2473,-0.0474,13.4877,31.4074,0.1693,0.1497,5879,9
E02003433,Windsor and Maidenhead 013,4,6483,9.164,0.1194,0.0602,14.126,-1.3987,-0.5048,21.8247,19.7988,0.1762,0.1018,5799,9
E02003434,Windsor and Maidenhead 014,5,9156,14.5735,0.2034,0.1114,15.3903,-0.9571,-0.0731,17.2895,18.6708,0.2629,0.1894,4328,7
E02003435,Windsor and Maidenhead 015,4,7176,4.6089,0.0704,0.0441,3.0624,-2.076,-0.9538,15.0714,20.177,0.082,0.0704,6688,10
E02003436,Windsor and Maidenhead 016,5,9059,8.5585,0.0804,0.0548,10.7764,-1.7759,-0.4446,26.9408,19.995,0.1153,0.0733,5963,9
E02003437,Windsor and Maidenhead 017,4,7429,6.0876,0.0936,0.0446,5.7876,-2.0172,-0.7391,22.9406,8.7339,0.135,0.1004,6474,10
E02003438,Windsor and Maidenhead 018,6,11358,3.9313,0.0652,0.0375,3.2784,-1.9588,-0.9782,20.8461,5.8599,0.0937,0.0649,6753,10
E02003439,Wokingham 001,3,5587,7.4782,0.0823,0.0572,4.7169,-1.6484,-0.6594,21.9454,22.7355,0.0939,0.0826,6217,10
E02003440,Wokingham 002,6,9233,3.1645,0.0665,0.0422,1.8422,-1.73,-1.1679,14.9953,10.1444,0.0689,0.0827,6813,10
E02003441,Wokingham 003,5,7706,4.4431,0.0787,0.0582,5.4013,-1.1525,-1.0116,15.9393,8.3296,0.1088,0.0607,6703,10
E02003442,Wokingham 004,5,8642,4.5263,0.0838,0.0419,5.7475,-1.5807,-0.9825,21.6911,3.3481,0.148,0.0421,6698,10
E02003443,Wokingham 005,4,7090,15.6745,0.2206,0.1221,21.2977,-0.334,-0.2513,16.1217,5.8101,0.2863,0.1956,4038,6
E02003444,Wokingham 006,6,9497,6.0959,0.1036,0.0635,7.7485,-1.0782,-0.8232,15.3879,10.3963,0.1337,0.081,6473,10
E02003445,Wokingham 007,6,8836,4.2568,0.0803,0.0494,9.7678,-1.1794,-1.0486,14.5918,6.5449,0.1249,0.0545,6730,10
E02003446,Wokingham 008,6,9904,2.3881,0.0462,0.0326,2.133,-1.5637,-1.0595,15.4701,6.9741,0.0695,0.0393,6840,10
E02003447,Wokingham 009,5,11184,6.9199,0.1067,0.0623,7.574,-1.1567,-0.6443,20.1905,9.7982,0.1297,0.1044,6344,10
E02003448,Wokingham 010,4,8482,4.6175,0.0799,0.048,3.2832,-1.6588,-0.6007,16.8163,13.5219,0.1222,0.0395,6687,10
E02003449,Wokingham 011,5,7454,3.5933,0.0654,0.0371,3.2072,-1.4365,-1.2826,21.9243,4.9574,0.0923,0.0576,6780,10
E02003450,Wokingham 012,8,13826,7.3826,0.1099,0.0579,9.6696,-1.0481,-0.5395,21.155,5.087,0.1687,0.0806,6244,10
E02003451,Wokingham 013,5,9993,11.9675,0.1794,0.0922,10.8348,-0.7827,0.0895,14.5659,13.594,0.2634,0.1492,5033,8
E02003452,Wokingham 014,4,9775,3.6016,0.079,0.0435,2.4613,-1.7466,-0.731,16.6074,7.2591,0.1224,0.0436,6779,10
E02003453,Wokingham 015,4,6976,2.1103,0.0329,0.0325,1.3517,-2.0462,-1.7613,20.4985,1.6321,0.0518,0.0186,6850,10
E02003454,Wokingham 016,5,8743,4.1885,0.0827,0.0563,3.3765,-1.2439,-1.026,16.3238,4.736,0.1325,0.0575,6736,10
E02003455,Wokingham 017,6,11247,7.4503,0.0992,0.0468,6.9882,-1.4763,-0.5915,28.1443,11.6917,0.1607,0.0902,6227,10
E02003456,Wokingham 018,4,8987,11.5935,0.1505,0.0726,11.4252,-0.9189,-0.0184,30.0232,8.0333,0.2115,0.135,5158,8
E02003457,Wokingham 019,7,9786,3.99,0.04,0.0352,2.0299,-1.7959,-1.5519,27.4497,4.7311,0.0506,0.0401,6748,10
E02003458,Wokingham 020,5,8435,6.3429,0.0654,0.0514,5.9999,-1.8752,-1.5994,25.9413,5.9986,0.0863,0.0437,6444,10
E02003459,Milton Keynes 001,5,9249,9.1116,0.1089,0.063,5.8885,-1.0172,-0.8376,30.1714,15.2049,0.1844,0.0731,5815,9
E02003460,Milton Keynes 002,8,11843,13.7127,0.1298,0.0642,10.3399,-0.6079,-0.4519,40.4692,16.3675,0.2345,0.0864,4539,7
E02003461,Milton Keynes 003,5,7493,11.5248,0.1247,0.081,14.7264,-0.3765,-0.5935,26.2381,8.4361,0.2064,0.0784,5171,8
E02003462,Milton Keynes 004,5,8244,9.9691,0.1104,0.079,10.7872,-0.5695,-0.5722,26.158,10.9432,0.1706,0.0971,5590,9
E02003463,Milton Keynes 005,5,6745,18.0231,0.1848,0.121,20.6599,0.0226,-0.2231,32.281,4.6394,0.2892,0.1399,3490,6
E02003464,Milton Keynes 006,4,6979,31.4917,0.3076,0.1712,36.1914,0.2911,0.702,43.2931,5.6962,0.4331,0.2314,1409,3
E02003465,Milton Keynes 007,4,6182,10.3896,0.1298,0.0782,11.2708,-0.2259,-0.9592,26.5437,4.4397,0.1524,0.1463,5488,9
E02003466,Milton Keynes 008,4,7754,20.867,0.2227,0.1074,20.2175,-0.1633,0.3194,32.4118,26.7954,0.3613,0.1754,2897,5
E02003467,Milton Keynes 009,4,6835,27.8997,0.295,0.1558,31.0105,0.361,0.3184,39.3283,7.6352,0.4197,0.2929,1824,3
E02003468,Milton Keynes 010,5,8595,15.0684,0.1616,0.0954,15.7747,-0.2412,0.1267,28.9492,10.7314,0.2583,0.1232,4193,7
E02003469,Milton Keynes 011,4,5621,12.8355,0.1422,0.0863,16.236,-0.467,-0.4094,31.1823,5.6412,0.2482,0.0972,4791,7
E02003470,Milton Keynes 012,4,6149,47.4573,0.469,0.2454,54.6225,0.7599,1.1307,45.54,7.1495,0.5993,0.3833,414,1
E02003471,Milton Keynes 013,4,6608,24.2809,0.2721,0.1429,31.2686,0.0983,0.2031,32.564,5.0523,0.3962,0.2583,2336,4
E02003472,Milton Keynes 014,5,10759,29.1558,0.3115,0.1576,29.1161,0.4912,0.993,31.9507,6.9498,0.4681,0.4325,1672,3
E02003473,Milton Keynes 015,4,5621,11.3539,0.1412,0.0804,7.6098,-0.4421,-0.7339,31.9477,4.0318,0.184,0.1321,5217,8
E02003474,Milton Keynes 016,5,9114,13.1491,0.1821,0.0887,11.1154,-0.3162,-0.0107,25.3386,4.9244,0.3014,0.1526,4696,7
E02003476,Milton Keynes 018,5,8854,38.0732,0.3876,0.1952,45.1138,0.8947,0.8692,34.6168,6.7181,0.5127,0.378,858,2
E02003478,Milton Keynes 020,4,6767,10.3763,0.1487,0.0849,9.7082,-0.3814,-0.3505,20.6326,4.7367,0.1778,0.1906,5492,9
E02003479,Milton Keynes 021,4,7772,27.1756,0.3256,0.1496,32.7179,0.2504,0.5354,31.9291,4.1634,0.4754,0.3104,1902,3
E02003480,Milton Keynes 022,5,7948,15.7405,0.195,0.106,14.6823,-0.2342,-0.3432,30.5635,4.0145,0.2735,0.1916,4019,6
E02003481,Milton Keynes 023,5,8548,42.2043,0.4005,0.2387,50.2374,0.8202,1.0191,33.6482,12.3419,0.5237,0.3629,624,1
E02003482,Milton Keynes 024,5,10508,11.893,0.19,0.0761,9.9064,-0.6407,-0.4869,28.1435,5.6195,0.3029,0.0901,5061,8
E02003483,Milton Keynes 025,6,11012,10.3686,0.1471,0.0749,7.0537,-0.2654,-0.3395,25.5223,1.5471,0.1981,0.2092,5493,9
E02003484,Milton Keynes 026,4,7107,16.296,0.1894,0.1078,15.8982,-0.1078,0.0241,29.6045,2.6978,0.2637,0.1795,3876,6
E02003485,Milton Keynes 027,5,8284,21.1361,0.2353,0.129,28.9296,0.1828,-0.0107,26.6685,8.4003,0.3698,0.1622,2851,5
E02003486,Milton Keynes 028,5,10280,9.8224,0.1462,0.0703,7.6886,-0.4594,-0.2927,26.1017,1.9801,0.1953,0.1492,5624,9
E02003487,Milton Keynes 029,5,7292,19.5368,0.2237,0.122,28.7111,0.0495,-0.014,26.1637,5.2751,0.3482,0.1736,3145,5
E02003488,Milton Keynes 030,4,8614,23.8014,0.2698,0.1394,32.2281,0.0509,0.4077,26.3171,13.2018,0.4264,0.1818,2431,4
E02003489,Milton Keynes 031,4,7693,14.8398,0.1672,0.1108,19.101,-0.2116,-0.4222,26.4333,6.8373,0.2563,0.1168,4244,7
E02003490,Milton Keynes 032,6,11585,31.6292,0.3475,0.1708,38.8323,0.2908,0.5333,34.3909,6.6472,0.4704,0.2727,1394,3
E02003491,Brighton and Hove 001,5,7731,12.6559,0.1611,0.1097,12.3451,-0.3296,-0.2675,17.9006,9.3286,0.2089,0.144,4829,8
E02003492,Brighton and Hove 002,4,11430,23.8291,0.1853,0.0957,47.4094,0.2296,-0.188,34.8893,11.3845,0.4818,0.3654,2429,4
E02003493,Brighton and Hove 003,5,8058,8.6817,0.1301,0.0832,5.6934,-0.6652,-0.5381,17.8448,12.759,0.1846,0.1076,5927,9
E02003494,Brighton and Hove 004,4,6610,7.9798,0.1224,0.0775,6.5017,-0.7567,-0.6626,15.0695,11.8832,0.1696,0.0927,6116,9
E02003495,Brighton and Hove 005,5,7311,19.2651,0.2522,0.1447,25.5066,0.0232,-0.384,15.2694,11.0089,0.3675,0.1912,3208,5
E02003496,Brighton and Hove 006,5,7836,23.2788,0.2891,0.1838,23.1939,0.1152,-0.0133,17.6403,9.4438,0.3673,0.269,2501,4
E02003497,Brighton and Hove 007,5,7510,4.1592,0.0835,0.0528,4.6816,-0.9417,-0.9031,10.6069,10.3643,0.1147,0.0753,6739,10
E02003498,Brighton and Hove 008,5,8760,37.095,0.3778,0.2206,40.4972,1.0128,0.6721,24.9839,15.5634,0.5658,0.4415,928,2
E02003499,Brighton and Hove 009,5,7761,38.4009,0.3744,0.2109,61.6358,0.8553,0.3628,31.1378,4.6521,0.6118,0.3854,837,2
E02003500,Brighton and Hove 010,5,7898,7.0009,0.096,0.065,1.7992,-0.6391,-0.8445,12.7124,28.1695,0.1093,0.0938,6324,10
E02003501,Brighton and Hove 011,5,8323,8.7803,0.1139,0.0754,3.9595,-0.6514,-0.3932,13.5695,27.6145,0.1692,0.1134,5903,9
E02003502,Brighton and Hove 012,5,7757,24.6164,0.2784,0.1809,25.0173,0.4026,0.2563,15.5708,20.4993,0.3797,0.2277,2285,4
E02003503,Brighton and Hove 013,6,9120,20.4411,0.2602,0.1456,20.271,0.1315,0.1041,14.2143,11.8323,0.3154,0.2757,2973,5
E02003504,Brighton and Hove 014,5,8511,14.1199,0.1584,0.0932,3.995,-0.2378,-0.0959,17.4181,39.8246,0.2344,0.2003,4437,7
E02003505,Brighton and Hove 015,5,8778,16.6115,0.1621,0.0932,6.8061,0.0583,0.125,21.642,40.7111,0.2902,0.2761,3792,6
E02003506,Brighton and Hove 016,4,7199,13.4111,0.1711,0.099,3.7292,-0.2035,-0.1696,14.4499,34.058,0.1805,0.208,4622,7
E02003507,Brighton and Hove 017,6,9713,19.9613,0.2255,0.1424,27.5027,0.1182,-0.4045,26.4548,4.0117,0.3439,0.1508,3057,5
E02003508,Brighton and Hove 018,5,8901,12.4364,0.1277,0.0722,14.3463,-0.2077,-0.4824,22.293,28.6666,0.2933,0.1888,4899,8
E02003509,Brighton and Hove 019,5,8916,19.2037,0.2171,0.1253,9.1754,0.168,-0.0295,19.1019,38.2889,0.3082,0.3378,3227,5
E02003510,Brighton and Hove 020,5,8631,11.8842,0.15,0.0942,4.3756,-0.3685,-0.4653,18.6824,27.8363,0.2012,0.1712,5069,8
E02003511,Brighton and Hove 021,5,8620,16.7087,0.2234,0.1108,12.8649,-0.0634,-0.006,14.3415,27.6093,0.2982,0.2171,3770,6
E02003512,Brighton and Hove 022,5,8800,15.6315,0.1638,0.0934,11.4807,0.023,-0.1369,20.6282,35.0788,0.2588,0.3071,4052,6
E02003513,Brighton and Hove 023,4,6452,16.7771,0.2062,0.1332,8.4557,-0.136,-0.1365,16.7093,22.9754,0.2268,0.2208,3760,6
E02003514,Brighton and Hove 024,5,8317,15.92,0.1583,0.0995,6.3535,-0.1458,-0.1747,21.3351,44.0275,0.2186,0.2572,3963,6
E02003515,Brighton and Hove 025,6,8994,58.5024,0.5672,0.3417,71.6892,1.5014,0.9997,24.0505,6.2661,0.7784,0.535,110,1
E02003516,Brighton and Hove 026,5,8283,18.7269,0.177,0.1004,11.9806,-0.0705,0.2164,23.0226,45.5974,0.3053,0.2742,3349,5
E02003517,Brighton and Hove 027,6,10608,28.9978,0.2318,0.1445,18.579,0.5508,1.4364,22.7894,41.4559,0.4701,0.3526,1696,3
E02003518,Brighton and Hove 028,5,7802,19.0658,0.1751,0.124,10.4185,0.0758,0.1456,21.7932,40.7246,0.2431,0.1893,3261,5
E02003519,Brighton and Hove 029,5,8222,24.6911,0.2016,0.1252,10.7144,0.2178,1.1462,23.8351,47.1385,0.3119,0.2612,2277,4
E02003520,Brighton and Hove 030,5,9139,37.8194,0.3293,0.2114,27.6628,1.0295,1.274,22.0341,38.8277,0.5257,0.4791,878,2
E02003521,Brighton and Hove 031,5,8025,29.4255,0.2403,0.1725,21.4555,0.5311,0.6092,21.5839,38.4798,0.2737,0.3093,1631,3
E02003522,Brighton and Hove 032,4,7948,21.3672,0.2375,0.1408,20.993,-0.0428,0.5021,21.6123,19.0888,0.3297,0.2837,2814,5
E02003523,Brighton and Hove 033,6,10406,10.5605,0.1269,0.0875,10.8295,-0.7471,-0.6436,27.2394,8.3489,0.2209,0.079,5443,8
E02003524,Portsmouth 001,5,8099,44.3167,0.418,0.2312,64.8818,1.1087,0.9762,25.5388,16.4098,0.5834,0.358,540,1
E02003525,Portsmouth 002,4,6383,41.6843,0.4095,0.2399,58.7976,0.9187,0.7607,26.565,15.7098,0.5795,0.3592,656,1
E02003526,Portsmouth 003,4,6817,6.623,0.0839,0.0638,7.6016,-0.6801,-0.5149,13.5068,13.0787,0.1269,0.0602,6388,10
E02003527,Portsmouth 004,4,6574,20.5298,0.1975,0.1224,29.427,0.0623,0.2512,20.3212,22.134,0.2927,0.1659,2952,5
E02003529,Portsmouth 006,5,8360,13.4549,0.1545,0.0944,15.3682,-0.141,-0.15,15.0139,20.1896,0.2427,0.1023,4604,7
E02003530,Portsmouth 007,5,7880,24.2119,0.2601,0.1322,28.933,0.2238,0.6465,18.715,24.9131,0.3805,0.2052,2349,4
E02003531,Portsmouth 008,5,7737,13.4513,0.1348,0.0853,20.8719,-0.4407,-0.2775,18.2639,27.2968,0.2406,0.0834,4605,7
E02003532,Portsmouth 009,5,8011,20.936,0.209,0.1204,23.1741,0.0713,0.4174,17.8435,37.8771,0.2799,0.1732,2884,5
E02003533,Portsmouth 010,4,5855,34.7909,0.3324,0.1662,51.6387,0.5772,0.7383,24.0236,40.0773,0.5117,0.2781,1097,2
E02003534,Portsmouth 011,6,9069,20.4349,0.1996,0.1102,27.5017,-0.085,0.3771,18.1735,34.4605,0.3064,0.1549,2975,5
E02003535,Portsmouth 012,6,9598,25.1418,0.2678,0.1323,30.6987,0.3382,0.4648,19.0583,37.2243,0.4156,0.1871,2201,4
E02003536,Portsmouth 013,5,8202,63.97,0.6119,0.3369,67.8954,1.3981,1.6457,26.9562,24.8642,0.7864,0.5736,36,1
E02003537,Portsmouth 014,6,10333,19.6756,0.213,0.1165,24.6002,-0.145,0.426,19.1469,24.8264,0.3128,0.1502,3114,5
E02003538,Portsmouth 015,6,10485,31.3352,0.321,0.1632,29.7237,0.5261,0.9514,22.7347,37.8427,0.4651,0.2735,1427,3
E02003540,Portsmouth 017,6,9549,18.7343,0.196,0.1169,17.7379,0.1292,0.3054,19.3527,24.2954,0.2915,0.1564,3346,5
E02003541,Portsmouth 018,6,10625,46.7793,0.488,0.2382,39.6503,1.1963,1.2289,26.5793,30.492,0.7302,0.4742,434,1
E02003542,Portsmouth 019,5,8825,15.2157,0.1776,0.0891,11.3002,-0.1657,0.1564,17.7474,34.9357,0.3038,0.1868,4162,7
E02003543,Portsmouth 020,5,8771,21.9596,0.2018,0.1014,21.3838,0.2693,0.7968,19.9834,40.3422,0.3621,0.2654,2730,4
E02003544,Portsmouth 021,4,6368,18.1646,0.1991,0.1066,18.1115,0.1545,-0.0007,18.3959,33.2696,0.3152,0.1829,3458,6
E02003545,Portsmouth 022,4,6651,23.0871,0.2144,0.126,11.3374,0.2344,0.9577,24.1558,38.1158,0.3624,0.2465,2528,4
E02003546,Portsmouth 023,5,7823,15.7573,0.1629,0.0993,15.2294,-0.2048,0.204,20.0397,28.7864,0.266,0.1347,4012,6
E02003547,Portsmouth 024,5,8280,16.076,0.1249,0.079,12.8507,-0.3915,0.8218,22.4998,33.4442,0.2899,0.1054,3925,6
E02003548,Portsmouth 025,4,6040,20.5469,0.1732,0.1227,5.5476,0.3102,0.7263,19.1034,42.2333,0.2269,0.1515,2949,5
E02003549,Southampton 001,5,8350,10.5356,0.1254,0.0607,10.5934,-0.6476,-0.4334,23.6485,15.1046,0.2652,0.1105,5448,8
E02003550,Southampton 002,5,7812,19.1082,0.2225,0.134,22.8042,0.3685,0.2149,13.2705,10.1264,0.3281,0.1968,3252,5
E02003551,Southampton 003,4,7045,27.8042,0.2547,0.1345,38.1686,0.7361,0.4988,25.2502,24.7292,0.4539,0.4383,1836,3
E02003552,Southampton 004,4,6184,33.9757,0.3774,0.2013,41.5976,1.0496,0.8812,10.2593,14.4094,0.5126,0.4045,1163,2
E02003553,Southampton 005,5,7780,24.6933,0.2885,0.1216,29.0285,0.633,0.6915,19.5982,16.5237,0.5766,0.3875,2276,4
E02003554,Southampton 006,4,6072,13.5063,0.1552,0.0906,8.6293,0.0035,0.4143,10.8686,21.7443,0.2229,0.16,4595,7
E02003555,Southampton 007,5,8569,26.8469,0.2951,0.1549,33.79,0.7467,0.8796,10.4762,11.8981,0.4355,0.2601,1953,3
E02003556,Southampton 008,4,5729,15.0097,0.1545,0.1072,16.1342,-0.0519,0.4408,13.5149,17.906,0.2364,0.0915,4207,7
E02003557,Southampton 009,4,7108,6.1904,0.0831,0.0386,3.3391,-0.5096,-0.5486,12.3524,21.0923,0.1666,0.1149,6462,10
E02003558,Southampton 010,4,7337,30.6708,0.3266,0.1742,31.2476,0.9133,0.9622,10.8618,23.1589,0.4729,0.2994,1486,3
E02003559,Southampton 011,5,7784,9.3161,0.1172,0.0717,5.2429,-0.3715,0.2146,5.4293,20.4133,0.1817,0.075,5762,9
E02003560,Southampton 012,5,7335,46.209,0.4669,0.2677,50.5309,1.1962,1.4213,14.5663,18.8196,0.6355,0.3374,457,1
E02003561,Southampton 013,5,8269,26.8375,0.2401,0.1291,27.5598,0.7757,1.2209,15.0399,31.505,0.4559,0.3075,1957,3
E02003562,Southampton 014,5,8246,16.5992,0.1905,0.1109,11.9982,0.2659,0.3529,14.3506,21.717,0.2913,0.1421,3796,6
E02003563,Southampton 015,5,7948,27.8142,0.2997,0.1539,25.7861,0.737,0.8143,10.7436,23.572,0.4427,0.2442,1834,3
E02003564,Southampton 016,5,8010,26.1135,0.2617,0.1654,29.9946,0.4006,0.8292,14.9154,18.4709,0.3993,0.1598,2066,4
E02003565,Southampton 017,4,6847,24.1378,0.2184,0.1092,22.8806,0.9569,1.1156,11.3091,27.3232,0.5117,0.3138,2370,4
E02003566,Southampton 018,4,6422,27.0326,0.2902,0.1624,34.9956,0.7084,0.8193,15.1676,8.2879,0.4466,0.2063,1921,3
E02003567,Southampton 019,5,7995,29.1916,0.3155,0.1746,35.4482,0.5859,0.6222,9.4641,17.3546,0.4591,0.2155,1667,3
E02003568,Southampton 020,5,8195,17.3173,0.1811,0.1087,6.9811,0.4239,0.6994,11.2046,24.6458,0.2863,0.1939,3639,6
E02003569,Southampton 021,4,7916,25.4606,0.2743,0.1434,22.9463,0.7313,0.9013,10.8765,28.6554,0.444,0.2811,2161,4
E02003570,Southampton 022,6,12122,40.4532,0.3974,0.188,45.2229,1.0907,1.5029,15.5718,35.8618,0.6141,0.584,717,2
E02003571,Southampton 023,5,10085,21.4207,0.1703,0.0882,23.3015,0.6175,1.1639,16.7244,25.5799,0.4937,0.4366,2806,5
E02003572,Southampton 024,4,6167,17.5655,0.1665,0.1151,16.2104,0.3399,0.4763,14.6737,19.3572,0.2386,0.12,3579,6
E02003573,Southampton 025,5,7801,42.614,0.3821,0.2292,52.1329,1.0512,1.0907,27.3216,14.5744,0.5504,0.3046,605,1
E02003574,Southampton 026,5,7607,18.214,0.1667,0.1105,21.6886,0.2312,0.2854,21.7909,18.5509,0.2368,0.1551,3451,6
E02003575,Southampton 027,4,6506,51.6906,0.4634,0.261,64.5148,1.344,1.2611,33.5929,16.6715,0.6463,0.3192,279,1
E02003576,Southampton 028,5,8089,27.5267,0.2797,0.1693,30.6411,0.7394,0.6418,14.3691,23.1197,0.3848,0.2875,1862,3
E02003578,Southampton 030,4,6341,20.2194,0.2,0.1199,28.0692,0.3367,0.3547,21.173,16.446,0.331,0.1614,3008,5
E02003579,Southampton 031,6,9615,20.2086,0.2022,0.1151,23.8184,0.4363,0.654,16.0984,18.3869,0.3381,0.1785,3009,5
E02003580,Southampton 032,4,6136,49.5215,0.4494,0.2876,57.4765,1.327,1.2518,24.7233,13.0543,0.5923,0.3729,342,1
E02003581,Isle of Wight 001,5,7797,20.5659,0.2392,0.13,21.6842,0.3637,-0.0361,18.8047,25.3163,0.4074,0.1783,2946,5
E02003582,Isle of Wight 002,5,8600,11.8637,0.1393,0.1001,10.8566,-0.0027,-0.8826,21.8356,9.911,0.2391,0.0858,5076,8
E02003583,Isle of Wight 003,4,7590,23.8433,0.2529,0.161,29.1387,0.5029,-0.2585,25.7373,8.5659,0.3879,0.1988,2426,4
E02003584,Isle of Wight 004,4,6073,35.2471,0.2837,0.2121,28.3832,0.9473,0.9945,22.6311,43.1708,0.4353,0.23,1059,2
E02003585,Isle of Wight 005,4,6528,14.2653,0.1327,0.099,14.3785,0.1317,-0.7726,31.3542,8.0196,0.2182,0.1044,4398,7
E02003586,Isle of Wight 006,5,7664,25.3979,0.2532,0.1806,21.9962,0.7404,-0.0506,25.512,15.2798,0.3671,0.1533,2168,4
E02003587,Isle of Wight 007,5,8600,32.719,0.3474,0.2079,34.3975,0.866,0.3099,22.4853,15.7662,0.5009,0.2239,1282,2
E02003588,Isle of Wight 008,5,9487,30.6646,0.2941,0.183,40.4946,0.8796,0.3816,23.5596,11.3161,0.4394,0.2184,1488,3
E02003589,Isle of Wight 009,5,7517,29.885,0.314,0.1813,29.77,0.91,0.5109,19.873,20.2717,0.4978,0.2343,1565,3
E02003590,Isle of Wight 010,5,7206,13.979,0.1239,0.1008,11.0994,-0.0038,-0.7465,32.0761,13.6782,0.2474,0.0716,4468,7
E02003591,Isle of Wight 011,6,9497,20.7477,0.2066,0.1339,20.5111,0.4398,-0.013,21.7802,18.7311,0.3461,0.1307,2917,5
E02003592,Isle of Wight 012,6,9844,24.2178,0.1975,0.1517,26.5094,0.3301,-0.1767,39.7402,15.3851,0.3532,0.1305,2348,4
E02003593,Isle of Wight 013,4,5244,21.0282,0.1466,0.1029,16.3067,-0.0243,-0.53,42.0487,42.1228,0.3243,0.07,2872,5
E02003594,Isle of Wight 014,5,9392,30.4383,0.2912,0.2106,29.5818,0.7279,0.5415,25.8771,16.1138,0.4624,0.1864,1510,3
E02003595,Isle of Wight 015,6,8028,18.0683,0.1709,0.1259,20.7775,0.3974,-0.3086,26.6941,7.1709,0.3474,0.0949,3478,6
E02003596,Isle of Wight 016,6,8742,29.5655,0.3,0.2095,28.4838,0.818,0.114,22.1107,20.8854,0.5035,0.1953,1613,3
E02003597,Isle of Wight 017,4,5699,25.7764,0.1747,0.1267,17.3368,0.1421,-0.3641,50.0766,42.0197,0.302,0.1063,2111,4
E02003598,Isle of Wight 018,5,7271,32.7513,0.2671,0.1924,28.0414,0.6415,0.1815,40.7766,32.1392,0.4562,0.1646,1274,2
E02003599,Central Bedfordshire 001,3,5681,17.0885,0.1857,0.1191,26.0726,-0.0681,-0.2377,20.9988,4.7965,0.2609,0.1648,3683,6
E02003600,Central Bedfordshire 002,4,6423,16.9749,0.1949,0.1116,24.6965,-0.1664,-0.0119,19.8757,17.2252,0.3252,0.1221,3707,6
E02003601,Central Bedfordshire 003,5,8326,14.3948,0.1346,0.0786,15.9369,-0.5975,-0.2131,34.8401,17.9764,0.2243,0.0963,4359,7
E02003602,Central Bedfordshire 004,4,6732,19.8544,0.1569,0.095,23.2948,-0.454,-0.1857,41.9313,27.2685,0.3268,0.1069,3084,5
E02003603,Central Bedfordshire 005,6,11296,15.8409,0.1718,0.1047,23.9307,0.0211,-0.1984,20.2484,13.6456,0.2787,0.1461,3993,6
E02003604,Central Bedfordshire 006,8,11377,11.2557,0.1456,0.0821,15.6553,-0.3911,-0.6104,24.2237,4.2446,0.2135,0.1501,5245,8
E02003605,Central Bedfordshire 007,7,10793,8.9056,0.1055,0.0604,11.7466,-0.8241,-1.0425,26.805,11.1811,0.1847,0.0863,5861,9
E02003606,Central Bedfordshire 008,6,10166,11.8887,0.1297,0.0721,14.7829,-0.7295,-0.6049,30.4118,14.5361,0.2092,0.0957,5065,8
E02003607,Central Bedfordshire 009,8,11614,13.0892,0.131,0.0718,17.173,-0.5252,-0.404,31.0726,16.5813,0.2002,0.1092,4715,7
E02003608,Central Bedfordshire 010,6,12529,14.1703,0.1599,0.0887,15.8442,-0.4347,-0.4397,32.2395,11.903,0.2814,0.0993,4423,7
E02003609,Central Bedfordshire 011,6,12042,11.7568,0.1461,0.0791,13.25,-0.5221,-0.5214,24.832,11.6996,0.2367,0.1137,5108,8
E02003610,Central Bedfordshire 012,5,9183,5.0856,0.0868,0.0525,8.4212,-0.9682,-1.0491,14.9244,10.5025,0.1302,0.0649,6633,10
E02003611,Central Bedfordshire 013,5,10469,8.9364,0.1266,0.0679,9.7218,-0.7862,-0.7288,26.5631,4.57,0.223,0.073,5855,9
E02003612,Central Bedfordshire 014,6,12920,9.068,0.1306,0.0726,9.1468,-0.7359,-0.701,26.006,5.4517,0.2078,0.0818,5831,9
E02003613,Central Bedfordshire 015,4,5738,13.7387,0.165,0.1026,22.6787,-0.3684,-0.4592,15.3544,10.713,0.2587,0.1518,4529,7
E02003614,Central Bedfordshire 016,5,8127,5.6194,0.079,0.051,12.5618,-0.8202,-0.6791,14.3433,6.8062,0.1337,0.0702,6549,10
E02003615,Central Bedfordshire 017,6,10724,8.2699,0.0969,0.0641,9.8022,-0.8668,-0.7952,27.6975,8.9096,0.1504,0.0604,6035,9
E02003616,Bedford 001,4,5620,13.0218,0.0994,0.0693,6.1715,-0.5941,-0.8441,40.4446,26.1448,0.166,0.0604,4731,7
E02003617,Bedford 002,6,8990,14.5223,0.1008,0.0752,7.669,-0.6388,-0.8118,39.9901,33.5855,0.1544,0.0619,4338,7
E02003618,Bedford 003,5,8649,12.5304,0.1248,0.0757,11.1794,-0.3778,-0.6608,31.7454,17.2319,0.199,0.0898,4876,8
E02003619,Bedford 004,7,11923,15.3452,0.1371,0.0833,13.4618,-0.2602,-0.3647,36.9181,19.111,0.2366,0.0827,4126,7
E02003620,Bedford 005,6,8278,12.3403,0.1489,0.1102,13.6,-0.1136,-0.4238,16.5627,5.8478,0.2346,0.0908,4934,8
E02003621,Bedford 006,6,8160,9.0288,0.1259,0.0901,12.0622,-0.4065,-0.6754,12.5249,3.3003,0.1749,0.0952,5840,9
E02003622,Bedford 007,6,9211,24.5926,0.299,0.1656,27.8327,0.3821,0.1562,20.5098,6.6646,0.4206,0.2162,2292,4
E02003623,Bedford 008,8,12940,8.5227,0.1236,0.061,6.0901,-0.7082,-0.739,28.2204,4.6333,0.1971,0.0813,5972,9
E02003624,Bedford 009,4,5918,18.421,0.1506,0.124,12.9791,0.3958,-0.0538,15.2706,34.0996,0.1749,0.1273,3402,5
E02003625,Bedford 010,6,8916,32.4905,0.3013,0.1874,25.0959,0.9558,0.7475,20.3875,36.2743,0.4259,0.2815,1306,2
E02003626,Bedford 011,4,5678,13.4201,0.1729,0.0904,15.4803,-0.2679,-0.1294,20.1692,10.6189,0.2991,0.0834,4620,7
E02003627,Bedford 012,7,10998,29.2036,0.2521,0.1454,25.4177,0.4068,0.8815,18.786,44.7879,0.369,0.271,1666,3
E02003628,Bedford 013,5,9735,35.8191,0.4513,0.1663,51.2288,0.4025,0.2791,25.3469,28.8603,0.6329,0.3129,1019,2
E02003629,Bedford 014,6,10735,30.3118,0.3508,0.1729,41.8992,0.5597,0.4898,20.9886,14.7448,0.512,0.2847,1519,3
E02003630,Bedford 015,7,11470,34.1116,0.3767,0.187,40.3067,0.7267,0.6,22.0026,24.6834,0.5283,0.3989,1148,2
E02003631,Bedford 016,4,5417,22.8734,0.268,0.1507,30.5796,0.2897,0.2519,17.9788,13.5022,0.4553,0.1694,2576,4
E02003632,Bedford 017,4,6168,19.2139,0.2099,0.1169,27.1195,0.1711,0.1361,16.1239,24.0728,0.3426,0.1163,3222,5
E02003633,Bedford 018,7,10610,17.6133,0.2299,0.1182,26.3342,0.0139,-0.2698,18.7364,9.7767,0.3698,0.1351,3567,6
E02003635,Bedford 020,5,10885,13.7449,0.1548,0.0724,16.165,-0.1403,-0.431,33.1901,7.1378,0.2446,0.152,4528,7
E02003636,Central Bedfordshire 018,4,7297,9.7349,0.1092,0.071,10.7248,-0.937,-0.4063,25.2113,16.2381,0.1712,0.0872,5647,9
E02003637,Central Bedfordshire 019,6,11205,15.3398,0.1427,0.0813,20.4895,-0.6301,-0.0074,29.7918,22.2318,0.2898,0.1039,4128,7
E02003638,Central Bedfordshire 020,5,7766,9.7025,0.1251,0.0673,19.0488,-0.745,-0.5729,20.4145,3.3957,0.2033,0.0802,5655,9
E02003639,Central Bedfordshire 021,5,9521,19.6128,0.2391,0.13,20.8671,0.0546,0.4129,15.0016,17.1584,0.3539,0.2125,3128,5
E02003640,Central Bedfordshire 022,4,6112,7.4891,0.1078,0.0684,7.898,-0.7919,-0.5394,15.5406,14.6963,0.1799,0.0898,6212,10
E02003641,Central Bedfordshire 023,4,5248,5.2157,0.075,0.0553,3.3429,-0.8177,-1.5714,21.062,12.7659,0.1147,0.0523,6608,10
E02003642,Central Bedfordshire 025,5,9943,26.1397,0.3006,0.169,40.5988,0.2313,0.5018,20.8359,4.8426,0.4092,0.2641,2059,4
E02003643,Central Bedfordshire 024,10,14081,9.6299,0.1388,0.0725,13.3143,-0.3874,-0.4651,19.7415,4.5638,0.1994,0.1294,5672,9
E02003644,Central Bedfordshire 026,5,11183,19.4131,0.2586,0.1198,29.4343,-0.0399,0.3963,18.4444,5.6911,0.3965,0.1744,3175,5
E02003645,Central Bedfordshire 027,4,7043,9.5522,0.1328,0.0715,18.9004,-0.8661,-0.2798,13.9712,14.2946,0.2465,0.0633,5700,9
E02003646,Central Bedfordshire 028,7,10861,17.577,0.2176,0.122,28.5858,-0.137,-0.0032,17.8962,6.3445,0.303,0.1975,3578,6
E02003647,Central Bedfordshire 029,6,10989,16.9163,0.1882,0.0954,20.8553,-0.1633,0.6045,15.6718,21.9373,0.2834,0.2038,3726,6
E02003648,Central Bedfordshire 030,3,5707,24.8716,0.2717,0.1469,35.0196,0.0878,0.6129,20.4468,11.244,0.3725,0.2307,2238,4
E02003649,Central Bedfordshire 031,4,6678,6.2849,0.0905,0.0587,12.2148,-0.9943,-0.7349,15.6771,7.7544,0.1615,0.0713,6449,10
E02003650,Central Bedfordshire 032,5,7014,15.0146,0.1235,0.086,17.929,-0.6053,-0.3672,37.0658,17.9007,0.2181,0.0908,4206,7
E02003651,Central Bedfordshire 033,4,7032,14.947,0.1547,0.0891,20.1477,-0.3719,-0.2182,25.4283,19.4358,0.2779,0.1237,4222,7
E02003652,Buckinghamshire 001,6,10633,10.8088,0.1251,0.0708,9.1948,-0.8723,-0.6802,27.7591,16.8441,0.2046,0.07,5376,8
E02003653,Buckinghamshire 002,4,6867,10.925,0.1375,0.0802,14.8833,-0.7647,-0.5536,21.8641,9.5958,0.2117,0.1227,5341,8
E02003654,Buckinghamshire 003,4,5877,12.2098,0.0873,0.0647,6.6404,-1.2499,-0.9566,40.451,27.3204,0.139,0.0727,4971,8
E02003655,Buckinghamshire 004,6,10474,13.5678,0.1157,0.0698,11.4438,-1.026,-0.925,41.2245,24.538,0.1822,0.0853,4580,7
E02003656,Buckinghamshire 005,4,6821,11.3726,0.1348,0.0816,11.9133,-0.795,-0.7237,29.6929,8.7082,0.2178,0.0991,5214,8
E02003657,Buckinghamshire 006,4,7639,11.2292,0.1266,0.0628,5.3735,-1.2984,-0.6772,37.4385,19.6971,0.2,0.103,5254,8
E02003658,Buckinghamshire 007,7,10504,10.2622,0.1469,0.0645,8.463,-0.8389,-0.6712,28.8498,12.143,0.2612,0.0855,5519,9
E02003659,Buckinghamshire 009,7,9824,14.8686,0.1391,0.0759,10.3625,-0.802,-0.5433,34.9574,31.2557,0.1963,0.1078,4238,7
E02003660,Buckinghamshire 008,6,10992,10.7353,0.1085,0.0609,7.3024,-1.355,-0.9439,38.2204,18.843,0.1768,0.0826,5396,8
E02003661,Buckinghamshire 010,4,5904,14.2716,0.077,0.0598,7.0593,-1.1277,-1.2853,41.0211,47.0888,0.1302,0.0699,4393,7
E02003662,Buckinghamshire 012,4,6317,15.9471,0.2002,0.1054,24.5825,-0.3662,-0.2241,22.9403,6.6669,0.3044,0.1792,3957,6
E02003663,Buckinghamshire 011,9,14599,17.1663,0.2187,0.1055,22.9548,-0.1918,-0.1907,27.5443,3.4185,0.3081,0.2257,3665,6
E02003664,Buckinghamshire 013,4,8402,22.3244,0.2796,0.1421,29.6535,0.1949,0.2176,20.3335,12.2154,0.4061,0.1894,2668,4
E02003665,Buckinghamshire 014,4,6347,12.2417,0.1563,0.094,14.9943,-0.4824,-0.1118,15.096,11.2575,0.2338,0.1193,4962,8
E02003666,Buckinghamshire 015,5,7705,22.9321,0.2417,0.1387,26.0729,-0.0796,0.7536,20.31,26.6762,0.3704,0.238,2564,4
E02003667,Buckinghamshire 016,6,9291,10.1318,0.138,0.0755,17.4995,-0.7106,-0.4808,19.9861,6.0873,0.2041,0.1233,5552,9
E02003668,Buckinghamshire 018,6,8737,4.8491,0.0832,0.0571,6.9336,-1.1209,-0.7913,15.273,6.9272,0.1312,0.0587,6658,10
E02003669,Buckinghamshire 017,4,7405,28.8653,0.3284,0.1644,51.4143,0.3501,0.2862,24.4934,7.6317,0.4429,0.3491,1706,3
E02003670,Buckinghamshire 019,6,9218,8.8238,0.1213,0.0748,11.2195,-0.7165,-0.7431,20.5021,8.5192,0.1883,0.0958,5888,9
E02003671,Buckinghamshire 020,4,5996,19.6219,0.2264,0.1209,30.7517,-0.1672,0.0795,28.0001,5.4308,0.3185,0.1706,3125,5
E02003672,Buckinghamshire 021,7,13369,9.9228,0.1372,0.0717,8.9092,-0.9491,-0.5384,28.4631,7.3737,0.238,0.0633,5599,9
E02003673,Buckinghamshire 022,6,9883,7.5931,0.105,0.0625,7.3826,-1.1663,-1.1681,25.4471,11.227,0.1794,0.064,6195,10
E02003674,Buckinghamshire 023,4,5734,8.4158,0.0799,0.0464,4.4615,-1.581,-1.7061,33.477,23.1043,0.1035,0.0836,6004,9
E02003675,Buckinghamshire 024,6,9681,8.1643,0.0893,0.057,7.1652,-1.0483,-1.1141,28.4487,10.2498,0.1282,0.099,6057,9
E02003676,Buckinghamshire 029,4,8167,10.5724,0.0587,0.0471,2.5708,-1.7861,-0.8872,38.8627,37.0711,0.0817,0.0504,5436,8
E02003677,Buckinghamshire 027,6,10348,17.9001,0.227,0.1209,23.667,-0.6085,-0.1983,27.2288,6.7753,0.3353,0.1819,3508,6
E02003678,Buckinghamshire 028,4,5796,9.3629,0.1147,0.0726,8.437,-1.0245,-0.7437,24.025,10.7062,0.1605,0.0923,5749,9
E02003679,Buckinghamshire 030,4,7097,16.2959,0.2019,0.1121,13.6813,-0.4481,0.0729,23.8272,22.2644,0.2829,0.1978,3878,6
E02003680,Buckinghamshire 031,6,9860,7.906,0.0745,0.0536,6.2771,-1.6629,-0.8347,31.6933,10.2473,0.1079,0.0613,6132,9
E02003681,Buckinghamshire 032,6,10647,6.4645,0.0938,0.061,3.6149,-1.5834,-0.8911,21.292,9.0802,0.1071,0.101,6423,10
E02003682,Buckinghamshire 034,5,7653,5.0264,0.0768,0.0537,2.6334,-1.4737,-1.0366,20.3752,12.6045,0.0951,0.0792,6639,10
E02003683,Buckinghamshire 035,4,7281,7.552,0.1105,0.0668,3.8863,-1.5242,-0.7547,22.9604,7.1327,0.1467,0.11,6199,10
E02003685,Buckinghamshire 047,4,8196,4.5515,0.073,0.0479,3.1473,-2.0534,-0.9358,22.9527,5.6735,0.1096,0.0472,6693,10
E02003686,Buckinghamshire 050,5,7799,5.4228,0.0813,0.0637,5.7543,-1.4273,-0.6582,17.1366,7.5482,0.12,0.0549,6579,10
E02003687,Buckinghamshire 054,3,5856,5.2845,0.0915,0.0578,4.9656,-1.7786,-0.7478,12.0584,9.1071,0.1131,0.0885,6595,10
E02003688,Buckinghamshire 053,7,12431,6.3454,0.0963,0.0597,6.6915,-1.6129,-0.4026,15.5354,7.9675,0.1275,0.0983,6443,10
E02003689,Buckinghamshire 058,5,9402,5.3786,0.0713,0.0443,5.9918,-1.9929,-0.7255,20.6014,9.341,0.1184,0.0493,6587,10
E02003690,Buckinghamshire 059,4,7407,14.6173,0.1637,0.0989,15.485,-1.0226,0.0162,29.756,15.2653,0.253,0.1503,4310,7
E02003691,Buckinghamshire 063,4,7270,8.8615,0.0944,0.0628,6.3534,-1.4201,-0.1581,26.895,14.3957,0.1259,0.078,5878,9
E02003692,Buckinghamshire 064,5,8945,11.7147,0.1043,0.0685,13.7499,-1.4284,-0.1596,33.5696,16.4988,0.17,0.0767,5123,8
E02003693,Buckinghamshire 065,4,7247,7.3286,0.0831,0.0439,4.9311,-1.8122,-0.0388,24.1714,19.2779,0.1453,0.0546,6256,10
E02003694,Buckinghamshire 066,5,8565,12.4989,0.1807,0.1016,16.6318,-0.759,-0.0635,13.5321,12.9353,0.2859,0.1483,4881,8
E02003695,Buckinghamshire 067,6,11011,13.3586,0.1379,0.0826,17.1087,-1.3095,-0.186,31.8954,14.7163,0.2093,0.1251,4636,7
E02003696,Buckinghamshire 026,5,8760,10.3537,0.1314,0.08,15.8708,-1.1303,-0.6739,23.3228,7.2443,0.2043,0.1084,5495,9
E02003697,Buckinghamshire 025,4,6405,9.8982,0.0777,0.0509,8.2156,-1.6211,-1.0008,34.6338,25.1408,0.1402,0.0488,5609,9
E02003698,Buckinghamshire 033,6,8230,5.6783,0.0501,0.0354,2.8806,-1.6822,-1.6756,33.9547,7.3749,0.0789,0.0512,6542,10
E02003699,Buckinghamshire 037,4,5844,16.1151,0.1349,0.0841,17.1552,-0.7916,-0.6262,41.2546,23.3139,0.2388,0.0894,3918,6
E02003701,Buckinghamshire 038,7,12367,13.6572,0.1752,0.089,18.3985,-0.9211,-0.2592,27.5591,8.2613,0.2727,0.1217,4555,7
E02003702,Buckinghamshire 040,5,8269,12.7707,0.0664,0.0433,5.4294,-1.7609,-0.9889,41.9634,42.9186,0.1232,0.0341,4804,8
E02003703,Buckinghamshire 041,5,9087,11.886,0.1572,0.0886,10.1491,-0.8952,-0.2509,25.8827,13.2126,0.2288,0.1481,5067,8
E02003704,Buckinghamshire 045,4,5771,4.3015,0.0574,0.0408,4.4121,-1.7968,-1.2748,23.4369,8.1161,0.0859,0.0447,6722,10
E02003705,Buckinghamshire 042,4,7251,19.9827,0.2654,0.1168,28.5052,-0.5472,-0.1112,29.5011,14.0971,0.3669,0.2955,3053,5
E02003706,Buckinghamshire 043,4,6824,18.1599,0.2487,0.1156,25.2472,-0.3889,-0.0953,25.5299,8.3076,0.3668,0.2132,3459,6
E02003707,Buckinghamshire 044,4,6804,19.0105,0.2315,0.1098,24.5451,-0.5676,0.1837,29.6303,14.4964,0.3648,0.191,3276,5
E02003708,Buckinghamshire 046,5,9935,32.1247,0.3788,0.1586,48.377,0.0374,0.4811,33.3609,16.1775,0.5675,0.382,1344,2
E02003709,Buckinghamshire 048,4,5699,24.9101,0.2921,0.1536,31.8523,-0.1386,0.3115,33.8708,6.0913,0.4026,0.264,2231,4
E02003710,Buckinghamshire 049,6,13608,15.4778,0.1958,0.0953,16.96,-0.8264,0.1095,24.7486,16.3544,0.3116,0.1989,4087,6
E02003711,Buckinghamshire 051,6,10032,15.5831,0.2053,0.0942,16.8841,-0.5335,0.0878,27.6238,12.2846,0.3454,0.1958,4062,6
E02003712,Buckinghamshire 052,5,8092,17.9271,0.2028,0.124,18.4864,-0.4167,-0.0688,29.7702,13.4982,0.2548,0.1941,3506,6
E02003713,Buckinghamshire 055,4,5856,8.5726,0.0993,0.0641,11.1892,-1.6929,-0.9006,27.0383,6.2244,0.1458,0.0641,5960,9
E02003714,Buckinghamshire 056,4,6863,11.0475,0.1212,0.0738,12.9822,-1.2197,-0.5402,30.5306,14.3241,0.186,0.105,5311,8
E02003715,Buckinghamshire 057,4,6522,5.2957,0.0464,0.037,1.1744,-1.9681,-1.4307,27.2078,15.3319,0.0632,0.0405,6594,10
E02003716,Buckinghamshire 060,4,5965,7.3839,0.0852,0.057,9.3931,-1.4878,-0.8434,23.8055,14.1208,0.11,0.0917,6243,10
E02003717,Buckinghamshire 062,6,9167,5.3604,0.0919,0.0519,4.9808,-1.5353,-0.7863,14.3876,7.3912,0.1178,0.1121,6590,10
E02003718,Buckinghamshire 061,4,5759,7.6827,0.114,0.0648,9.9489,-1.3246,-0.6897,18.9858,12.263,0.1638,0.0923,6179,10
E02003719,Cambridge 001,6,10057,22.6457,0.2763,0.1329,21.9488,0.3115,0.6358,21.1088,10.3802,0.4497,0.2446,2619,4
E02003720,Cambridge 002,6,9676,16.4615,0.1891,0.1128,12.135,-0.2341,0.4753,16.9816,20.6193,0.2529,0.1674,3831,6
E02003721,Cambridge 003,6,9874,18.3515,0.2337,0.1209,20.9753,0.0341,0.3116,18.5305,12.3161,0.3818,0.2314,3418,5
E02003722,Cambridge 004,5,8690,9.321,0.0922,0.0585,1.3305,-1.0305,0.2403,11.972,32.2468,0.1114,0.0943,5761,9
E02003723,Cambridge 005,5,13813,4.384,0.0362,0.0201,2.0269,-1.8262,-1.2907,15.5084,28.6515,0.1042,0.0991,6709,10
E02003724,Cambridge 006,6,10317,21.5991,0.2428,0.1317,26.4382,-0.0088,0.6423,19.2886,15.5413,0.38,0.2229,2773,5
E02003725,Cambridge 007,5,16917,6.602,0.0262,0.0136,3.1172,-1.8407,-0.2326,12.5721,34.5892,0.0778,0.122,6393,10
E02003726,Cambridge 008,5,8272,10.9777,0.0952,0.0564,2.8961,-0.7521,0.5322,9.035,42.0914,0.1541,0.1319,5334,8
E02003727,Cambridge 009,5,10262,10.1017,0.1166,0.0581,8.8075,-0.4584,-0.0745,13.2108,31.0502,0.2263,0.1424,5560,9
E02003728,Cambridge 010,6,10813,9.1162,0.1203,0.0648,10.0767,-0.5532,-0.2616,13.3314,18.5967,0.1918,0.2134,5812,9
E02003729,Cambridge 011,6,9327,11.054,0.1612,0.0895,10.0789,-0.4263,-0.1292,15.7028,7.5209,0.2165,0.1348,5306,8
E02003731,Cambridge 013,6,12061,5.426,0.0755,0.04,7.9822,-1.4027,-1.06,12.4809,16.9876,0.1408,0.0879,6576,10
E02003732,East Cambridgeshire 001,6,10059,16.7456,0.1813,0.1086,23.9496,-0.1947,0.0501,24.0978,13.5357,0.2587,0.1804,3763,6
E02003733,East Cambridgeshire 002,5,8677,13.7075,0.1196,0.0755,15.5989,-0.8116,-0.7348,41.0278,12.5965,0.1809,0.0985,4540,7
E02003734,East Cambridgeshire 003,7,12044,8.5529,0.1446,0.083,8.3616,-0.7219,-0.4732,13.0681,7.0391,0.217,0.1056,5965,9
E02003735,East Cambridgeshire 004,5,8546,7.9366,0.1065,0.0695,5.3497,-0.8637,-0.4861,16.2912,18.5797,0.1247,0.1275,6123,9
E02003736,East Cambridgeshire 005,6,10529,15.5473,0.1478,0.0849,15.2979,-0.7021,-0.5491,36.4824,27.1214,0.2578,0.1015,4070,6
E02003737,East Cambridgeshire 006,7,13657,13.847,0.1586,0.0905,20.402,-0.3561,-0.3105,24.1811,13.7324,0.2287,0.1557,4501,7
E02003738,East Cambridgeshire 007,4,6785,13.8448,0.1553,0.0792,11.0366,-0.4969,-0.9771,36.8481,15.1146,0.2321,0.1261,4502,7
E02003739,East Cambridgeshire 008,4,6537,8.5241,0.1122,0.0679,8.8691,-1.0664,-0.6708,25.6829,10.2732,0.1725,0.0815,5969,9
E02003740,East Cambridgeshire 009,3,6279,10.8169,0.1047,0.0697,6.7288,-0.7384,-0.583,32.5602,20.5691,0.1624,0.0848,5371,8
E02003742,Fenland 001,4,6810,27.0892,0.2081,0.1513,36.0563,0.3836,-0.0752,42.6242,16.9419,0.385,0.1318,1911,3
E02003743,Fenland 002,5,11121,37.4366,0.3536,0.1954,71.5045,0.8139,0.6047,20.7076,12.5763,0.5445,0.2401,900,2
E02003744,Fenland 003,8,13729,34.391,0.3152,0.1829,56.9843,0.8118,0.4839,22.0256,20.0898,0.4942,0.2371,1128,2
E02003745,Fenland 004,6,10508,30.1061,0.2469,0.1649,38.189,0.4004,-0.0946,45.6896,19.8371,0.4065,0.1649,1543,3
E02003746,Fenland 005,4,7694,22.1366,0.2102,0.1301,39.034,0.1594,-0.1423,27.9588,14.9415,0.371,0.1451,2700,4
E02003747,Fenland 006,8,12972,19.8001,0.211,0.1265,30.2951,0.174,-0.158,25.2538,8.0623,0.3476,0.1604,3094,5
E02003748,Fenland 007,4,7561,29.5537,0.2804,0.1878,46.3828,0.4787,0.0779,26.2639,11.5041,0.4371,0.208,1617,3
E02003749,Fenland 008,4,6167,19.3435,0.1404,0.1013,28.4542,0.0313,-0.4456,41.3481,12.8725,0.2668,0.0941,3190,5
E02003750,Fenland 009,4,7594,23.1384,0.2091,0.143,36.5013,0.3773,0.0177,28.3315,6.6499,0.3664,0.1416,2522,4
E02003751,Fenland 010,3,7712,18.5672,0.1525,0.1083,24.2698,0.0006,-0.4402,35.6797,19.1148,0.2676,0.1124,3375,5
E02003752,Fenland 011,6,11134,18.8772,0.1869,0.1221,33.144,0.2198,-0.1588,23.0038,8.4171,0.3101,0.1477,3303,5
E02003753,Huntingdonshire 001,6,11239,13.7721,0.1613,0.1084,20.4482,-0.3409,-0.2669,20.0346,7.6606,0.2454,0.1111,4522,7
E02003754,Huntingdonshire 002,4,5800,11.7142,0.1129,0.0659,8.1073,-1.0687,-0.358,32.744,23.2669,0.1775,0.088,5124,8
E02003755,Huntingdonshire 003,5,8881,18.1467,0.2083,0.1181,20.4784,-0.2256,-0.1196,29.6912,10.32,0.3688,0.1319,3464,6
E02003756,Huntingdonshire 004,5,7180,11.2891,0.1355,0.085,13.6993,-0.7302,-0.4233,27.2781,7.8486,0.2309,0.1048,5232,8
E02003757,Huntingdonshire 005,4,7120,12.8815,0.1409,0.0953,15.05,-0.6588,-0.3242,30.4068,6.8962,0.218,0.0995,4775,7
E02003758,Huntingdonshire 006,6,9857,11.1026,0.1103,0.065,12.6514,-1.0677,-0.5587,35.6543,12.5562,0.1788,0.0882,5295,8
E02003759,Huntingdonshire 007,4,6033,8.5025,0.1,0.0598,9.2442,-1.0206,-0.7461,32.0774,5.0591,0.1885,0.0596,5978,9
E02003760,Huntingdonshire 008,5,9110,24.8148,0.2996,0.1564,45.4561,0.2898,0.2913,15.2134,4.0057,0.4128,0.2772,2250,4
E02003761,Huntingdonshire 009,4,5970,10.9677,0.1274,0.0894,20.7825,-0.5932,-0.4253,15.6118,6.9266,0.2122,0.082,5336,8
E02003762,Huntingdonshire 010,6,12309,9.577,0.1252,0.0738,12.0883,-0.8109,-0.6265,26.5538,5.4737,0.1706,0.0967,5685,9
E02003763,Huntingdonshire 011,7,9587,8.0393,0.1135,0.0769,13.7404,-0.7429,-0.728,18.4087,4.9328,0.182,0.0688,6099,9
E02003764,Huntingdonshire 012,6,10589,10.8079,0.1415,0.0847,12.9823,-0.5979,-0.1172,11.9084,14.069,0.2147,0.113,5378,8
E02003765,Huntingdonshire 013,4,7475,11.0399,0.1456,0.0837,14.7267,-0.645,-0.1223,14.1789,16.2266,0.2074,0.1152,5312,8
E02003766,Huntingdonshire 014,5,8194,11.4699,0.1682,0.0892,9.594,-0.2922,-0.3443,18.4338,10.2349,0.2472,0.144,5186,8
E02003767,Huntingdonshire 015,4,6470,11.2109,0.0826,0.0567,4.68,-1.337,-1.1896,40.0671,31.7134,0.146,0.0685,5263,8
E02003768,Huntingdonshire 016,6,10235,7.5594,0.0934,0.0664,7.2848,-1.1386,-0.848,26.9861,8.0117,0.1544,0.0552,6198,10
E02003769,Huntingdonshire 017,4,7609,10.6205,0.0913,0.0571,12.4061,-0.8985,-0.7509,34.7825,15.9495,0.1876,0.0653,5423,8
E02003770,Huntingdonshire 018,6,11094,10.4968,0.1434,0.0752,9.507,-0.7422,-0.4968,23.6273,8.5252,0.1953,0.117,5459,8
E02003771,Huntingdonshire 019,4,6390,12.5518,0.1538,0.1007,18.2684,-0.5129,-0.0181,7.7265,12.6052,0.2347,0.1319,4869,8
E02003772,Huntingdonshire 020,5,6747,4.2229,0.0664,0.053,8.2649,-1.1745,-1.0506,14.2329,7.4187,0.1025,0.052,6733,10
E02003773,Huntingdonshire 021,7,10496,13.2056,0.1709,0.1036,23.0555,-0.3689,-0.1311,11.8741,7.6641,0.2619,0.1437,4674,7
E02003774,Huntingdonshire 022,4,5711,14.6713,0.1769,0.1093,26.2301,-0.2032,-0.2759,16.7235,5.2763,0.2355,0.1928,4295,7
E02003775,South Cambridgeshire 001,4,7392,9.0024,0.1265,0.0676,8.4371,-1.1812,-0.7311,29.3512,3.7667,0.2002,0.0882,5847,9
E02003776,South Cambridgeshire 002,4,7033,11.4232,0.1351,0.0768,7.1666,-1.0228,-0.5911,33.3117,11.6051,0.2356,0.1066,5198,8
E02003777,South Cambridgeshire 003,7,10658,8.044,0.1163,0.0596,5.0935,-1.1005,-0.4708,27.1155,3.8459,0.185,0.0947,6096,9
E02003778,South Cambridgeshire 004,4,6699,11.7213,0.1247,0.0758,6.3225,-0.8492,-0.7074,38.824,9.8002,0.1668,0.1139,5119,8
E02003780,South Cambridgeshire 006,7,11647,9.3107,0.1446,0.0838,6.8894,-0.7809,-0.376,17.6846,7.9692,0.2347,0.1676,5764,9
E02003781,South Cambridgeshire 007,4,6278,9.5889,0.1308,0.0831,6.4015,-0.9458,-0.5265,22.3521,14.3465,0.2069,0.1235,5681,9
E02003784,South Cambridgeshire 010,5,9103,6.7662,0.089,0.0515,2.3749,-1.5436,-0.8599,30.0824,11.7029,0.1335,0.061,6361,10
E02003785,South Cambridgeshire 011,6,8923,8.6796,0.1198,0.0751,7.175,-0.7793,-0.5484,24.1999,6.6355,0.1502,0.1017,5929,9
E02003786,South Cambridgeshire 012,4,6730,4.7298,0.078,0.0536,2.4677,-1.4198,-1.0058,18.5119,8.5682,0.1298,0.0825,6672,10
E02003787,South Cambridgeshire 013,4,7808,12.8977,0.1204,0.0664,11.0948,-1.2731,-0.8088,39.5793,24.4769,0.1924,0.092,4770,7
E02003788,South Cambridgeshire 014,5,8567,7.4861,0.1048,0.0666,3.6463,-1.3452,-0.5446,26.1612,8.8984,0.1584,0.0644,6214,10
E02003789,South Cambridgeshire 015,5,7386,9.5796,0.1374,0.0911,9.2432,-0.6176,-0.9021,19.845,6.4957,0.1986,0.1063,5683,9
E02003790,South Cambridgeshire 016,6,9302,10.1993,0.1075,0.0671,6.9254,-1.2559,-1.044,33.0213,18.8872,0.1778,0.0889,5535,9
E02003791,South Cambridgeshire 017,6,8454,8.815,0.1057,0.0561,5.4759,-1.3717,-1.1621,30.4786,22.0018,0.1711,0.0858,5891,9
E02003792,South Cambridgeshire 018,6,10069,10.5812,0.1201,0.0808,10.5527,-0.9864,-0.6128,26.8994,14.3618,0.2039,0.0761,5434,8
E02003793,South Cambridgeshire 019,4,7350,15.4592,0.121,0.0867,11.0605,-1.1235,-0.4562,38.1988,35.6073,0.1902,0.0936,4094,6
E02003794,Cheshire West and Chester 022,6,8634,16.4127,0.1373,0.0985,20.0084,-0.1406,-0.3237,29.5221,23.928,0.2193,0.1003,3846,6
E02003795,Cheshire West and Chester 025,3,6469,10.9998,0.1104,0.0759,7.236,-0.3169,-0.5979,25.7823,22.8195,0.186,0.0918,5323,8
E02003796,Cheshire West and Chester 027,5,7444,19.1867,0.2439,0.1516,15.3829,0.2165,0.0252,13.9066,7.8318,0.3269,0.1952,3235,5
E02003797,Cheshire West and Chester 028,6,10145,5.7511,0.0784,0.0622,1.7624,-0.4406,-0.7618,11.7433,14.2489,0.1095,0.0615,6531,10
E02003798,Cheshire West and Chester 029,4,6321,40.3093,0.4202,0.2605,48.2851,1.0003,0.7536,19.9956,7.9774,0.5542,0.3543,724,2
E02003799,Cheshire West and Chester 031,5,7329,40.5532,0.4002,0.2525,48.0768,1.0965,0.7624,18.8844,10.5028,0.5366,0.3439,710,2
E02003800,Cheshire West and Chester 030,4,7144,6.9602,0.0808,0.0581,3.992,-1.1321,-1.0015,30.2235,7.6158,0.1316,0.0666,6335,10
E02003801,Cheshire West and Chester 032,5,7113,9.4198,0.1205,0.0894,8.2287,-0.366,-0.643,12.9152,12.15,0.1598,0.1258,5732,9
E02003802,Cheshire West and Chester 033,6,8820,22.1953,0.2059,0.1247,20.3515,0.6906,0.5649,9.3691,32.7665,0.3342,0.3085,2692,4
E02003803,Cheshire West and Chester 034,7,10518,14.4507,0.1144,0.0721,10.8623,0.322,0.3573,13.5551,33.8448,0.2701,0.1926,4353,7
E02003804,Cheshire West and Chester 036,4,6982,13.8242,0.1566,0.1013,8.2842,-0.216,-0.1769,12.4033,35.01,0.172,0.1834,4509,7
E02003805,Cheshire West and Chester 039,4,6332,7.0458,0.0709,0.0556,1.4279,-0.9132,-1.0588,29.5644,14.1265,0.0881,0.0659,6313,10
E02003806,Cheshire West and Chester 041,6,8408,4.924,0.071,0.0512,2.4184,-0.5437,-0.8856,20.187,6.2171,0.0866,0.062,6648,10
E02003807,Cheshire West and Chester 043,6,8776,7.4573,0.0952,0.0769,5.3388,-0.6328,-0.2892,7.5004,18.3757,0.1538,0.0807,6225,10
E02003808,Cheshire West and Chester 044,4,6587,28.5213,0.3086,0.194,35.2839,0.3527,0.16,14.1556,11.1538,0.3975,0.2837,1748,3
E02003809,Cheshire West and Chester 046,4,8749,13.3688,0.1216,0.0841,9.716,-0.7528,-0.719,35.2338,25.9611,0.2323,0.0778,4635,7
E02003810,Cheshire West and Chester 047,5,10054,13.2046,0.1196,0.0738,6.7063,-0.8658,-0.7643,37.9019,26.9803,0.2187,0.0887,4675,7
E02003811,Cheshire East 022,4,7776,9.5118,0.0764,0.0597,4.9905,-0.8105,-0.7764,30.4591,21.4553,0.1204,0.0539,5714,9
E02003812,Cheshire East 023,4,6731,5.9718,0.0876,0.0648,4.956,-0.8921,-0.7206,18.8902,7.6521,0.1129,0.0782,6492,10
E02003813,Cheshire East 024,4,6081,12.1256,0.1181,0.0906,10.0661,-0.113,0.063,18.7194,17.7545,0.1801,0.0928,4996,8
E02003814,Cheshire East 025,5,8344,15.9852,0.1709,0.1029,17.7995,0.0256,0.0155,24.8494,9.4918,0.2705,0.1056,3944,6
E02003815,Cheshire East 026,4,7833,26.6034,0.3011,0.1844,32.861,0.4414,0.562,14.8827,8.2824,0.4194,0.2096,1991,3
E02003816,Cheshire East 027,4,7805,18.349,0.2012,0.1329,15.4077,0.0897,0.4276,10.2419,19.2189,0.3094,0.1391,3419,5
E02003817,Cheshire East 028,4,7877,5.9726,0.0957,0.0708,6.6956,-0.5173,-0.8335,12.2414,5.9526,0.1301,0.0822,6491,10
E02003818,Cheshire East 029,4,5744,3.386,0.0457,0.0445,3.1167,-0.9705,-1.2292,16.1657,8.9251,0.078,0.0334,6796,10
E02003819,Cheshire East 030,4,6923,7.2196,0.0906,0.0731,6.6741,-0.5742,-0.5541,13.8861,10.1162,0.1344,0.0659,6279,10
E02003820,Cheshire East 031,5,9936,7.8729,0.1092,0.0708,4.6975,-0.4801,-0.2866,20.631,7.1105,0.1666,0.0687,6138,9
E02003821,Cheshire East 032,4,5716,15.4705,0.1698,0.1269,15.2503,0.1054,-0.0769,13.6094,12.4566,0.2795,0.1335,4090,6
E02003822,Cheshire East 033,8,12032,13.2013,0.1222,0.0823,12.5668,-0.3418,-0.5417,29.7977,23.2552,0.2217,0.0816,4676,7
E02003823,Cheshire East 040,4,7142,13.3702,0.1522,0.1129,12.5042,-0.3421,-0.3099,13.3073,7.9061,0.2298,0.1005,4634,7
E02003824,Cheshire East 042,3,6904,7.2875,0.1118,0.0745,4.4766,-0.6837,-0.202,14.9928,5.9125,0.1514,0.1033,6263,10
E02003825,Cheshire East 034,4,6308,8.549,0.1096,0.0712,11.8004,-0.2763,-0.4026,16.9987,6.206,0.2137,0.0544,5966,9
E02003826,Cheshire East 035,5,9159,30.1811,0.3127,0.1748,43.9903,0.7201,0.6407,13.0782,18.5557,0.4628,0.2359,1530,3
E02003827,Cheshire East 036,6,10074,39.7913,0.3752,0.2166,57.6866,0.8425,1.1265,10.0094,27.5083,0.5657,0.2873,758,2
E02003828,Cheshire East 037,4,6623,32.5842,0.3547,0.2062,49.0243,0.6366,0.4038,15.9699,15.3035,0.5337,0.2656,1297,2
E02003829,Cheshire East 038,4,5786,12.5755,0.1463,0.1069,16.4291,0.0299,-0.6006,10.6787,12.3757,0.3398,0.0714,4859,8
E02003830,Cheshire East 039,5,8153,38.517,0.3534,0.2023,46.9991,0.9574,1.2821,10.7813,34.1309,0.5166,0.2923,825,2
E02003831,Cheshire East 041,7,10425,8.5757,0.102,0.0692,6.4739,-0.5115,-0.8658,24.8819,9.8225,0.1825,0.0684,5959,9
E02003832,Cheshire East 043,4,6762,34.4516,0.2713,0.1412,60.2298,0.4066,1.0575,8.4523,51.2986,0.5067,0.2155,1125,2
E02003833,Cheshire East 044,4,6286,17.0929,0.2,0.125,19.4857,0.1793,0.1036,16.008,6.3444,0.2885,0.1812,3681,6
E02003834,Cheshire East 045,4,7210,28.1764,0.2844,0.1539,40.1605,0.426,0.8783,7.8756,28.1651,0.4553,0.2008,1788,3
E02003835,Cheshire East 046,6,8539,4.5514,0.0748,0.0565,3.707,-0.7674,-0.7305,15.9001,6.8438,0.1682,0.0296,6694,10
E02003836,Cheshire East 047,5,6926,15.4594,0.1819,0.1192,18.6579,-0.0372,-0.1509,8.7722,17.9647,0.3255,0.1227,4093,6
E02003838,Cheshire East 048,5,8706,9.2142,0.1122,0.0731,9.1326,-0.5598,-0.2078,22.7642,8.9069,0.1982,0.0581,5789,9
E02003839,Cheshire East 050,5,7116,14.0884,0.1688,0.108,13.5821,-0.215,0.2193,11.2259,12.0347,0.3105,0.1133,4446,7
E02003840,Cheshire East 051,5,11039,15.528,0.1055,0.0728,5.6995,-0.7735,-0.7992,41.6547,44.5974,0.188,0.0786,4078,6
E02003841,Cheshire West and Chester 001,4,7934,15.5791,0.1784,0.1283,14.4992,0.0278,-0.2152,15.9183,10.0069,0.2768,0.1487,4064,6
E02003842,Cheshire West and Chester 004,4,5770,8.4829,0.0685,0.0671,3.4765,-0.6036,-0.9387,25.5475,21.7987,0.0974,0.0467,5985,9
E02003843,Cheshire West and Chester 005,4,6451,23.9833,0.2424,0.1792,27.9188,0.6895,0.2296,14.9544,12.3339,0.3284,0.1809,2396,4
E02003844,Cheshire West and Chester 006,4,6627,8.5234,0.1201,0.086,8.4365,-0.3996,-1.0871,15.9434,9.6483,0.1929,0.0882,5970,9
E02003845,Cheshire West and Chester 007,7,11497,38.2694,0.4035,0.2296,44.3938,1.0184,0.8628,11.6969,21.9459,0.5529,0.3163,848,2
E02003846,Cheshire West and Chester 008,5,6912,40.0265,0.4092,0.2447,46.9306,1.1189,0.8992,12.8541,12.6071,0.5811,0.3028,740,2
E02003847,Cheshire West and Chester 009,7,10253,5.8447,0.0783,0.066,5.2064,-0.3845,-0.8975,16.7498,5.5033,0.1387,0.0439,6510,10
E02003848,Cheshire West and Chester 010,4,5324,30.9122,0.3057,0.1999,39.4085,0.8046,0.8101,7.1016,16.1056,0.4451,0.2184,1460,3
E02003849,Cheshire West and Chester 011,5,8517,39.1546,0.397,0.2551,47.4763,1.2488,0.7134,11.2545,6.1613,0.5193,0.3507,797,2
E02003850,Cheshire West and Chester 013,4,5003,15.4599,0.1626,0.1235,21.6175,0.089,-0.3062,10.5028,8.0579,0.2375,0.1322,4092,6
E02003851,Cheshire West and Chester 014,4,5715,6.8843,0.0761,0.0734,8.4516,-0.2451,-0.5269,9.8279,8.3517,0.1127,0.0476,6351,10
E02003852,Cheshire West and Chester 016,4,6393,6.0739,0.0686,0.0646,11.1276,-0.4268,-0.7959,13.6868,7.2107,0.1,0.0487,6479,10
E02003853,Cheshire East 001,4,6174,7.8266,0.0766,0.0666,5.8929,-0.6819,-0.4099,20.3521,20.0984,0.1115,0.0619,6148,9
E02003854,Cheshire East 002,5,6643,6.9798,0.0958,0.0753,4.8248,-0.7102,-0.7403,13.1261,9.6863,0.1013,0.1063,6330,10
E02003855,Cheshire East 003,4,6454,2.8784,0.0527,0.0478,2.0883,-1.0575,-1.04,10.1925,11.2652,0.0754,0.0426,6824,10
E02003856,Cheshire East 004,6,11902,17.0452,0.2113,0.1232,16.6841,-0.0633,0.2337,12.232,12.2789,0.2659,0.2006,3691,6
E02003857,Cheshire East 005,4,6941,8.1595,0.1239,0.0731,6.8721,-0.9285,-0.4201,13.7431,7.2188,0.2003,0.0958,6058,9
E02003858,Cheshire East 006,4,7032,3.8784,0.0494,0.0492,1.8474,-1.3446,-0.5165,7.3631,16.972,0.063,0.0478,6757,10
E02003859,Cheshire East 007,7,12694,13.8379,0.0799,0.0699,5.7867,-0.693,-0.6487,33.176,42.7465,0.1159,0.0639,4504,7
E02003860,Cheshire East 008,4,7349,2.1981,0.0421,0.0347,0.7006,-1.5635,-1.0105,11.8973,12.108,0.0555,0.0371,6846,10
E02003861,Cheshire East 009,4,6407,16.9716,0.2041,0.1323,15.1147,-0.0939,-0.112,12.7942,13.5406,0.2854,0.1618,3708,6
E02003862,Cheshire East 011,3,5249,5.6092,0.0434,0.0414,2.2873,-1.4003,-0.8703,27.3849,17.2914,0.0728,0.0385,6550,10
E02003863,Cheshire East 010,5,6873,5.125,0.077,0.0505,1.3754,-1.1055,-1.0558,10.6889,15.8248,0.106,0.0758,6627,10
E02003864,Cheshire East 012,5,8523,6.2685,0.0685,0.0521,4.5474,-0.9991,-0.8,19.0748,18.7311,0.0949,0.0666,6453,10
E02003865,Cheshire East 013,5,7940,9.6777,0.12,0.0789,7.4046,-0.6989,-0.4486,18.6222,21.8527,0.1632,0.104,5662,9
E02003866,Cheshire East 014,4,6236,3.2874,0.0503,0.046,2.0269,-0.9502,-0.5995,14.7587,6.6104,0.0833,0.0286,6803,10
E02003867,Cheshire East 015,5,7756,11.5893,0.1564,0.1043,11.0756,-0.3477,-0.3714,13.4783,7.0672,0.24,0.0832,5159,8
E02003868,Cheshire East 016,6,8462,20.1421,0.2121,0.1417,22.4556,0.3642,0.2016,7.9219,21.5473,0.2988,0.19,3017,5
E02003869,Cheshire East 017,5,7464,6.9632,0.0785,0.0699,5.3278,-0.4017,-0.4741,6.6934,19.6881,0.0996,0.0567,6334,10
E02003870,Cheshire East 018,7,10461,19.1883,0.1751,0.1112,11.3515,0.1752,0.4341,4.4642,47.4666,0.2733,0.1658,3233,5
E02003871,Cheshire East 019,4,6873,23.9792,0.2421,0.1703,31.717,0.4875,0.4694,12.3723,7.7216,0.335,0.2073,2399,4
E02003872,Cheshire East 020,5,10302,10.1599,0.0755,0.0512,4.3663,-1.0464,-0.6723,31.4279,37.0804,0.1082,0.0712,5545,9
E02003873,Cheshire East 021,4,6302,29.6925,0.2961,0.1906,35.2372,0.8062,0.8651,10.2649,15.0222,0.394,0.2614,1588,3
E02003874,Cheshire West and Chester 002,6,9269,13.1895,0.1377,0.097,13.7728,-0.6519,-0.1962,15.2804,20.4526,0.2031,0.1164,4678,7
E02003875,Cheshire West and Chester 003,3,6498,11.6651,0.0752,0.0629,4.2957,-0.9971,-0.6533,32.4731,42.4717,0.1091,0.0606,5134,8
E02003876,Cheshire West and Chester 012,4,5663,18.6496,0.1891,0.128,17.0961,0.0336,-0.1529,27.6339,16.0935,0.3119,0.1297,3364,5
E02003877,Cheshire West and Chester 015,5,9806,8.2012,0.0845,0.0662,4.6049,-0.9747,-0.7759,26.2726,20.3368,0.1407,0.0702,6049,9
E02003878,Cheshire West and Chester 017,5,9408,13.9308,0.1278,0.0933,12.5105,-0.2189,-0.6633,28.9852,18.8177,0.1898,0.0955,4478,7
E02003879,Cheshire West and Chester 018,6,9286,19.1452,0.1971,0.1176,17.4823,0.4274,0.1057,13.972,21.2647,0.2908,0.1623,3243,5
E02003880,Cheshire West and Chester 019,4,6646,18.6927,0.2133,0.1292,22.2866,0.0392,-0.0984,23.4759,11.4014,0.3028,0.18,3354,5
E02003881,Cheshire West and Chester 020,4,5856,22.7778,0.2353,0.149,21.7237,0.4537,0.4117,9.1011,31.2655,0.3498,0.1711,2593,4
E02003882,Cheshire West and Chester 021,6,9695,25.2559,0.2584,0.1693,33.736,0.5378,0.2646,13.4218,15.8003,0.3446,0.2291,2187,4
E02003883,Cheshire West and Chester 023,6,11485,4.9465,0.0809,0.0594,1.8028,-0.7353,-0.5365,15.9628,5.3856,0.1292,0.0529,6647,10
E02003884,Cheshire West and Chester 024,5,9169,8.578,0.0901,0.0694,4.171,-0.7732,-0.582,26.9149,10.5048,0.1257,0.0869,5958,9
E02003885,Cheshire West and Chester 026,4,6520,9.0628,0.1128,0.0759,7.6816,-0.6157,-0.7931,21.3033,15.3588,0.1846,0.0946,5832,9
E02003886,Cheshire West and Chester 035,4,6452,33.2429,0.3398,0.193,52.9526,0.6735,0.1796,21.2563,12.5929,0.5761,0.2159,1225,2
E02003887,Cheshire West and Chester 037,4,7023,15.8915,0.1947,0.1184,21.5454,0.1008,-0.2147,18.8364,4.6212,0.3153,0.1588,3971,6
E02003888,Cheshire West and Chester 038,4,6430,36.2726,0.3223,0.2198,45.8806,1.0645,1.0408,14.302,21.314,0.453,0.2485,988,2
E02003889,Cheshire West and Chester 040,4,6631,42.0859,0.4103,0.2473,53.7213,1.1581,0.815,19.9238,5.6357,0.5275,0.3532,631,1
E02003890,Cheshire West and Chester 042,4,7323,26.5765,0.2619,0.1676,35.8887,0.3969,0.455,19.2708,9.4846,0.3769,0.1626,1994,3
E02003891,Cheshire West and Chester 045,4,6418,9.9568,0.0886,0.0643,5.3484,-0.7624,-0.6444,29.8895,24.4758,0.1237,0.0739,5594,9
E02003892,Cornwall 010,4,6858,22.683,0.1643,0.1214,19.9303,-0.2304,-1.1092,43.8599,42.1151,0.2656,0.1338,2610,4
E02003893,Cornwall 012,4,6719,23.7528,0.1532,0.1093,14.6461,-0.3359,-0.9687,50.0337,54.9619,0.2704,0.1031,2442,4
E02003894,Cornwall 013,4,8559,22.2717,0.2195,0.1412,28.1352,-0.1389,-0.783,36.5273,17.1263,0.3794,0.1324,2675,4
E02003895,Cornwall 016,6,9932,22.8931,0.2557,0.1423,22.2477,0.2245,-0.4684,33.2332,16.9245,0.422,0.1486,2572,4
E02003896,Cornwall 017,4,6014,33.8594,0.3314,0.2161,38.6183,0.5805,0.5178,26.6721,17.1278,0.5245,0.2265,1171,2
E02003897,Cornwall 022,4,5348,10.1194,0.1049,0.0702,8.1942,-0.4179,-1.2643,27.8489,19.7961,0.2089,0.0558,5557,9
E02003898,Cornwall 023,4,6717,21.0702,0.1384,0.0983,11.0017,-0.4833,-0.9651,47.3058,50.9643,0.2421,0.1047,2864,5
E02003899,Cornwall 025,4,5330,20.1933,0.2411,0.1678,19.1502,0.3709,-0.4284,18.2935,10.5944,0.3642,0.1781,3012,5
E02003900,Cornwall 026,4,7088,15.3887,0.18,0.1266,14.1672,-0.0749,-0.292,20.1573,15.3435,0.3038,0.1089,4111,6
E02003901,Cornwall 028,5,8354,29.5035,0.2229,0.1465,31.3012,0.0297,-0.6106,45.5478,48.1937,0.3962,0.1605,1621,3
E02003902,Cornwall 029,4,5219,21.7589,0.2343,0.1614,21.7092,0.3636,-0.2255,21.537,16.7378,0.3301,0.1672,2758,5
E02003903,Cornwall 034,3,6411,19.8866,0.1834,0.1119,13.8607,-0.327,-0.9212,34.4022,42.5407,0.352,0.1098,3076,5
E02003904,Cornwall 037,3,4968,20.1181,0.154,0.1075,20.3161,-0.1512,-0.1984,33.3323,40.0837,0.2948,0.1171,3023,5
E02003905,Cornwall 032,4,7413,21.3128,0.1799,0.1112,16.2031,-0.3112,-0.9297,40.6679,45.3406,0.2638,0.1335,2822,5
E02003906,Cornwall 033,4,6382,19.9769,0.1757,0.1066,15.1256,-0.3324,-0.3847,31.1202,49.2003,0.2547,0.1247,3054,5
E02003907,Cornwall 040,5,8610,18.3366,0.1649,0.1001,8.5957,-0.2556,-0.9497,32.6307,48.8235,0.2381,0.1336,3423,5
E02003908,Cornwall 042,4,8436,16.3406,0.2117,0.1354,22.6956,-0.221,-0.3729,17.4104,7.8933,0.3579,0.1292,3859,6
E02003909,Cornwall 043,7,10810,16.233,0.1859,0.1252,17.9753,0.194,-0.5729,22.2417,7.8399,0.3133,0.1263,3894,6
E02003910,Cornwall 044,5,7187,17.6128,0.2007,0.1424,12.0351,0.2158,-0.3322,13.6795,21.7015,0.3169,0.1579,3568,6
E02003911,Cornwall 047,5,9288,14.7984,0.1248,0.0829,9.9842,-0.7005,-1.1323,34.6165,36.7055,0.1876,0.097,4253,7
E02003912,Cornwall 048,5,8118,17.2973,0.1507,0.091,12.4927,-0.5099,-1.2679,36.2767,42.2628,0.283,0.1113,3641,6
E02003913,Cornwall 056,4,5949,17.0271,0.1304,0.0985,7.6184,-0.505,-1.2141,36.7265,45.1892,0.208,0.091,3694,6
E02003914,Cornwall 060,4,8658,17.2691,0.2005,0.1082,22.6458,-0.1825,-0.5249,26.6722,17.2446,0.3593,0.1779,3646,6
E02003915,Cornwall 062,5,8283,26.7378,0.2804,0.163,36.4476,0.4149,0.2394,19.9175,24.2268,0.4876,0.2784,1970,3
E02003916,Cornwall 063,4,7129,8.6935,0.0822,0.0581,5.3579,-0.6617,-0.3804,18.893,31.1254,0.1585,0.1199,5926,9
E02003917,Cornwall 064,5,8378,9.7065,0.1387,0.0828,12.2666,-0.6449,-1.0386,22.5517,7.8777,0.2164,0.1063,5653,9
E02003918,Cornwall 045,5,7381,22.2191,0.213,0.137,24.149,0.0244,-0.5617,34.5414,25.1004,0.3505,0.1423,2687,4
E02003919,Cornwall 046,4,7571,31.2503,0.3512,0.2159,27.6844,0.6351,-0.1697,22.7224,23.8426,0.4785,0.3105,1432,3
E02003920,Cornwall 049,4,8382,17.0164,0.2087,0.1294,13.8187,0.0238,-0.3573,17.571,24.9465,0.3165,0.1542,3697,6
E02003921,Cornwall 050,4,6328,23.9353,0.214,0.1257,17.9411,0.0074,-0.7608,35.0659,52.6004,0.3568,0.1628,2410,4
E02003922,Cornwall 051,5,9038,28.2657,0.3093,0.1862,29.9957,0.3543,-0.1235,25.5419,27.409,0.4577,0.1988,1771,3
E02003923,Cornwall 052,5,9644,26.9123,0.3171,0.1784,28.825,0.4291,0.3595,15.1545,25.145,0.4574,0.2456,1939,3
E02003924,Cornwall 053,5,7422,30.7578,0.3112,0.2036,28.5104,0.5032,0.2141,20.4553,30.5404,0.4319,0.2698,1471,3
E02003925,Cornwall 055,5,7326,30.4536,0.3219,0.2035,33.3434,0.5028,0.0308,22.8637,23.1404,0.4873,0.221,1509,3
E02003926,Cornwall 059,4,8418,21.3673,0.1588,0.0968,16.3923,-0.5958,-1.0185,42.4724,54.6493,0.269,0.1149,2813,5
E02003927,Cornwall 066,5,11117,14.7727,0.1442,0.0747,10.486,-0.6738,-1.3657,36.4136,34.9992,0.2524,0.1136,4261,7
E02003928,Cornwall 071,7,12270,16.2601,0.2059,0.1178,21.5694,-0.1706,-0.7829,20.9783,13.357,0.2721,0.1765,3888,6
E02003929,Cornwall 072,5,6919,23.9806,0.1978,0.1207,24.2026,-0.197,-0.7131,35.9653,52.8093,0.3404,0.1407,2398,4
E02003930,Cornwall 073,5,8968,25.5513,0.1886,0.1175,23.4499,-0.4707,-1.3026,46.2632,57.202,0.3389,0.1278,2146,4
E02003931,Cornwall 001,6,10595,21.8808,0.2429,0.1498,28.6028,-0.0309,-0.5769,30.4223,13.8496,0.3684,0.1567,2743,4
E02003932,Cornwall 002,3,7475,25.7908,0.1981,0.1114,25.8018,-0.4705,-1.215,54.4138,45.4144,0.334,0.1107,2108,4
E02003933,Cornwall 003,4,7005,24.8953,0.1939,0.1162,20.4252,-0.2556,-0.9871,42.0174,57.1762,0.3707,0.1331,2235,4
E02003934,Cornwall 004,4,7229,28.3942,0.2282,0.1506,26.0772,-0.3484,-0.5017,43.868,48.3294,0.3472,0.1613,1758,3
E02003935,Cornwall 005,6,10365,25.0638,0.2706,0.1638,30.8403,0.3623,-0.1863,26.0283,17.575,0.4125,0.1715,2206,4
E02003936,Cornwall 006,5,8537,23.576,0.1539,0.1065,17.8683,-0.2048,-1.4068,49.2674,50.4619,0.3115,0.0977,2465,4
E02003937,Cornwall 007,3,5283,21.1015,0.176,0.0961,16.6678,-0.6021,-0.8918,42.2158,50.1145,0.2904,0.1273,2858,5
E02003938,Cornwall 008,5,6734,19.5353,0.2051,0.1011,21.6501,-0.3658,-0.9976,40.0332,24.6762,0.356,0.1473,3146,5
E02003939,Cornwall 009,4,6728,15.8681,0.2073,0.1179,18.8064,-0.1686,-0.9127,23.2806,13.1779,0.3496,0.1633,3981,6
E02003940,Cornwall 011,4,6399,23.602,0.1526,0.1004,18.8597,-0.3492,-1.0664,47.3367,56.5895,0.2692,0.1096,2462,4
E02003941,Cornwall 014,4,9148,22.4715,0.2588,0.1522,36.2916,-0.0323,-0.2607,20.908,10.9014,0.4255,0.1466,2646,4
E02003942,Cornwall 015,5,8096,32.8643,0.3577,0.2108,38.9783,0.5364,0.2847,24.0093,16.8182,0.5287,0.2461,1265,2
E02003943,Cornwall 054,5,6885,22.8297,0.2452,0.1533,27.6113,-0.0526,-0.4132,27.3501,23.0219,0.3905,0.1791,2581,4
E02003944,Cornwall 057,6,10355,21.4244,0.274,0.1436,25.9301,0.0704,-0.1812,20.7482,16.3595,0.418,0.224,2805,5
E02003945,Cornwall 058,3,5844,16.6397,0.149,0.1003,14.018,-0.4268,-1.1241,35.6506,29.6531,0.2585,0.1144,3785,6
E02003946,Cornwall 061,5,9712,22.7808,0.2181,0.1238,16.9318,-0.2919,-0.8976,38.1061,46.6901,0.3586,0.1555,2592,4
E02003947,Cornwall 065,4,6653,26.8326,0.2081,0.1307,20.5975,-0.1182,-0.7158,40.4188,62.535,0.3529,0.1566,1958,3
E02003948,Cornwall 067,5,8353,30.9184,0.3299,0.2081,32.3143,0.3754,-0.0062,18.8606,31.4408,0.5011,0.2564,1459,3
E02003949,Cornwall 068,4,6532,37.9268,0.36,0.2434,34.7087,0.6741,0.6351,15.6379,51.2535,0.5279,0.2898,868,2
E02003950,Cornwall 069,3,5458,25.6801,0.222,0.1369,17.9067,-0.1865,-0.8691,34.2472,64.4946,0.3414,0.18,2124,4
E02003951,Cornwall 070,4,5773,24.0485,0.2391,0.1597,20.7439,0.032,-0.5873,23.1922,45.6151,0.4255,0.1621,2383,4
E02003952,Cornwall 018,6,9954,18.8402,0.2327,0.124,18.2216,0.1821,-0.3672,23.6754,16.6009,0.3308,0.19,3315,5
E02003953,Cornwall 019,6,10902,24.7379,0.2483,0.133,24.2453,-0.1701,-0.8825,39.4161,39.5825,0.4134,0.1668,2264,4
E02003954,Cornwall 020,4,7588,19.9408,0.2214,0.1449,14.3026,-0.0194,0.0835,23.2349,18.6764,0.2503,0.245,3066,5
E02003955,Cornwall 021,6,10085,18.1891,0.233,0.1381,19.1234,-0.098,-0.2905,19.8235,12.849,0.3409,0.1947,3454,6
E02003956,Cornwall 024,4,7872,34.0628,0.2809,0.164,36.184,0.2388,-0.2111,44.2352,54.2069,0.4495,0.1799,1153,2
E02003957,Cornwall 027,6,11088,28.7952,0.2353,0.1478,26.8483,-0.0054,-0.4334,42.9046,49.1938,0.3792,0.151,1718,3
E02003958,Cornwall 030,5,8172,28.7532,0.2379,0.1402,22.7499,0.0238,-0.4465,47.9468,48.5406,0.3903,0.1597,1723,3
E02003959,Cornwall 031,4,6963,25.4221,0.2661,0.1617,30.945,0.0579,-0.3499,32.8911,16.5641,0.3967,0.1815,2165,4
E02003960,Cornwall 035,4,5695,17.6265,0.1626,0.1086,14.4176,-0.2442,-0.6802,36.4401,27.7497,0.3088,0.1096,3564,6
E02003961,Cornwall 036,6,9708,13.391,0.1733,0.1085,12.4458,-0.085,-0.7367,23.6157,7.2195,0.2949,0.1094,4628,7
E02003962,Cornwall 038,4,7404,22.9505,0.252,0.1704,15.5666,0.2575,0.0726,24.8857,20.2605,0.3654,0.1559,2559,4
E02003963,Cornwall 039,6,10105,29.7254,0.3228,0.2179,25.3778,0.5315,0.312,20.8694,19.1274,0.4445,0.2184,1587,3
E02003964,Cornwall 041,6,7895,18.0711,0.1517,0.0925,8.7392,-0.523,-1.1164,37.5384,49.7167,0.2616,0.1187,3477,6
E02003965,Allerdale 001,7,11009,22.7085,0.1929,0.1431,28.2567,0.3251,-0.3797,26.995,26.973,0.2805,0.147,2605,4
E02003966,Allerdale 002,4,6966,17.7873,0.0857,0.0659,13.3019,-0.5411,-1.0219,44.6677,51.2846,0.1634,0.0522,3533,6
E02003967,Allerdale 003,5,8131,26.9653,0.1977,0.1497,26.0124,0.2235,-0.3655,39.9932,42.828,0.2841,0.1394,1932,3
E02003968,Allerdale 004,5,8852,22.0192,0.1756,0.1464,22.1679,0.5257,-0.1794,21.6858,27.2973,0.2401,0.1523,2718,4
E02003969,Allerdale 005,4,6504,44.6377,0.397,0.2625,54.802,1.3066,0.4518,24.7204,24.6566,0.5734,0.2932,523,1
E02003970,Allerdale 006,5,8312,13.0978,0.1073,0.0823,8.998,-0.3259,-0.9573,29.2724,26.349,0.1597,0.0949,4707,7
E02003971,Allerdale 007,5,7946,10.9798,0.1088,0.0774,10.5007,-0.3722,-0.8225,20.2192,20.5856,0.1677,0.0824,5333,8
E02003972,Allerdale 008,6,8972,25.3085,0.2027,0.1505,28.0155,0.5533,-0.1667,22.0078,28.043,0.2887,0.1697,2177,4
E02003973,Allerdale 009,5,8700,48.6361,0.4038,0.2784,54.3618,1.4705,0.9748,21.9252,30.4511,0.5359,0.332,371,1
E02003974,Allerdale 010,5,7687,31.9706,0.2962,0.2025,37.6527,0.9178,0.3111,19.7391,12.6044,0.431,0.186,1356,2
E02003975,Allerdale 011,4,7292,13.1509,0.1175,0.0916,13.7288,0.1447,-0.589,27.2489,10.1693,0.18,0.0881,4695,7
E02003976,Allerdale 012,4,6185,12.3387,0.1107,0.0719,14.5467,-0.6072,-0.356,24.8307,28.89,0.2027,0.0908,4935,8
E02003977,Barrow-in-Furness 001,4,6180,16.9824,0.1115,0.0891,16.7539,0.1609,-0.6808,26.1686,43.4916,0.1718,0.0847,3704,6
E02003978,Barrow-in-Furness 002,4,5818,17.2359,0.1442,0.1129,20.6071,0.3086,-0.5618,16.5515,33.7188,0.2209,0.116,3652,6
E02003979,Barrow-in-Furness 003,6,7823,7.1843,0.0449,0.0623,5.8442,0.141,-0.9839,16.3691,15.3203,0.0616,0.0441,6293,10
E02003980,Barrow-in-Furness 004,5,6682,45.7238,0.4059,0.2775,47.3808,1.6383,0.5961,17.4254,29.0076,0.518,0.3507,480,1
E02003981,Barrow-in-Furness 005,5,6284,19.0283,0.1448,0.1011,13.9065,0.6561,-0.0204,9.6309,49.3115,0.2283,0.1176,3271,5
E02003982,Barrow-in-Furness 006,5,8025,14.8278,0.1494,0.1043,13.615,0.2692,-0.6659,21.195,11.4063,0.2395,0.0898,4248,7
E02003983,Barrow-in-Furness 007,5,7205,40.7637,0.362,0.2488,36.3078,1.4655,0.8365,11.4114,35.7506,0.5234,0.2931,699,2
E02003984,Barrow-in-Furness 008,5,6585,58.3746,0.4459,0.317,53.8428,1.9416,1.4226,10.3403,62.3625,0.6452,0.3054,115,1
E02003985,Barrow-in-Furness 009,4,6711,22.3437,0.1881,0.1447,21.0721,0.6999,-0.0633,22.9825,26.6822,0.2493,0.1782,2662,4
E02003986,Barrow-in-Furness 010,5,6041,30.6562,0.2337,0.1955,25.786,1.1108,-0.0157,17.9716,44.6425,0.3173,0.1471,1491,3
E02003987,Carlisle 001,4,6078,28.1009,0.1634,0.1211,32.1319,0.1567,-0.2287,39.7589,56.5972,0.2714,0.123,1801,3
E02003988,Carlisle 002,4,6573,21.9797,0.178,0.1245,17.1579,0.1891,-0.1905,32.3082,34.7629,0.2935,0.1285,2725,4
E02003989,Carlisle 003,5,7621,12.0267,0.1373,0.102,18.5054,-0.0057,-0.7353,14.2222,8.4922,0.2264,0.0887,5019,8
E02003990,Carlisle 004,6,11393,8.6616,0.1039,0.0762,11.668,-0.38,-0.8056,19.9235,6.6077,0.1644,0.0703,5935,9
E02003991,Carlisle 005,5,7516,8.7881,0.0708,0.0674,10.7702,-0.3153,-1.041,25.1314,12.5982,0.1046,0.0511,5897,9
E02003992,Carlisle 006,6,8020,29.2274,0.2206,0.1576,23.1934,0.8464,0.8222,7.2546,53.4574,0.3552,0.1939,1661,3
E02003993,Carlisle 007,5,8869,11.0494,0.0691,0.06,7.8199,-0.677,-1.0768,37.5427,24.5221,0.1035,0.0525,5310,8
E02003994,Carlisle 008,5,7293,29.6482,0.2841,0.1873,41.855,0.8389,0.3755,9.2411,26.5873,0.4831,0.2176,1597,3
E02003995,Carlisle 009,6,10313,34.9916,0.3156,0.2131,46.1066,1.1482,1.0636,12.1759,8.5195,0.4095,0.2568,1080,2
E02003996,Carlisle 010,6,9350,28.1934,0.2276,0.1465,32.9851,0.8431,0.7774,8.2742,43.919,0.3571,0.2158,1784,3
E02003997,Carlisle 011,6,9666,40.4886,0.395,0.2398,55.4009,1.2491,0.7715,16.8134,8.4806,0.5452,0.3103,714,2
E02003998,Carlisle 012,5,6535,33.9635,0.3372,0.2095,49.0755,0.8548,0.7521,15.1609,13.9161,0.5632,0.1883,1164,2
E02003999,Carlisle 013,8,12123,11.2123,0.0996,0.0735,13.5753,-0.1055,-0.2698,23.9767,10.7908,0.1785,0.067,5262,8
E02004000,Copeland 001,3,5200,27.7298,0.23,0.1626,34.816,0.7539,-0.1629,27.5011,29.8544,0.3493,0.1552,1840,3
E02004001,Copeland 002,4,5280,31.4295,0.2534,0.2027,26.748,1.3439,0.6275,12.0998,29.1904,0.2986,0.2162,1416,3
E02004002,Copeland 003,7,9470,13.7196,0.1153,0.101,15.8282,0.3827,-0.7872,19.1356,9.8452,0.183,0.1048,4537,7
E02004003,Copeland 004,8,11590,28.4365,0.2242,0.1762,26.3673,0.8617,0.2165,28.1742,25.9336,0.3369,0.1666,1753,3
E02004004,Copeland 005,7,9949,37.0646,0.3301,0.2296,43.5687,1.2597,0.2347,25.2003,10.0492,0.4365,0.2505,931,2
E02004005,Copeland 006,5,7749,26.3694,0.2259,0.1728,28.7441,0.853,-0.0097,22.37,23.1142,0.337,0.1555,2014,3
E02004006,Copeland 007,6,8592,15.1041,0.0879,0.0812,11.0983,0.0047,-1.2558,37.5652,30.4886,0.1695,0.0532,4184,7
E02004007,Copeland 008,7,9595,25.6069,0.1807,0.1376,27.6082,0.6206,-0.6513,29.5179,44.7594,0.3028,0.1402,2134,4
E02004008,Eden 001,4,6538,18.292,0.1079,0.0793,12.2507,-1.017,-0.9241,43.939,51.6424,0.1896,0.0796,3433,6
E02004009,Eden 002,4,6264,15.6963,0.0787,0.0559,8.9446,-1.1316,-1.2761,44.602,52.7328,0.1264,0.0752,4032,6
E02004010,Eden 003,5,7737,21.451,0.2263,0.133,33.157,0.0697,0.2572,12.2386,26.673,0.3346,0.1912,2798,5
E02004011,Eden 004,7,11271,9.3594,0.1181,0.068,15.4011,-0.9316,-0.7275,19.8423,16.5197,0.2391,0.07,5751,9
E02004012,Eden 005,4,5541,17.2079,0.0834,0.055,8.2192,-1.2532,-0.9054,45.9898,57.6462,0.1374,0.0761,3654,6
E02004013,Eden 006,7,10367,18.439,0.1084,0.0727,18.5153,-0.9072,-0.7922,45.0084,43.6998,0.2014,0.0756,3399,5
E02004014,Eden 007,5,7755,21.1109,0.1282,0.0903,14.4089,-0.9515,-0.5807,45.4066,58.6485,0.2444,0.0923,2857,5
E02004015,South Lakeland 001,4,6152,13.297,0.0991,0.0595,12.2174,-0.9192,-0.3809,31.0496,42.5388,0.1889,0.0984,4653,7
E02004016,South Lakeland 002,4,7879,12.318,0.1156,0.0712,14.9265,-1.0823,-0.3451,23.336,35.3776,0.1981,0.0959,4943,8
E02004017,South Lakeland 003,4,8875,13.0715,0.1472,0.0948,13.3661,-0.4308,-0.3746,17.9651,26.5751,0.2457,0.0956,4717,7
E02004018,South Lakeland 004,4,8400,20.2455,0.2272,0.134,20.9762,0.1542,0.4234,16.3237,22.2874,0.3088,0.1772,3005,5
E02004019,South Lakeland 005,4,7742,9.1587,0.0703,0.0543,7.5131,-0.9995,-0.96,26.645,27.0206,0.1171,0.0519,5801,9
E02004020,South Lakeland 006,5,9106,7.1878,0.0971,0.0709,8.2697,-0.6248,-0.9254,17.1274,10.7138,0.1397,0.078,6291,10
E02004021,South Lakeland 007,3,5246,17.5518,0.0791,0.0616,6.1859,-1.1558,-0.7627,45.3411,62.5401,0.1609,0.0647,3583,6
E02004022,South Lakeland 008,4,5542,16.1187,0.0724,0.0519,7.2022,-1.0175,-1.172,43.7397,59.5748,0.1636,0.0503,3917,6
E02004023,South Lakeland 009,4,6353,11.418,0.0823,0.0619,9.1827,-1.1836,-1.1512,30.5014,39.5188,0.1363,0.0809,5201,8
E02004024,South Lakeland 010,4,7545,8.7156,0.0569,0.0456,4.8233,-1.3243,-1.2303,33.352,31.4255,0.105,0.0427,5917,9
E02004025,South Lakeland 011,4,8006,10.5223,0.0974,0.0737,9.372,-0.8375,-0.9529,30.5096,23.284,0.1699,0.0702,5452,8
E02004026,South Lakeland 012,4,8165,16.5324,0.1715,0.124,14.9678,-0.0968,-0.0024,15.4031,28.4207,0.2567,0.136,3808,6
E02004027,South Lakeland 013,5,7902,10.593,0.0884,0.0791,8.3873,-0.5389,-1.1101,26.5329,27.2298,0.1489,0.0658,5432,8
E02004028,South Lakeland 014,5,7908,9.8705,0.0739,0.0639,7.2341,-0.6152,-1.0621,28.9827,23.501,0.1133,0.0526,5612,9
E02004029,Amber Valley 001,4,7538,27.2235,0.2792,0.1907,33.6347,0.7238,0.4475,6.7299,19.1721,0.3944,0.1999,1895,3
E02004030,Amber Valley 002,4,6216,13.2695,0.129,0.0976,7.7017,-0.4293,-0.7288,27.9732,28.5479,0.2105,0.0913,4661,7
E02004031,Amber Valley 003,5,7508,45.6119,0.437,0.2775,62.9324,1.1818,0.592,13.4481,23.0448,0.6182,0.3545,485,1
E02004032,Amber Valley 004,6,8465,13.1813,0.1408,0.105,19.0137,-0.0822,-0.5402,13.0405,17.4608,0.245,0.0951,4683,7
E02004033,Amber Valley 005,6,8895,21.8047,0.1993,0.1406,25.8669,0.444,0.2396,14.7177,30.3769,0.3423,0.1203,2753,5
E02004034,Amber Valley 006,5,6840,13.8223,0.1405,0.1055,14.4309,0.0706,-0.4915,14.8866,23.7969,0.2499,0.107,4510,7
E02004035,Amber Valley 007,4,6445,11.3293,0.1012,0.0696,10.8677,-0.6697,-1.1232,27.8494,29.5881,0.1796,0.0743,5222,8
E02004036,Amber Valley 008,6,10457,23.9758,0.2514,0.1703,28.1985,0.5127,0.2453,12.9884,13.2778,0.3804,0.1761,2400,4
E02004037,Amber Valley 009,5,7850,7.2209,0.097,0.074,8.3951,-0.3387,-1.0404,13.7347,11.7628,0.1498,0.0768,6277,10
E02004038,Amber Valley 010,4,7496,15.9521,0.162,0.1117,17.3906,0.0252,-0.3335,10.6245,34.9537,0.2474,0.1326,3956,6
E02004039,Amber Valley 011,5,7677,10.5273,0.1219,0.0844,12.5011,-0.3506,-0.6146,18.1661,18.9325,0.1997,0.0955,5449,8
E02004040,Amber Valley 012,5,9652,15.7306,0.178,0.1205,18.2772,-0.1121,0.0032,12.0332,19.653,0.3005,0.1166,4022,6
E02004041,Amber Valley 013,5,7336,19.4905,0.1945,0.1342,22.7998,0.3366,0.3719,9.4231,22.9136,0.3458,0.1173,3157,5
E02004043,Amber Valley 015,5,7278,14.726,0.1604,0.1137,16.7144,-0.0793,-0.3956,20.0915,17.1505,0.2431,0.13,4281,7
E02004044,Amber Valley 016,5,9336,5.9861,0.0847,0.0555,2.3834,-1.0572,-0.7365,21.2162,15.9165,0.1221,0.061,6488,10
E02004045,Bolsover 001,6,9831,15.2594,0.1518,0.1136,13.5413,0.3294,-0.2556,19.4065,16.4728,0.2386,0.1219,4150,7
E02004046,Bolsover 002,4,6324,24.3078,0.2494,0.165,26.7296,0.649,0.0754,23.8263,14.3678,0.3825,0.2075,2333,4
E02004047,Bolsover 003,4,6490,37.236,0.3448,0.2275,40.9689,1.1383,0.7521,22.819,23.1356,0.4969,0.2311,920,2
E02004048,Bolsover 004,4,7242,35.8854,0.3239,0.2171,42.8299,0.9388,0.7536,23.1037,22.1409,0.4897,0.242,1014,2
E02004049,Bolsover 005,6,8052,19.3657,0.1903,0.1415,18.0581,0.8503,-0.3002,19.1027,8.3743,0.2842,0.1646,3183,5
E02004050,Bolsover 006,5,7873,32.6344,0.3242,0.2031,45.7563,1.1668,0.1541,14.6249,6.5404,0.4502,0.2732,1292,2
E02004051,Bolsover 007,5,9771,34.9156,0.312,0.1975,50.5736,1.1016,0.3717,18.9833,22.1227,0.534,0.228,1086,2
E02004052,Bolsover 008,5,8802,19.3983,0.188,0.1283,19.5207,0.4228,0.0063,24.0253,18.9039,0.2941,0.1618,3179,5
E02004053,Bolsover 009,5,7812,25.4921,0.2568,0.1706,34.0238,0.7455,0.2782,13.6759,17.2584,0.3951,0.2098,2152,4
E02004054,Bolsover 010,6,9344,18.056,0.1761,0.1252,25.9215,0.3833,-0.3979,15.0689,19.2299,0.2922,0.1539,3481,6
E02004055,Chesterfield 001,5,7031,28.3192,0.2901,0.1954,26.6315,1.0485,0.0358,15.4232,19.0451,0.4708,0.2122,1768,3
E02004056,Chesterfield 002,5,8086,38.8397,0.3774,0.2248,47.5227,1.4117,0.4946,17.7214,14.5349,0.5309,0.3046,811,2
E02004057,Chesterfield 003,5,7753,28.7548,0.2727,0.1802,28.9025,1.027,0.3433,18.0605,20.3424,0.3968,0.2095,1722,3
E02004058,Chesterfield 004,5,8209,33.368,0.3463,0.2256,33.9827,1.2797,0.5521,11.2674,11.1432,0.5248,0.282,1210,2
E02004059,Chesterfield 005,5,7248,17.7519,0.1831,0.1333,16.7893,0.717,-0.1731,12.6293,10.6517,0.2754,0.1665,3541,6
E02004060,Chesterfield 006,5,7606,27.2868,0.276,0.1833,30.0647,1.1413,-0.1375,17.7409,7.8526,0.4285,0.2122,1888,3
E02004061,Chesterfield 007,5,7423,24.7267,0.2418,0.1727,19.5716,0.9073,0.4378,7.954,20.8661,0.3432,0.2033,2268,4
E02004062,Chesterfield 008,6,7650,24.6308,0.2342,0.1875,16.7622,0.8974,0.1811,15.8653,4.0548,0.3065,0.1937,2284,4
E02004063,Chesterfield 009,5,7640,12.8036,0.1371,0.1081,7.6994,0.2914,-0.5878,8.0038,22.4524,0.1885,0.1197,4796,7
E02004064,Chesterfield 010,6,9623,30.6997,0.3084,0.1795,24.3102,1.0803,0.6275,9.8294,39.5037,0.4504,0.2597,1479,3
E02004065,Chesterfield 011,6,8145,4.5515,0.0484,0.0587,3.2279,-0.1943,-1.3726,13.5883,6.0605,0.0754,0.0304,6692,10
E02004066,Chesterfield 012,7,11405,16.6731,0.1682,0.1229,10.3296,0.6199,-0.1477,14.0039,20.4402,0.2589,0.1342,3777,6
E02004067,Chesterfield 013,4,6285,48.4116,0.4527,0.3138,47.3319,1.6988,1.0258,12.6356,11.4786,0.5899,0.3959,380,1
E02004068,Derbyshire Dales 001,4,7245,11.959,0.0952,0.0698,9.7414,-0.857,-0.8676,26.8972,41.75,0.1577,0.0745,5035,8
E02004069,Derbyshire Dales 002,4,6271,10.2848,0.0735,0.0551,3.8019,-0.8863,-1.0006,28.0409,44.3825,0.1314,0.0591,5513,9
E02004072,Derbyshire Dales 005,6,9513,9.866,0.1143,0.0913,6.8172,-0.1872,-0.6062,16.4713,16.3116,0.2109,0.0553,5614,9
E02004073,Derbyshire Dales 006,6,8675,21.8534,0.1993,0.1529,17.4722,0.1026,-0.2464,19.3152,34.6397,0.2706,0.1641,2747,5
E02004074,Derbyshire Dales 007,4,5717,15.1443,0.169,0.1139,15.9324,-0.1315,-0.6205,19.2397,24.8008,0.2851,0.1069,4173,7
E02004075,Derbyshire Dales 008,4,7241,13.6621,0.076,0.0594,6.6813,-0.7326,-0.7829,36.109,46.3986,0.1396,0.0507,4551,7
E02004076,Derbyshire Dales 009,4,7712,13.129,0.1819,0.1074,15.8699,-0.3524,-0.5383,17.7832,9.0198,0.2789,0.1266,4703,7
E02004077,Derbyshire Dales 010,4,8317,11.9589,0.074,0.0525,7.461,-1.2538,-1.0404,36.1477,43.1495,0.1319,0.0556,5036,8
E02004078,Erewash 001,5,7042,52.2091,0.4788,0.2987,70.0912,1.3106,1.2195,15.9849,18.1457,0.6561,0.344,258,1
E02004080,Erewash 003,6,9847,32.1282,0.2881,0.187,32.6087,0.6976,0.9091,8.6412,44.7738,0.4803,0.1891,1343,2
E02004081,Erewash 004,3,5736,13.6588,0.131,0.0994,10.6931,-0.3086,-0.5976,29.2358,20.8532,0.1706,0.1107,4554,7
E02004082,Erewash 005,4,6149,8.0928,0.0757,0.068,8.4607,-0.3955,-0.8207,21.8481,13.123,0.1191,0.0579,6076,9
E02004083,Erewash 006,5,8387,18.2988,0.2,0.1332,25.7625,0.1161,-0.1005,10.9279,20.2586,0.3307,0.1126,3432,6
E02004084,Erewash 007,4,6031,30.2766,0.3094,0.1998,44.6818,0.881,0.322,15.2484,5.8257,0.4362,0.2475,1522,3
E02004085,Erewash 008,6,8840,18.4449,0.188,0.1227,23.2105,0.232,-0.0708,14.4833,22.6366,0.2885,0.1563,3396,5
E02004086,Erewash 009,5,7196,12.7371,0.1531,0.1047,14.2874,-0.0417,-0.6182,15.3727,13.3524,0.227,0.124,4811,8
E02004087,Erewash 010,5,7782,22.9142,0.2431,0.1473,24.5036,0.3899,0.0095,7.2199,28.8593,0.3306,0.2073,2570,4
E02004088,Erewash 011,5,7581,5.7885,0.0639,0.0586,6.2521,-0.4843,-0.8778,8.1554,20.8731,0.0848,0.0601,6521,10
E02004089,Erewash 012,4,7008,33.3696,0.3126,0.1929,37.1814,0.8402,0.6716,5.8897,46.9014,0.4845,0.2809,1209,2
E02004090,Erewash 013,4,5888,14.6463,0.149,0.1052,15.1086,0.0675,-0.1686,18.5043,21.7245,0.2646,0.1156,4300,7
E02004091,Erewash 014,6,9263,12.5891,0.132,0.0981,16.6064,-0.0604,-0.5839,6.6743,26.3271,0.2179,0.093,4855,8
E02004092,Erewash 015,6,9342,19.6709,0.2109,0.1409,26.6192,0.2694,-0.0942,8.8502,18.9516,0.3174,0.1723,3115,5
E02004093,High Peak 001,4,6430,17.832,0.1776,0.1176,21.5735,0.0961,0.0995,20.2561,23.7938,0.2641,0.1364,3526,6
E02004094,High Peak 002,5,6996,31.7007,0.3254,0.1928,37.51,0.7782,0.1878,21.5079,11.0724,0.4308,0.3145,1387,3
E02004095,High Peak 003,6,10112,19.5232,0.2071,0.1369,17.1677,0.1458,0.0682,16.0849,25.8113,0.3195,0.1782,3147,5
E02004096,High Peak 004,6,9932,6.6669,0.0658,0.0603,4.2213,-0.6438,-0.6486,19.5729,15.3871,0.1034,0.0503,6379,10
E02004097,High Peak 005,5,7319,11.5131,0.0938,0.0683,5.415,-0.3411,-0.6217,22.51,42.622,0.1518,0.0713,5177,8
E02004098,High Peak 006,5,7314,21.1527,0.2072,0.1325,21.1653,0.203,-0.1727,25.295,29.8921,0.3303,0.1731,2848,5
E02004100,High Peak 008,5,8198,11.2428,0.1027,0.0733,6.4902,-0.3384,-0.525,27.3658,26.8282,0.1594,0.0758,5250,8
E02004102,High Peak 010,5,7454,25.2673,0.2086,0.1629,13.4993,0.7034,0.6177,17.9837,37.5179,0.286,0.1702,2184,4
E02004103,High Peak 011,5,6928,30.6875,0.3054,0.1841,31.7366,0.7084,0.4395,23.8991,22.0108,0.4413,0.2257,1482,3
E02004104,High Peak 012,4,7506,11.235,0.1142,0.0768,10.4014,-0.3217,-0.4157,26.8508,13.1059,0.2091,0.0658,5252,8
E02004105,North East Derbyshire 001,7,9315,18.8373,0.1952,0.1248,30.685,0.2696,-0.4088,20.765,10.4494,0.301,0.156,3316,5
E02004106,North East Derbyshire 002,4,6785,8.818,0.0952,0.0761,10.5106,-0.3064,-0.8257,14.6838,17.2091,0.1542,0.079,5890,9
E02004108,North East Derbyshire 004,5,7512,18.0197,0.2074,0.1351,15.3747,0.4465,-0.1367,10.8846,19.3,0.2719,0.1952,3491,6
E02004109,North East Derbyshire 005,4,6852,7.0537,0.0737,0.0614,5.7437,-0.5791,-0.9887,19.1454,17.7316,0.0975,0.0702,6312,10
E02004110,North East Derbyshire 006,5,7380,3.6107,0.0627,0.0553,4.0737,-0.7251,-1.4839,11.0352,8.2875,0.0806,0.0609,6777,10
E02004111,North East Derbyshire 007,4,5707,20.9207,0.2094,0.1537,20.4587,0.594,-0.0928,20.2253,15.4697,0.3602,0.1442,2885,5
E02004112,North East Derbyshire 008,4,6279,7.9829,0.0718,0.0746,4.4627,-0.3854,-0.9236,24.0916,12.7731,0.0954,0.0593,6115,9
E02004113,North East Derbyshire 009,6,10674,37.3611,0.3541,0.2362,48.0191,1.1781,0.608,19.2531,10.3994,0.4918,0.2818,907,2
E02004114,North East Derbyshire 010,5,8908,10.1862,0.1051,0.077,7.7426,-0.4075,-0.6264,24.4597,15.5424,0.1941,0.0693,5539,9
E02004115,North East Derbyshire 011,6,8969,17.8874,0.1765,0.1348,19.2212,0.4145,-0.3282,20.4312,11.5377,0.255,0.1546,3515,6
E02004116,North East Derbyshire 012,5,8832,32.7321,0.3245,0.2101,44.103,0.9756,0.3638,19.6203,11.722,0.4576,0.2875,1278,2
E02004117,North East Derbyshire 013,5,8295,22.6465,0.24,0.1587,21.2657,0.3363,-0.2523,27.1821,15.4047,0.3753,0.1907,2618,4
E02004118,South Derbyshire 001,4,8322,11.9246,0.12,0.0773,12.219,-0.3669,-0.9709,26.8214,18.9625,0.2163,0.0858,5049,8
E02004119,South Derbyshire 002,7,12353,7.158,0.1034,0.0651,4.7212,-0.3921,-0.6255,20.8995,6.6155,0.1657,0.0796,6302,10
E02004120,South Derbyshire 003,6,11446,10.5163,0.1335,0.0838,12.2489,-0.2906,-0.2253,19.304,6.9925,0.2128,0.0908,5453,8
E02004121,South Derbyshire 004,5,10026,10.237,0.13,0.0731,8.0188,-0.5222,-0.2059,22.8411,13.2713,0.2162,0.0777,5523,9
E02004122,South Derbyshire 005,4,7122,6.9083,0.0688,0.0507,5.0026,-0.8823,-0.9297,26.4262,17.8813,0.1091,0.0659,6348,10
E02004123,South Derbyshire 006,4,6946,8.9313,0.1049,0.0696,5.329,-0.6978,-0.7408,21.649,25.4437,0.1531,0.0993,5857,9
E02004124,South Derbyshire 007,5,7704,20.2939,0.2485,0.1522,30.2678,0.2667,-0.1961,10.602,8.0752,0.4176,0.1391,2999,5
E02004125,South Derbyshire 008,6,8912,23.7718,0.2442,0.1586,32.6205,0.6068,0.2481,11.361,13.0869,0.4045,0.1526,2437,4
E02004126,South Derbyshire 009,4,7561,21.3074,0.2144,0.1471,28.49,0.4804,0.1008,7.3488,14.8698,0.3019,0.1712,2823,5
E02004128,South Derbyshire 011,6,11767,16.64,0.1711,0.1052,15.274,0.0278,-0.1634,27.1396,21.1063,0.2752,0.1224,3784,6
E02004129,East Devon 001,3,6181,18.8758,0.1056,0.0699,10.0448,-0.8668,-1.3635,48.4283,54.6729,0.185,0.07,3305,5
E02004130,East Devon 002,4,6268,19.1089,0.2186,0.1521,22.7292,0.1717,-0.2627,16.2327,14.0499,0.3281,0.1749,3251,5
E02004131,East Devon 003,4,5566,10.8489,0.1488,0.0883,18.1024,-0.4811,-1.0872,21.9654,3.7234,0.2752,0.0817,5359,8
E02004132,East Devon 004,5,9097,13.9845,0.1007,0.0691,5.8893,-0.7286,-1.2453,42.9126,33.726,0.194,0.0624,4465,7
E02004133,East Devon 005,6,9911,18.6524,0.1973,0.1275,19.1522,-0.1858,-0.5104,29.7759,18.9564,0.3785,0.1242,3363,5
E02004135,East Devon 007,5,8444,13.426,0.1103,0.0793,9.3651,-0.93,-1.3499,34.6752,35.3677,0.1976,0.0744,4617,7
E02004136,East Devon 008,5,9576,11.0743,0.1184,0.0862,7.0678,-0.7049,-1.0933,32.5866,9.7022,0.1914,0.0807,5305,8
E02004137,East Devon 009,3,5426,13.986,0.1023,0.0672,8.3778,-0.8231,-1.0955,37.983,41.179,0.2008,0.0651,4464,7
E02004138,East Devon 010,5,7644,11.5214,0.1359,0.1068,13.1202,-0.2802,-1.0714,20.2013,10.7055,0.2476,0.1043,5172,8
E02004139,East Devon 011,4,7039,14.9869,0.1886,0.1248,16.4122,-0.3039,-0.6916,24.5653,8.4571,0.3777,0.0925,4213,7
E02004140,East Devon 012,3,5318,7.8777,0.0876,0.0758,6.0801,-0.6737,-1.1755,20.1484,20.1982,0.175,0.0695,6135,9
E02004141,East Devon 013,3,6299,13.6553,0.1267,0.0828,10.087,-0.5121,-1.2619,38.6864,19.4982,0.2222,0.0851,4556,7
E02004142,East Devon 014,3,7077,8.9744,0.0655,0.0528,8.4733,-1.3077,-1.6646,31.0914,22.5977,0.1022,0.0592,5850,9
E02004143,East Devon 015,4,6320,12.0656,0.1296,0.0944,17.6457,-0.3634,-1.4,27.8162,2.647,0.197,0.1001,5012,8
E02004144,East Devon 016,4,6829,10.6679,0.1337,0.0917,13.5872,-0.4258,-0.9052,22.1822,7.3892,0.2325,0.0765,5415,8
E02004145,East Devon 017,4,6106,10.8088,0.1112,0.0904,11.4684,-0.424,-1.1952,26.3881,12.423,0.2182,0.0803,5377,8
E02004146,East Devon 018,5,7588,18.8452,0.2118,0.1277,26.5001,0.012,-0.3997,27.1352,9.3156,0.3119,0.1737,3313,5
E02004147,East Devon 019,4,7083,23.6135,0.2237,0.1461,29.6055,0.1581,0.2602,13.3837,40.547,0.3251,0.1872,2461,4
E02004148,East Devon 020,4,7992,17.9978,0.2022,0.1357,24.8275,0.0145,-0.33,20.729,7.6053,0.3003,0.1544,3495,6
E02004149,Exeter 001,5,12066,4.4923,0.0358,0.0291,5.8711,-0.7431,-1.7991,18.4271,15.3131,0.1329,0.0516,6700,10
E02004150,Exeter 002,5,7140,21.4033,0.2223,0.132,30.4783,0.4347,-0.1085,17.2292,16.2423,0.3535,0.2418,2809,5
E02004151,Exeter 003,5,10632,16.9641,0.2182,0.1204,22.4609,0.2222,-0.1057,13.5279,7.6751,0.3448,0.1163,3709,6
E02004152,Exeter 004,5,9783,14.4615,0.0799,0.0577,11.1941,0.5019,-0.0183,13.6529,38.9874,0.1918,0.2113,4350,7
E02004153,Exeter 005,5,7353,21.1212,0.2539,0.1356,26.5299,0.2883,-0.2682,24.7184,8.9188,0.419,0.1562,2853,5
E02004154,Exeter 006,5,8633,12.433,0.1306,0.071,14.4815,0.0688,-0.4025,11.5077,32.7125,0.2164,0.1886,4902,8
E02004155,Exeter 007,5,7512,20.4933,0.239,0.1483,24.7526,0.3552,0.1046,12.4347,13.1204,0.3326,0.1971,2959,5
E02004156,Exeter 008,6,12860,24.8705,0.1848,0.1188,22.5301,0.971,0.922,19.3991,30.2393,0.3838,0.3396,2239,4
E02004157,Exeter 009,4,6366,9.2632,0.0967,0.0803,2.8048,-0.1196,-0.5867,12.2777,25.1509,0.1066,0.1297,5772,9
E02004158,Exeter 010,5,8090,19.2217,0.1892,0.1196,20.0474,0.4512,0.1765,11.3915,31.8554,0.2743,0.1677,3219,5
E02004159,Exeter 011,7,13073,8.363,0.1224,0.079,11.5118,-0.266,-0.944,15.5027,5.8413,0.1819,0.0807,6016,9
E02004160,Exeter 012,5,7249,13.8194,0.1593,0.1112,18.7558,0.159,-0.6196,13.9936,11.879,0.2468,0.1208,4512,7
E02004161,Exeter 013,5,8398,27.2195,0.285,0.173,42.9218,0.7826,-0.01,13.8695,9.29,0.4336,0.2287,1896,3
E02004162,Exeter 014,5,7095,12.9878,0.1511,0.0991,14.2206,0.2875,-0.6488,13.125,13.1411,0.2627,0.122,4743,7
E02004163,Exeter 015,6,8561,16.3209,0.1847,0.1154,18.689,0.2445,-0.4493,20.4333,12.9584,0.2709,0.1319,3867,6
E02004164,Mid Devon 001,4,6808,21.0625,0.1256,0.0775,14.0437,-0.5344,-1.1165,45.8217,59.9067,0.1959,0.0986,2866,5
E02004165,Mid Devon 002,5,9047,10.4314,0.1228,0.071,14.5626,-0.2248,-1.134,25.7961,8.0508,0.2226,0.0774,5474,8
E02004166,Mid Devon 003,3,6921,16.0218,0.1427,0.082,9.4254,-0.6817,-1.1086,38.7189,37.3002,0.2355,0.1124,3934,6
E02004167,Mid Devon 004,4,7163,29.6902,0.324,0.1886,41.7869,0.6121,0.3345,20.8372,14.2093,0.4356,0.2781,1589,3
E02004168,Mid Devon 005,4,6296,30.0798,0.2861,0.1892,40.631,0.701,0.2052,21.568,26.2045,0.4189,0.2156,1544,3
E02004169,Mid Devon 006,4,7760,14.5881,0.1328,0.0909,15.2754,-0.4014,-0.987,35.5489,20.6664,0.2059,0.1042,4322,7
E02004170,Mid Devon 007,4,8932,15.8435,0.1745,0.1064,29.4323,-0.055,-0.4281,20.8333,7.6649,0.2671,0.1643,3988,6
E02004171,Mid Devon 008,4,8542,15.3974,0.1354,0.0803,9.0374,-0.5264,-0.9757,42.0348,27.6219,0.2104,0.0914,4107,6
E02004172,Mid Devon 009,4,6478,23.2399,0.146,0.101,15.4081,-0.4061,-1.0126,56.0453,48.0814,0.2457,0.1035,2505,4
E02004173,Mid Devon 010,4,7645,19.4848,0.1246,0.0823,11.0836,-0.481,-1.3846,50.3755,44.6164,0.1847,0.0996,3160,5
E02004174,Mid Devon 011,4,8220,18.8158,0.2152,0.1262,22.6317,0.0164,-0.2532,27.6514,10.3837,0.3304,0.1327,3323,5
E02004175,North Devon 001,4,5135,35.1042,0.3182,0.2034,37.4447,0.8355,0.3256,23.3642,36.7491,0.4783,0.2495,1076,2
E02004176,North Devon 002,4,5594,23.7228,0.1653,0.1084,21.0219,-0.3063,-0.8131,44.7755,53.9925,0.2823,0.1219,2444,4
E02004177,North Devon 003,4,5935,26.8669,0.2608,0.1654,35.3868,0.3812,-0.2941,23.8867,31.0611,0.4176,0.1704,1947,3
E02004178,North Devon 004,3,5369,11.9472,0.0944,0.0598,7.2318,-1.0156,-1.1573,38.6054,28.8195,0.1731,0.0641,5041,8
E02004179,North Devon 005,5,9422,11.9985,0.1406,0.0827,11.4335,-0.2855,-1.1215,28.9023,13.8194,0.229,0.1233,5028,8
E02004180,North Devon 006,3,6767,18.2609,0.1183,0.0795,10.6919,-0.7642,-1.364,49.8608,42.6299,0.1857,0.0721,3438,6
E02004181,North Devon 007,4,5690,21.7328,0.2168,0.1449,28.9536,0.1853,-0.4083,24.8268,20.523,0.2945,0.1893,2760,5
E02004182,North Devon 008,4,6399,37.3999,0.352,0.2263,44.348,0.7845,0.3802,27.5919,25.9575,0.4718,0.3073,904,2
E02004183,North Devon 009,4,5905,19.8507,0.1958,0.1418,21.3295,0.2385,-0.2701,22.3356,17.4608,0.3065,0.1341,3085,5
E02004184,North Devon 010,6,8657,27.2159,0.2808,0.1762,32.7828,0.456,-0.0139,25.5442,12.4565,0.3934,0.2329,1899,3
E02004185,North Devon 011,4,6799,17.2067,0.1442,0.1027,22.1018,-0.2041,-1.0787,39.9709,11.3375,0.2974,0.0621,3656,6
E02004186,North Devon 012,6,10608,16.4465,0.1749,0.1011,17.1825,-0.3065,-0.6213,35.4036,13.3055,0.3032,0.1016,3835,6
E02004187,North Devon 013,5,11013,22.3798,0.1952,0.1129,27.0208,-0.309,-0.9577,39.9534,33.4337,0.3248,0.1203,2656,4
E02004188,North Devon 014,3,7162,25.5869,0.1666,0.1088,19.2058,-0.2746,-1.1184,50.8084,57.3269,0.265,0.1217,2142,4
E02004189,South Hams 001,4,6400,11.3886,0.1159,0.081,11.1734,-0.6675,-1.4463,29.0967,21.5074,0.1943,0.0887,5208,8
E02004190,South Hams 002,5,8956,19.2583,0.1642,0.1035,12.6309,-0.6331,-1.0272,40.6474,38.9675,0.2648,0.1238,3209,5
E02004191,South Hams 003,5,9110,18.2243,0.2405,0.1656,12.1078,-0.0839,-0.4275,16.3769,17.1475,0.346,0.1954,3450,6
E02004192,South Hams 004,4,7691,15.2815,0.1136,0.0884,6.7529,-0.8991,-1.2164,39.9284,36.9322,0.2111,0.0695,4142,7
E02004193,South Hams 005,7,11874,9.389,0.128,0.0883,8.6184,-0.6355,-1.2039,23.9788,5.347,0.1777,0.0969,5744,9
E02004194,South Hams 006,3,7512,17.0527,0.1347,0.0844,8.5878,-1.1263,-1.1184,42.8331,42.3215,0.1946,0.0916,3690,6
E02004195,South Hams 007,4,5239,18.8765,0.202,0.1251,20.9861,-0.3088,-0.5235,26.3703,27.1383,0.359,0.1924,3304,5
E02004196,South Hams 008,4,8126,15.7259,0.1298,0.091,5.8161,-0.7365,-1.4545,40.2104,36.2881,0.1931,0.1046,4025,6
E02004197,South Hams 009,4,7606,11.1171,0.1341,0.0856,5.4073,-0.9637,-1.3744,33.5362,11.7777,0.2367,0.0838,5289,8
E02004198,South Hams 010,3,6389,14.8249,0.19,0.1202,17.9592,-0.5669,-0.4671,20.6897,17.8013,0.2852,0.1659,4250,7
E02004199,South Hams 011,3,5771,18.2263,0.1208,0.08,11.8979,-0.9811,-1.2207,45.4447,49.4157,0.2418,0.078,3449,6
E02004200,South Hams 012,3,5134,15.1624,0.1259,0.0802,13.1288,-0.9573,-0.9783,38.1336,37.2403,0.2197,0.1118,4170,7
E02004201,Teignbridge 001,4,5561,19.3428,0.1069,0.0739,7.3155,-0.5403,-1.4052,49.7931,56.6937,0.1732,0.0959,3192,5
E02004202,Teignbridge 002,5,8842,14.1226,0.1526,0.0819,9.6095,-0.129,-0.9354,33.6344,19.5258,0.2614,0.1237,4435,7
E02004203,Teignbridge 003,4,5822,18.5764,0.1286,0.0804,8.6587,-0.6057,-1.1116,45.6399,50.2983,0.262,0.0901,3374,5
E02004204,Teignbridge 004,6,9992,14.0947,0.1602,0.093,11.6383,-0.2218,-0.9684,30.5986,18.3166,0.2675,0.1219,4443,7
E02004205,Teignbridge 005,5,8678,18.7857,0.1907,0.1367,23.8672,0.1588,-0.2309,24.3788,12.0383,0.3617,0.1096,3333,5
E02004206,Teignbridge 006,4,6660,20.9883,0.205,0.1498,24.8888,0.2271,-0.616,23.5487,21.3831,0.3267,0.1799,2878,5
E02004207,Teignbridge 007,4,6776,17.546,0.1736,0.1063,17.4179,-0.2414,-1.122,34.5442,21.2653,0.3071,0.1279,3586,6
E02004208,Teignbridge 008,5,8474,9.3569,0.1131,0.0928,10.9632,-0.4465,-1.0224,21.7037,6.412,0.2133,0.0662,5752,9
E02004209,Teignbridge 009,6,9319,14.9457,0.1834,0.1252,19.5248,0.0503,-0.701,15.4441,10.4005,0.2873,0.1539,4223,7
E02004210,Teignbridge 010,4,6520,29.7934,0.324,0.2054,28.1483,0.6561,0.0215,15.6786,34.883,0.4518,0.2682,1578,3
E02004211,Teignbridge 011,5,6541,9.8679,0.0924,0.0729,7.8755,-0.5411,-1.2344,29.9769,19.4536,0.1555,0.0625,5613,9
E02004212,Teignbridge 012,4,6409,14.709,0.1843,0.1152,23.268,-0.0879,-0.5575,15.2791,10.3425,0.3143,0.1026,4286,7
E02004213,Teignbridge 013,5,9203,12.1243,0.137,0.0813,14.0064,-0.1786,-0.8531,26.9395,10.1693,0.2334,0.0952,4998,8
E02004214,Teignbridge 014,4,6075,31.5001,0.324,0.1964,35.4636,0.731,0.3458,11.7549,37.7844,0.446,0.3407,1407,3
E02004215,Teignbridge 015,4,5853,21.4147,0.2191,0.1439,25.4498,0.3026,0.223,13.4389,26.8562,0.2725,0.2017,2807,5
E02004216,Teignbridge 016,4,5554,17.5177,0.1914,0.1278,25.5736,0.1692,-1.0393,21.6115,8.3075,0.3195,0.1447,3596,6
E02004217,Teignbridge 017,5,7892,21.3287,0.2358,0.1331,21.2256,-0.1666,-0.5298,33.0274,27.0409,0.3971,0.1692,2821,5
E02004218,Teignbridge 018,4,6216,15.1339,0.1488,0.1048,16.4832,-0.1694,-0.5704,29.5195,15.7012,0.2761,0.1037,4176,7
E02004219,Teignbridge 019,4,5585,13.1292,0.1265,0.0809,8.2444,-0.4575,-1.631,34.6073,26.52,0.2392,0.081,4702,7
E02004220,Torridge 001,4,5979,19.5165,0.2037,0.1485,20.8469,0.1574,-0.7249,27.9873,13.7769,0.3029,0.174,3150,5
E02004221,Torridge 002,4,6391,14.8356,0.1428,0.1226,18.6772,0.0265,-1.019,25.4951,7.28,0.2592,0.091,4246,7
E02004222,Torridge 003,3,5709,29.2379,0.292,0.1967,29.1707,0.387,0.1718,18.3544,30.8202,0.4315,0.2098,1659,3
E02004223,Torridge 004,6,13140,26.1232,0.2765,0.1702,39.3897,0.3669,-0.3309,25.8372,11.5995,0.4368,0.1851,2062,4
E02004224,Torridge 005,4,6606,24.25,0.1561,0.1005,18.7704,-0.4455,-1.1895,51.6567,55.1032,0.2754,0.1061,2339,4
E02004225,Torridge 006,4,5804,21.4361,0.2223,0.1373,31.3382,0.162,-0.6951,29.876,13.2732,0.3457,0.1393,2803,5
E02004226,Torridge 007,4,7295,23.8413,0.1559,0.1009,15.9917,-0.3628,-1.3239,53.9482,51.2016,0.285,0.1052,2427,4
E02004227,Torridge 008,5,10323,26.4022,0.2073,0.1195,26.0496,-0.2558,-0.921,51.1672,46.5535,0.3634,0.1262,2011,3
E02004228,Torridge 009,4,7417,25.0603,0.1586,0.1052,21.197,-0.4992,-1.4443,59.3479,51.481,0.3091,0.1042,2207,4
E02004229,West Devon 001,5,10324,23.1667,0.185,0.1025,25.2745,-0.1067,-1.0776,43.6981,40.1081,0.3086,0.1205,2519,4
E02004230,West Devon 002,4,7784,20.5107,0.2256,0.1407,27.778,0.1689,-0.196,17.7801,24.356,0.354,0.1601,2955,5
E02004231,West Devon 003,4,6997,21.2248,0.1399,0.0837,15.4934,-0.3062,-0.8442,42.9711,56.1812,0.2846,0.1043,2839,5
E02004232,West Devon 004,4,7052,23.0882,0.1396,0.0833,15.1498,-0.5181,-1.1549,47.6552,66.2697,0.2828,0.097,2527,4
E02004233,West Devon 005,7,13164,14.1483,0.1647,0.1202,18.7995,-0.1804,-0.8237,18.7836,10.582,0.259,0.11,4429,7
E02004234,West Devon 006,4,6296,16.4988,0.1181,0.0897,11.6748,-0.5584,-1.0956,37.6688,40.7381,0.227,0.0812,3815,6
E02004235,West Devon 007,4,6595,16.8793,0.1478,0.1063,14.5494,-0.3249,-1.1373,38.2419,24.0135,0.2223,0.1194,3734,6
E02004236,"Bournemouth, Christchurch and Poole 002",4,6121,14.6186,0.1516,0.0996,16.1495,-0.2491,-0.5772,30.7508,13.361,0.21,0.1198,4308,7
E02004237,"Bournemouth, Christchurch and Poole 014",5,8105,10.8448,0.1509,0.095,11.0478,-0.4628,-0.7189,20.0691,6.8461,0.2045,0.1411,5365,8
E02004238,"Bournemouth, Christchurch and Poole 019",4,7534,10.3527,0.1194,0.0894,11.7184,-0.548,-0.8336,26.873,6.5608,0.2122,0.0931,5496,9
E02004239,"Bournemouth, Christchurch and Poole 018",4,6246,6.9207,0.0819,0.0587,10.0475,-0.8886,-1.1687,27.4478,3.609,0.1463,0.0544,6343,10
E02004240,"Bournemouth, Christchurch and Poole 024",4,6098,35.1584,0.3745,0.2278,44.0505,0.7741,0.5814,23.8167,8.0637,0.5128,0.2891,1071,2
E02004241,"Bournemouth, Christchurch and Poole 031",6,9363,16.3178,0.2043,0.1175,12.1018,0.0196,0.1323,16.7215,18.8197,0.2884,0.1735,3869,6
E02004242,"Bournemouth, Christchurch and Poole 033",4,6483,7.3853,0.1007,0.0748,7.6358,-0.8235,-0.7085,21.5831,6.2256,0.1733,0.0842,6242,10
E02004243,Dorset 007,4,6473,16.1447,0.1272,0.0742,14.2079,-0.8023,-0.8142,40.7557,32.7672,0.2054,0.1022,3909,6
E02004244,Dorset 010,5,7688,7.7038,0.082,0.0665,11.9859,-0.7228,-0.9317,26.9101,2.1066,0.152,0.0532,6172,10
E02004245,Dorset 012,5,7626,12.7495,0.1545,0.0995,16.8111,-0.4753,-0.593,25.9651,2.6906,0.2672,0.1162,4809,8
E02004246,Dorset 015,4,8056,8.9765,0.0847,0.0747,9.11,-0.85,-0.7462,30.8085,4.1639,0.1595,0.0487,5849,9
E02004247,Dorset 013,4,6229,16.3272,0.1057,0.0658,14.2547,-0.9741,-0.728,44.0469,39.1835,0.1967,0.0679,3864,6
E02004248,Dorset 016,5,7325,13.484,0.1296,0.1067,17.7807,-0.2151,-0.892,29.6271,6.0103,0.2593,0.0848,4600,7
E02004249,Dorset 017,4,6212,7.0412,0.1033,0.0667,6.4064,-1.0504,-1.0052,24.5892,2.4838,0.1778,0.0568,6314,10
E02004250,Dorset 018,5,7801,18.2314,0.1999,0.138,23.8719,-0.0556,-0.1864,21.2138,9.0222,0.3035,0.1352,3447,6
E02004251,Dorset 020,5,6322,8.7699,0.1055,0.0781,13.3255,-0.6823,-1.2116,25.4681,3.6593,0.2016,0.0711,5905,9
E02004252,Dorset 021,4,8390,15.2455,0.1973,0.1133,18.2394,-0.3032,0.0404,16.9293,12.8685,0.2712,0.1632,4154,7
E02004253,Dorset 024,6,9939,6.2397,0.0768,0.0657,10.155,-0.822,-0.9977,19.0972,6.9775,0.1461,0.0438,6457,10
E02004254,Dorset 025,7,10590,6.5955,0.0983,0.0638,9.0497,-0.8385,-1.085,22.4486,2.6039,0.1604,0.0703,6396,10
E02004255,Dorset 001,4,7481,16.5797,0.1946,0.1298,23.0828,-0.1204,-0.3515,20.0294,7.3128,0.314,0.1308,3803,6
E02004256,Dorset 002,5,9289,11.7797,0.0991,0.0683,10.8698,-1.03,-1.0518,34.5501,26.4746,0.1678,0.064,5101,8
E02004257,Dorset 003,5,9236,15.5647,0.1843,0.1111,22.0752,-0.2891,-0.2716,22.1419,12.1581,0.3165,0.1077,4067,6
E02004258,Dorset 005,6,10479,16.5823,0.1711,0.1045,16.015,-0.6442,-0.9983,36.6608,19.5261,0.3367,0.1073,3801,6
E02004259,Dorset 006,4,7108,16.7282,0.1154,0.0862,15.5432,-0.688,-0.693,39.5755,37.3889,0.2214,0.0811,3766,6
E02004260,Dorset 009,4,9488,13.9636,0.129,0.0757,13.0045,-0.9249,-1.0254,38.7989,21.5883,0.224,0.1124,4473,7
E02004261,Dorset 011,5,10426,14.9668,0.1989,0.1188,14.5788,-0.1919,-0.2665,19.9408,9.6738,0.3345,0.1363,4218,7
E02004262,Dorset 014,5,7955,18.4056,0.1312,0.0901,14.2612,-0.7211,-1.0153,47.7002,34.8036,0.2593,0.0883,3404,5
E02004263,Dorset 027,3,5962,14.6534,0.159,0.0938,12.4728,-0.7399,-0.7205,35.6881,17.8002,0.2292,0.1318,4297,7
E02004264,Dorset 028,5,8701,14.3855,0.1721,0.0964,22.6261,-0.2587,-0.2546,20.1005,14.3306,0.2971,0.1053,4364,7
E02004265,Dorset 033,6,8491,16.2429,0.1942,0.1218,21.9282,-0.2091,-0.4531,23.1281,10.9441,0.3555,0.1257,3890,6
E02004266,Dorset 035,5,8349,18.4402,0.1611,0.0993,22.5782,-0.1556,-0.7051,37.2822,22.2398,0.2637,0.1538,3398,5
E02004267,Dorset 039,3,5053,14.904,0.1364,0.0779,12.5306,-0.8236,-0.5535,34.6689,36.843,0.3021,0.0847,4230,7
E02004268,Dorset 042,7,9331,17.46,0.1876,0.1309,19.2974,-0.1442,-0.1886,23.5914,19.4164,0.324,0.1295,3606,6
E02004269,Dorset 004,7,10594,14.3472,0.1849,0.1216,16.8484,-0.2777,-0.6567,17.9812,13.3775,0.3083,0.1376,4375,7
E02004270,Dorset 008,4,8081,16.0741,0.1216,0.0746,9.8341,-1.0315,-1.0395,42.2044,43.5833,0.2485,0.0709,3926,6
E02004271,Dorset 019,6,10311,20.7385,0.1695,0.1023,17.4895,-0.5229,-1.0008,41.6317,41.7147,0.3433,0.1028,2920,5
E02004272,Dorset 022,5,12380,15.8492,0.1212,0.0803,11.0067,-0.8795,-0.928,43.1456,33.833,0.2117,0.0887,3985,6
E02004273,Dorset 023,4,7031,18.8531,0.1709,0.1066,16.943,-0.6104,-0.5244,37.4921,32.1467,0.3183,0.1247,3310,5
E02004274,Dorset 026,4,6333,19.5161,0.2248,0.1425,25.1285,-0.007,-0.4144,21.9508,14.4996,0.3742,0.1581,3151,5
E02004275,Dorset 029,4,7612,16.8716,0.1507,0.0862,14.3517,-0.7867,-0.9208,38.7534,39.2362,0.2912,0.0815,3738,6
E02004276,Dorset 030,3,5631,18.067,0.1977,0.1312,24.5625,-0.2947,0.0712,20.1698,15.561,0.319,0.1449,3480,6
E02004278,Dorset 034,6,8933,11.5096,0.1579,0.099,13.4607,-0.4084,-0.6853,15.9919,9.1088,0.2412,0.122,5179,8
E02004279,Dorset 036,4,8156,15.8423,0.1343,0.0904,14.6557,-0.5027,-0.6802,40.6089,22.1254,0.2412,0.093,3991,6
E02004280,Dorset 037,5,8599,18.7709,0.1932,0.1076,18.6792,-0.284,-0.4781,36.2081,18.9455,0.3652,0.1231,3335,5
E02004281,Dorset 038,4,7759,29.0306,0.2949,0.1838,39.6384,0.3967,0.0745,25.2408,7.5557,0.4082,0.2221,1692,3
E02004282,Dorset 040,5,8861,8.5979,0.0907,0.0837,10.658,-0.475,-0.5674,19.7016,7.2357,0.1833,0.0551,5953,9
E02004283,Dorset 041,5,9094,19.6172,0.2005,0.1418,26.6989,-0.0346,-0.3035,22.6088,11.3229,0.3123,0.1447,3127,5
E02004284,Dorset 044,6,9512,37.6499,0.3165,0.2369,45.3983,0.8455,0.9352,15.6185,35.0234,0.4973,0.2094,889,2
E02004285,Dorset 043,4,7741,24.1656,0.2561,0.1689,27.7178,0.3585,0.3291,20.0909,16.962,0.3499,0.2029,2358,4
E02004286,Dorset 045,3,5087,17.5812,0.1966,0.1287,22.1632,-0.2386,-0.1816,24.7825,13.7205,0.3582,0.1,3573,6
E02004287,Dorset 046,4,5574,20.3888,0.191,0.1324,29.6321,-0.0688,-0.036,29.6275,15.799,0.3049,0.135,2983,5
E02004288,Dorset 047,3,5922,31.9709,0.274,0.1666,42.3889,0.35,0.3985,33.9763,29.1006,0.4639,0.1729,1355,2
E02004289,Dorset 048,4,7400,21.3641,0.2103,0.1353,27.1841,0.1073,-0.1851,30.8035,17.1235,0.3983,0.105,2815,5
E02004290,County Durham 002,4,5641,12.5753,0.113,0.0993,10.1392,0.3186,-0.5597,22.2026,9.2511,0.1627,0.0888,4860,8
E02004291,County Durham 005,4,7179,31.7748,0.2905,0.2095,34.2413,0.8898,0.7228,17.0258,16.6363,0.4309,0.2518,1379,3
E02004292,County Durham 007,5,8022,12.2752,0.1448,0.1014,12.7044,0.0678,-0.3401,11.1373,11.558,0.2344,0.1213,4954,8
E02004293,County Durham 011,6,9878,38.6682,0.3923,0.2417,35.3702,1.3145,0.8871,14.8699,10.8863,0.5468,0.3483,817,2
E02004294,County Durham 013,5,7893,9.1138,0.0822,0.0831,4.9434,-0.0724,-0.5272,11.8902,14.928,0.1284,0.0637,5814,9
E02004295,County Durham 015,5,7343,21.8934,0.2183,0.1599,21.0538,0.686,0.132,17.7162,11.709,0.3436,0.1792,2739,4
E02004296,County Durham 019,5,8610,28.0934,0.2625,0.1861,27.2751,0.947,0.6099,21.4672,14.4207,0.4017,0.2161,1802,3
E02004297,County Durham 001,5,7901,15.5053,0.1585,0.1164,12.037,0.3134,-0.7151,23.7872,17.5171,0.1911,0.1747,4082,6
E02004298,County Durham 003,6,10088,15.6518,0.159,0.1237,12.0884,0.1195,-0.5786,24.5264,15.94,0.2581,0.1142,4049,6
E02004299,County Durham 004,5,8202,29.0751,0.2919,0.1963,23.0711,0.972,0.6788,15.9399,19.4459,0.3952,0.2334,1680,3
E02004300,County Durham 006,5,7588,39.8661,0.3809,0.2591,39.1685,1.3175,0.5038,24.579,18.4492,0.5451,0.3158,754,2
E02004301,County Durham 008,5,9737,41.9227,0.4138,0.2571,42.369,1.4066,0.9226,19.0604,14.5107,0.5593,0.3764,640,1
E02004302,County Durham 009,5,7757,44.7447,0.368,0.2731,41.786,1.4808,1.2638,19.2317,31.2158,0.5335,0.2466,517,1
E02004303,County Durham 010,6,11107,25.35,0.2369,0.1726,22.0187,0.8775,0.3014,10.834,30.1513,0.3368,0.2076,2174,4
E02004304,County Durham 012,5,8995,30.1156,0.2861,0.2103,30.8126,1.151,0.1259,19.7566,13.2221,0.4132,0.2319,1540,3
E02004305,County Durham 014,7,10372,26.6253,0.2781,0.1798,27.0606,0.8346,0.115,21.5916,10.2693,0.3777,0.2471,1989,3
E02004306,County Durham 020,4,6038,19.9385,0.18,0.1377,15.2636,0.2258,-0.2887,32.1534,17.1181,0.2328,0.1414,3067,5
E02004307,County Durham 024,4,6429,26.2884,0.2213,0.1619,25.5534,0.5616,0.136,32.4262,27.4387,0.3492,0.1897,2033,3
E02004308,County Durham 022,5,7751,6.5457,0.0634,0.0723,5.0117,0.0545,-1.1215,13.355,6.5387,0.1066,0.0498,6406,10
E02004309,County Durham 023,4,6244,14.7193,0.1773,0.128,11.8107,0.3183,-0.1824,7.4533,11.8932,0.2147,0.1706,4284,7
E02004310,County Durham 026,5,7851,26.2374,0.2642,0.1731,25.7802,0.912,0.0779,20.2946,10.4051,0.3922,0.2254,2042,3
E02004311,County Durham 027,6,9190,26.8399,0.2548,0.1738,20.9656,0.7417,0.5025,29.9203,10.3356,0.4199,0.198,1956,3
E02004312,County Durham 028,5,7424,8.7914,0.1021,0.0841,6.9759,0.1236,-0.5691,11.3563,7.6904,0.1778,0.0705,5895,9
E02004313,County Durham 029,4,6804,34.0053,0.339,0.2,37.4597,1.0858,1.0431,9.2313,14.3294,0.5553,0.3648,1158,2
E02004314,County Durham 030,4,13203,11.6312,0.033,0.0333,9.3327,0.2933,0.5291,15.3121,25.0555,0.2076,0.1647,5146,8
E02004315,County Durham 033,7,14069,5.1477,0.0468,0.0388,2.1943,-0.8865,-0.8853,11.3973,16.0184,0.0628,0.0565,6624,10
E02004316,County Durham 031,4,6671,31.1178,0.2918,0.195,30.2362,0.9089,0.4891,25.0257,22.062,0.4457,0.239,1439,3
E02004317,County Durham 038,5,7202,30.1592,0.278,0.1991,29.7386,1.0594,0.6106,22.3675,7.7946,0.3926,0.2404,1532,3
E02004318,County Durham 041,4,6722,20.5209,0.205,0.1382,18.4887,0.357,-0.0109,25.6765,12.0883,0.3213,0.1475,2953,5
E02004319,County Durham 044,5,8167,23.2357,0.2276,0.1594,18.082,0.692,0.3556,25.8697,8.2805,0.3589,0.1825,2506,4
E02004320,County Durham 016,5,8703,16.0367,0.1703,0.1252,13.8614,0.3835,-0.2891,17.6645,9.5547,0.2656,0.1536,3932,6
E02004321,County Durham 017,6,8164,36.2968,0.3216,0.2397,28.4204,1.4269,0.4701,15.1171,29.9581,0.4722,0.2034,987,2
E02004322,County Durham 018,6,8800,48.7701,0.4566,0.3198,43.3876,1.8407,0.8044,19.587,10.905,0.5636,0.3388,367,1
E02004323,County Durham 021,5,7488,29.303,0.2669,0.1937,26.0549,1.0978,0.6319,18.6971,13.1071,0.4009,0.1631,1651,3
E02004324,County Durham 025,4,5843,36.7587,0.3138,0.2505,29.0273,1.2511,0.9914,19.0155,19.9831,0.437,0.1834,960,2
E02004325,County Durham 032,6,9147,55.4944,0.4996,0.3597,52.3864,1.9193,1.2124,11.5718,11.1427,0.6429,0.3799,171,1
E02004326,County Durham 034,4,6813,39.0679,0.3671,0.2456,40.3244,1.3224,0.5803,22.3801,13.6782,0.5447,0.2765,802,2
E02004327,County Durham 036,4,5600,53.4062,0.454,0.3404,48.0813,1.7951,1.5538,8.0343,27.6961,0.6711,0.2933,230,1
E02004328,County Durham 035,6,7207,38.0926,0.3768,0.2495,36.0814,1.3786,0.9131,11.3666,13.8219,0.5197,0.2887,855,2
E02004329,County Durham 037,5,6541,27.5225,0.2452,0.1926,22.3397,1.0295,0.4225,16.7152,6.7176,0.3617,0.1867,1864,3
E02004330,County Durham 039,4,5987,42.8436,0.3362,0.2931,39.3687,1.5936,1.2225,15.5323,21.0231,0.5132,0.2058,593,1
E02004331,County Durham 040,5,7318,38.4384,0.3572,0.2504,35.1889,1.3184,0.9803,21.4382,12.7193,0.5233,0.2925,833,2
E02004332,County Durham 043,4,7486,30.8884,0.2869,0.2002,26.2467,0.8678,0.6145,23.8688,20.62,0.427,0.1906,1462,3
E02004333,County Durham 047,5,6669,19.2425,0.1918,0.1436,21.3189,0.3971,-0.0917,13.6622,14.8033,0.2792,0.1572,3213,5
E02004334,County Durham 048,5,6969,33.2925,0.3101,0.2183,28.7297,1.1579,0.462,27.4201,16.0308,0.4525,0.2457,1220,2
E02004335,County Durham 049,5,8122,39.5869,0.3911,0.2551,37.2806,1.1457,0.8834,15.3481,15.845,0.5235,0.31,767,2
E02004336,County Durham 050,4,6616,43.0144,0.4131,0.2812,30.5513,1.4939,0.762,24.867,19.767,0.6242,0.3324,585,1
E02004337,County Durham 052,6,10942,26.8285,0.2736,0.1782,22.5438,0.8943,0.6518,14.1514,12.587,0.4005,0.2239,1959,3
E02004338,County Durham 053,5,7437,39.1252,0.3217,0.2335,35.884,1.2239,0.9443,29.7415,19.9033,0.4642,0.2473,800,2
E02004339,County Durham 054,4,7292,10.6471,0.1102,0.085,3.3621,0.0016,-0.4334,24.2913,12.0325,0.1611,0.0952,5417,8
E02004340,County Durham 059,6,10450,45.8425,0.3988,0.2767,40.7316,1.3567,1.2195,25.7413,23.7936,0.5944,0.2994,473,1
E02004341,County Durham 060,6,8901,14.0995,0.1467,0.1096,10.3488,0.404,-0.3288,23.6152,1.6707,0.2588,0.0948,4442,7
E02004342,County Durham 061,4,5523,60.4251,0.5648,0.332,59.0391,1.8648,1.4831,27.3931,8.1066,0.7735,0.3911,83,1
E02004343,County Durham 062,4,5600,31.5145,0.3204,0.209,28.955,1.1592,0.5516,21.4575,9.5339,0.4814,0.256,1406,3
E02004344,County Durham 063,5,7012,32.6769,0.3322,0.2181,29.8209,1.2006,0.3696,21.7366,7.3541,0.557,0.2292,1285,2
E02004345,County Durham 064,8,12569,26.2729,0.1896,0.1339,18.1698,0.3304,-0.2918,39.5132,46.6668,0.3004,0.1567,2036,3
E02004348,County Durham 042,5,7881,22.6489,0.1553,0.121,15.8353,0.2135,-0.5415,36.6749,48.3627,0.2406,0.1277,2616,4
E02004349,County Durham 045,6,9410,38.2197,0.3582,0.2516,35.2349,1.1727,0.6262,22.77,20.5823,0.5029,0.3032,849,2
E02004350,County Durham 046,6,9838,24.2488,0.2077,0.1675,18.7076,0.6373,0.4075,20.2145,27.7083,0.3105,0.1647,2341,4
E02004351,County Durham 051,5,7188,48.3338,0.4219,0.2974,42.363,1.4435,1.0336,26.519,17.3723,0.5837,0.3205,381,1
E02004352,County Durham 055,5,8388,39.7771,0.3359,0.2429,33.9782,1.2585,1.1627,21.7364,27.8445,0.4825,0.2349,759,2
E02004353,County Durham 056,5,7242,23.2584,0.192,0.1545,17.5817,0.7786,0.2786,12.0755,26.5493,0.3095,0.1171,2502,4
E02004354,County Durham 057,6,9241,30.3594,0.2913,0.1915,31.2398,0.7732,0.4307,24.2418,19.1702,0.425,0.2198,1515,3
E02004355,County Durham 058,5,7015,50.8169,0.4824,0.3239,54.5108,1.7311,0.9886,16.5259,11.4771,0.6247,0.3966,300,1
E02004356,Eastbourne 001,5,7276,33.8398,0.3419,0.2253,42.1092,0.8273,0.5142,24.5063,6.0799,0.4903,0.27,1173,2
E02004357,Eastbourne 002,5,7688,33.1329,0.3585,0.2128,41.3968,0.6288,0.2471,27.4873,6.3406,0.5251,0.2293,1238,2
E02004358,Eastbourne 003,5,8078,28.5784,0.3162,0.1948,33.0863,0.6604,0.2045,21.9208,7.7226,0.5095,0.2054,1742,3
E02004359,Eastbourne 004,5,7860,27.4759,0.282,0.198,27.1351,0.5946,0.0459,19.8172,9.2885,0.4124,0.2155,1868,3
E02004361,Eastbourne 006,5,8290,13.7382,0.1864,0.1181,12.9974,-0.0977,-0.5136,12.9299,5.4061,0.2733,0.1223,4530,7
E02004362,Eastbourne 007,5,8838,20.0174,0.2401,0.1409,20.2195,0.221,-0.102,13.6083,24.8129,0.3482,0.1976,3048,5
E02004363,Eastbourne 008,4,6946,15.6773,0.1889,0.1283,11.0901,0.2072,-0.1241,10.9335,20.0596,0.3173,0.1704,4035,6
E02004364,Eastbourne 009,5,8273,14.0467,0.19,0.1226,6.697,0.0421,-0.1482,5.1296,20.6278,0.2615,0.1805,4451,7
E02004365,Eastbourne 010,4,8629,47.1144,0.4518,0.2524,40.1905,1.2175,1.6021,15.7586,41.4903,0.5986,0.4725,423,1
E02004366,Eastbourne 011,4,7941,27.8701,0.283,0.1931,28.6876,0.5444,0.8062,7.7006,25.9488,0.5442,0.2142,1828,3
E02004367,Eastbourne 012,4,6820,8.3718,0.1086,0.0897,9.1201,-0.2325,-0.8088,9.6003,9.448,0.2825,0.071,6012,9
E02004368,Hastings 001,4,8281,20.4767,0.209,0.1321,20.0421,0.0935,-0.1706,35.9164,7.312,0.3221,0.145,2964,5
E02004369,Hastings 002,6,10067,17.5233,0.1514,0.1058,16.7591,-0.0004,-0.6512,40.9318,8.0355,0.2469,0.1112,3592,6
E02004370,Hastings 003,5,8079,57.0059,0.4971,0.3141,62.3611,1.5321,0.6914,44.5526,9.499,0.6378,0.4482,137,1
E02004371,Hastings 004,4,7151,37.501,0.349,0.218,34.0033,0.7096,0.4277,42.9338,19.2423,0.5018,0.2143,897,2
E02004372,Hastings 005,4,7162,61.7163,0.5701,0.362,58.0683,1.3922,1.107,48.0761,15.8621,0.7575,0.4291,65,1
E02004373,Hastings 006,5,8687,32.0525,0.2956,0.1853,33.2724,0.616,0.2806,37.6904,19.1694,0.4272,0.2371,1349,2
E02004374,Hastings 007,5,7168,29.7274,0.2562,0.1634,25.5199,0.4267,0.2343,37.5216,38.0345,0.4031,0.1904,1586,3
E02004375,Hastings 008,5,8189,35.5821,0.3291,0.2148,21.7208,0.6467,0.5709,39.6647,32.8708,0.4214,0.2754,1035,2
E02004376,Hastings 009,4,6775,50.4369,0.3915,0.248,39.5219,1.1656,1.3666,45.0459,48.0434,0.6164,0.3779,305,1
E02004377,Hastings 010,6,10879,27.064,0.2332,0.1635,33.287,0.5847,0.1735,32.8491,16.3933,0.3832,0.1404,1917,3
E02004378,Hastings 011,5,8183,53.8086,0.4471,0.3015,39.4398,1.1818,1.2384,46.5641,38.1713,0.6736,0.3919,217,1
E02004379,Lewes 001,5,7817,13.4406,0.1316,0.0739,7.5988,-0.7966,-0.9918,34.0688,32.1309,0.2236,0.0972,4608,7
E02004380,Lewes 002,5,9857,8.5638,0.0864,0.0599,4.9051,-1.1593,-0.9062,29.5322,21.7237,0.133,0.0558,5961,9
E02004381,Lewes 003,6,9280,17.6282,0.215,0.1283,18.7992,-0.1757,-0.0347,14.7983,19.5438,0.3239,0.1683,3563,6
E02004382,Lewes 004,4,6692,16.9967,0.1889,0.1169,17.1981,-0.4194,-0.6092,27.981,23.206,0.3151,0.1251,3700,6
E02004383,Lewes 005,5,7192,12.8823,0.1599,0.1061,8.5811,-0.1708,-0.1421,11.8043,20.6837,0.2498,0.0956,4774,7
E02004384,Lewes 006,5,7437,12.837,0.162,0.1023,17.4619,-0.2619,-0.5042,21.2881,6.1574,0.2678,0.1249,4790,7
E02004385,Lewes 007,5,7689,19.1626,0.2314,0.1416,25.4903,0.0939,-0.1016,19.1375,9.5578,0.3973,0.1546,3239,5
E02004386,Lewes 008,4,6812,24.2493,0.2582,0.1656,32.4824,0.2127,0.2762,22.2337,15.5721,0.4678,0.1366,2340,4
E02004387,Lewes 009,4,6020,34.0274,0.3818,0.2174,38.5102,0.4532,0.8047,25.6962,13.2341,0.5275,0.2526,1155,2
E02004388,Lewes 010,4,8046,24.5022,0.2887,0.1718,35.0694,0.4252,0.021,20.2102,4.7908,0.4516,0.2326,2303,4
E02004389,Lewes 011,6,9329,8.4648,0.1022,0.0904,11.1987,-0.3969,-1.3292,19.4083,5.1755,0.1971,0.0594,5991,9
E02004390,Lewes 012,5,8028,14.832,0.1904,0.128,18.0287,-0.0171,-0.7813,18.6264,2.9357,0.3226,0.1176,4247,7
E02004391,Lewes 013,4,6480,18.7271,0.2231,0.1489,15.6752,0.2235,0.1395,11.8048,19.179,0.3811,0.1582,3347,5
E02004392,Rother 001,6,9402,19.2283,0.1558,0.0969,18.0497,-0.4691,-0.4479,43.9229,26.9398,0.2599,0.0985,3215,5
E02004393,Rother 002,4,6341,24.3002,0.1849,0.1395,30.4646,-0.0726,-0.3794,41.842,26.4441,0.319,0.1211,2335,4
E02004394,Rother 003,5,7937,20.1525,0.1391,0.1043,14.1444,-0.258,-0.8643,48.1493,33.3245,0.2419,0.083,3015,5
E02004395,Rother 004,5,7622,29.5598,0.257,0.1567,42.2585,0.1417,0.0625,37.9196,25.8621,0.4905,0.1868,1614,3
E02004396,Rother 005,5,9472,19.1448,0.1421,0.1107,17.2305,-0.2052,-0.5889,46.6155,13.6999,0.2665,0.0935,3244,5
E02004397,Rother 006,5,8407,18.9599,0.1667,0.1174,13.7647,-0.1298,-0.3637,35.8903,25.1033,0.245,0.108,3288,5
E02004398,Rother 007,6,9635,39.997,0.3865,0.2441,46.1638,0.9711,0.6655,26.2283,15.3631,0.5373,0.2867,742,2
E02004399,Rother 008,5,8148,20.031,0.1968,0.1548,22.405,0.3948,-0.2391,23.596,8.0406,0.3765,0.1147,3045,5
E02004400,Rother 009,7,10539,12.2219,0.1082,0.1024,14.9333,-0.0835,-0.7214,25.5543,8.1759,0.2799,0.0502,4967,8
E02004401,Rother 010,5,7745,12.8195,0.1323,0.112,13.9436,-0.1061,-0.7168,21.9907,11.3035,0.2835,0.0794,4794,7
E02004402,Rother 011,5,8973,31.6717,0.3029,0.2149,26.3671,0.7911,0.5709,19.6383,33.9948,0.4581,0.2177,1390,3
E02004403,Wealden 001,4,6425,11.6628,0.1226,0.0726,13.538,-1.0446,-0.6705,29.4237,23.1427,0.1989,0.0877,5136,8
E02004404,Wealden 002,4,6544,9.5035,0.08,0.0541,3.8722,-1.278,-1.0498,35.2028,28.8361,0.1277,0.0529,5715,9
E02004405,Wealden 003,3,6170,7.8551,0.1172,0.0757,11.4474,-1.0401,-0.5362,19.5933,6.1951,0.2074,0.0585,6142,9
E02004406,Wealden 004,4,7460,6.379,0.0918,0.0641,6.0441,-1.0664,-1.3634,19.8609,9.1532,0.1703,0.0649,6439,10
E02004407,Wealden 005,5,8094,9.8413,0.096,0.0644,5.6746,-1.3004,-1.2009,33.3693,22.1192,0.1587,0.0663,5619,9
E02004408,Wealden 006,5,8633,12.242,0.1552,0.0858,19.9921,-0.5734,-0.7134,25.9083,4.8269,0.2618,0.1102,4961,8
E02004409,Wealden 007,3,5422,13.1661,0.0782,0.0609,7.9115,-1.3581,-1.0265,38.1113,44.1784,0.1187,0.0568,4690,7
E02004410,Wealden 008,4,8191,10.408,0.089,0.0602,6.9964,-1.4478,-1.2503,35.101,28.772,0.1667,0.0576,5482,8
E02004411,Wealden 009,6,8507,11.4356,0.1598,0.0957,17.2356,-0.5084,-0.6729,17.8773,5.5893,0.2658,0.0949,5194,8
E02004412,Wealden 010,5,8283,9.1739,0.1372,0.0817,12.5984,-1.003,-0.8401,21.6735,7.8343,0.2336,0.1076,5797,9
E02004413,Wealden 011,5,7471,11.9546,0.1199,0.074,10.1072,-0.8968,-0.7324,32.3047,23.5469,0.2024,0.1005,5039,8
E02004414,Wealden 012,4,6618,9.3409,0.1391,0.0829,10.2235,-0.6902,-0.574,19.2107,6.3946,0.2178,0.0915,5756,9
E02004415,Wealden 013,4,6784,14.5235,0.1191,0.0853,14.451,-0.9801,-0.6951,34.5895,31.4106,0.2103,0.0691,4336,7
E02004416,Wealden 014,5,6550,16.7177,0.1245,0.0702,12.3116,-0.869,-0.9039,41.397,44.5201,0.2416,0.0904,3767,6
E02004417,Wealden 015,4,6544,12.9842,0.1611,0.1012,18.2819,-0.3016,-0.295,17.481,7.4213,0.2628,0.11,4748,7
E02004418,Wealden 016,4,5807,16.9419,0.2119,0.1292,25.7775,-0.309,-0.2953,19.8916,7.065,0.3769,0.1553,3716,6
E02004419,Wealden 017,4,6538,29.6553,0.3174,0.1885,48.5435,0.3387,0.1839,23.5575,4.7801,0.5071,0.2193,1594,3
E02004420,Wealden 018,9,14464,14.8558,0.1594,0.099,17.7506,-0.5449,-0.5764,27.9965,17.6328,0.2924,0.0919,4239,7
E02004421,Wealden 019,6,9464,14.4839,0.175,0.1137,15.6716,-0.1869,-0.4063,23.835,10.1538,0.2854,0.1342,4347,7
E02004422,Wealden 020,6,11429,13.3758,0.1477,0.1075,18.0678,-0.5236,-0.5717,26.0619,9.1934,0.275,0.0922,4631,7
E02004423,Wealden 021,5,7724,9.6606,0.1373,0.0884,13.3312,-0.579,-1.0131,20.4479,4.5087,0.3078,0.0708,5667,9
E02004424,Basildon 001,5,7130,3.2728,0.0483,0.0332,4.7142,-1.3563,-1.5733,21.0411,5.6248,0.0916,0.0243,6805,10
E02004425,Basildon 002,5,7357,9.3157,0.1171,0.0701,12.3091,-0.8407,-0.5192,21.3208,6.6187,0.1623,0.1107,5763,9
E02004426,Basildon 003,5,8104,7.4297,0.0975,0.0642,10.1865,-0.9861,-0.5054,15.2383,7.7935,0.1475,0.0912,6232,10
E02004427,Basildon 004,5,8105,6.0833,0.0811,0.0568,9.6822,-1.0121,-0.6462,13.4712,7.1036,0.1249,0.0647,6476,10
E02004428,Basildon 005,4,7022,15.0563,0.1615,0.1083,23.5722,-0.2759,0.2326,17.8167,9.9666,0.2396,0.1539,4198,7
E02004429,Basildon 006,5,7638,10.4168,0.1057,0.0741,22.4292,-0.6237,-0.2602,19.4604,10.2781,0.1717,0.0862,5480,8
E02004430,Basildon 007,5,8412,7.2344,0.0917,0.0646,13.5767,-0.5832,-1.0778,20.5906,7.3938,0.141,0.0688,6275,10
E02004431,Basildon 008,5,9782,16.67,0.1992,0.1037,23.0637,-0.2224,0.2381,20.865,7.9879,0.3093,0.1759,3778,6
E02004432,Basildon 009,4,6434,15.1457,0.1572,0.1063,23.3296,-0.5176,-0.4073,25.8814,11.9296,0.3395,0.0832,4172,7
E02004433,Basildon 010,5,8647,22.4725,0.2421,0.14,32.5545,0.1424,0.291,24.3571,10.801,0.363,0.2205,2644,4
E02004434,Basildon 011,6,8541,31.4786,0.3041,0.1693,42.4747,0.6468,0.4329,33.4472,12.1724,0.4667,0.2902,1411,3
E02004435,Basildon 012,5,9889,26.7457,0.2942,0.1619,38.3684,0.3522,0.2786,27.3573,9.9615,0.4156,0.2437,1969,3
E02004436,Basildon 013,5,7830,53.2647,0.5078,0.3022,60.1957,1.1927,1.5232,27.7015,10.476,0.6663,0.4312,232,1
E02004437,Basildon 014,6,10201,22.4652,0.2551,0.1491,30.9186,0.362,0.0803,21.6563,7.7678,0.3703,0.2471,2648,4
E02004438,Basildon 015,5,9615,35.7367,0.382,0.211,37.4337,0.6568,1.1708,26.7831,11.2749,0.5058,0.2819,1022,2
E02004439,Basildon 016,5,9924,37.2085,0.3966,0.2222,46.9488,0.7732,1.0586,21.4688,8.0949,0.4828,0.3794,921,2
E02004440,Basildon 017,5,9291,25.2799,0.2879,0.1613,26.1371,0.3123,0.6849,22.6901,13.3885,0.4132,0.208,2181,4
E02004441,Basildon 018,5,7853,36.4438,0.3673,0.2144,44.964,0.6838,1.0637,24.2975,13.2695,0.5171,0.3175,978,2
E02004442,Basildon 019,5,8726,46.558,0.4658,0.2654,55.3531,0.9322,1.3506,27.6504,12.7146,0.6021,0.381,442,1
E02004443,Basildon 020,6,10779,15.4558,0.1853,0.1103,16.7649,-0.1861,0.3268,19.0178,11.1744,0.3111,0.1672,4095,6
E02004444,Basildon 021,6,9073,11.2412,0.1248,0.0799,16.5798,-0.4935,-0.3893,21.126,11.0632,0.1973,0.0851,5251,8
E02004445,Basildon 022,5,8457,32.6609,0.3202,0.1885,35.9193,0.6714,0.9439,28.689,17.7854,0.4758,0.2629,1289,2
E02004446,Braintree 001,4,7102,17.6917,0.1403,0.0994,16.3862,-0.7639,-0.6672,39.1524,35.7106,0.2304,0.119,3554,6
E02004447,Braintree 002,3,5953,15.3103,0.0904,0.0673,10.0887,-1.117,-0.8921,40.523,49.3623,0.1549,0.0742,4133,7
E02004448,Braintree 003,4,7987,13.149,0.1568,0.0808,20.4742,-0.7292,-0.391,26.6331,15.4397,0.2704,0.1148,4697,7
E02004449,Braintree 004,5,8983,22.7922,0.2451,0.1469,35.4675,0.0485,0.4571,15.4438,19.6515,0.3725,0.1976,2589,4
E02004450,Braintree 005,4,6251,16.493,0.1243,0.0822,13.466,-0.749,-0.5259,37.9373,41.3442,0.2087,0.1117,3817,6
E02004451,Braintree 006,5,9902,11.8803,0.1505,0.0818,18.6845,-0.5046,-0.5192,21.388,11.8166,0.2409,0.1074,5070,8
E02004452,Braintree 007,6,9544,12.4463,0.1341,0.0825,18.9515,-0.2711,-0.3827,25.8977,7.9719,0.2362,0.0914,4898,8
E02004453,Braintree 008,4,7633,27.4181,0.3046,0.1776,40.4521,0.3881,0.5012,21.8564,6.6429,0.4207,0.2456,1873,3
E02004454,Braintree 009,5,9655,18.9203,0.193,0.1141,23.4819,-0.0115,0.5433,19.2617,21.7742,0.3006,0.1625,3295,5
E02004455,Braintree 010,4,8072,8.0543,0.1074,0.0648,14.7141,-0.835,-0.5133,19.5771,8.1366,0.2164,0.0466,6088,9
E02004456,Braintree 011,6,9764,22.0046,0.2382,0.1451,33.06,0.0761,0.3845,22.4363,7.2798,0.3678,0.1851,2721,4
E02004457,Braintree 012,5,10756,19.631,0.2182,0.124,23.7172,-0.0113,0.3223,26.5406,10.0203,0.3642,0.1687,3122,5
E02004458,Braintree 013,5,9493,8.1376,0.1095,0.065,13.5037,-0.7788,-0.6324,22.1145,5.3929,0.1943,0.071,6061,9
E02004459,Braintree 014,6,10558,13.5356,0.1571,0.0954,16.5338,-0.492,-0.5353,26.5107,14.7787,0.2546,0.1227,4590,7
E02004460,Braintree 015,6,10103,19.1887,0.2099,0.1238,25.2036,0.0017,0.2528,24.0777,8.4136,0.324,0.164,3232,5
E02004461,Braintree 016,4,5676,27.1327,0.2909,0.1615,41.5772,0.3978,0.3517,26.1847,10.9073,0.4153,0.2475,1905,3
E02004462,Braintree 017,7,11805,16.0502,0.1914,0.1117,19.7917,-0.0271,0.1659,18.2434,12.3572,0.2685,0.1819,3928,6
E02004463,Braintree 018,5,8368,13.8258,0.1456,0.0927,14.3712,-0.4047,-0.3424,24.5742,22.5329,0.2475,0.1041,4508,7
E02004464,Brentwood 001,7,9924,12.5829,0.1116,0.0843,15.7687,-0.924,-0.458,31.2999,14.6132,0.1882,0.0708,4858,8
E02004465,Brentwood 002,4,6477,10.1318,0.1026,0.074,9.7367,-0.9271,-0.418,25.7742,17.3662,0.1385,0.095,5553,9
E02004466,Brentwood 003,5,8186,13.6994,0.1722,0.1091,15.2368,-0.6356,-0.1297,21.0648,8.4475,0.2369,0.1438,4542,7
E02004467,Brentwood 004,5,8279,16.018,0.1937,0.1153,14.4118,-0.1981,0.1755,20.4188,13.2552,0.2698,0.1647,3935,6
E02004468,Brentwood 005,6,10600,2.6033,0.0388,0.0328,1.631,-1.7127,-0.6977,11.7955,11.6853,0.0507,0.0355,6836,10
E02004469,Brentwood 006,4,7329,8.6227,0.0824,0.0563,8.421,-1.3093,-0.1982,22.6651,22.0833,0.1097,0.0734,5945,9
E02004470,Brentwood 007,8,11961,12.2524,0.1649,0.0914,8.2179,-0.5637,0.3965,12.714,19.93,0.2608,0.1749,4959,8
E02004471,Brentwood 008,5,8446,14.984,0.1885,0.1167,13.7809,-0.308,-0.0484,18.3005,12.9177,0.2793,0.1738,4214,7
E02004472,Brentwood 009,4,6146,7.6792,0.075,0.054,7.3927,-1.2851,-0.5672,29.5494,13.7312,0.1214,0.0617,6181,10
E02004473,Castle Point 001,5,7944,12.3085,0.1297,0.092,23.0941,-0.4268,-0.3646,17.0988,16.2885,0.1989,0.0962,4946,8
E02004474,Castle Point 002,5,7984,11.0503,0.1116,0.0803,16.4178,-0.4479,-0.4056,23.8471,13.5192,0.1767,0.0903,5307,8
E02004475,Castle Point 003,4,6633,10.4603,0.114,0.0827,19.4408,-0.3995,-0.2553,13.366,14.7029,0.1878,0.0823,5471,8
E02004476,Castle Point 004,5,8064,6.8126,0.0751,0.0584,13.4354,-0.8147,-0.958,21.5251,10.0196,0.133,0.0517,6353,10
E02004477,Castle Point 005,4,6058,7.7918,0.0755,0.067,11.7731,-0.8122,-0.834,25.9868,9.4288,0.123,0.0594,6155,9
E02004478,Castle Point 006,4,6714,18.6483,0.1871,0.1186,20.525,-0.0592,0.2681,25.631,19.9888,0.2831,0.1602,3365,5
E02004479,Castle Point 007,5,8028,12.5968,0.1216,0.0807,22.7921,-0.4421,-0.0605,22.1716,11.6437,0.2076,0.0875,4852,8
E02004480,Castle Point 008,5,6967,20.8368,0.2703,0.1132,35.1822,-0.0338,0.1114,22.0765,12.848,0.5117,0.1497,2903,5
E02004481,Castle Point 009,4,6670,22.9329,0.2074,0.134,33.5446,0.0856,-0.1567,29.8754,25.7594,0.3196,0.1782,2563,4
E02004482,Castle Point 010,6,8333,37.3334,0.3738,0.2086,53.6521,0.7333,0.9153,24.7687,13.6781,0.5599,0.2641,908,2
E02004483,Castle Point 011,5,8079,20.8302,0.186,0.1264,37.2871,0.0446,0.0665,25.5014,14.3046,0.3144,0.1273,2905,5
E02004484,Castle Point 012,5,8270,26.8039,0.2108,0.1592,42.5839,0.2817,0.2844,32.3432,14.8208,0.3564,0.1531,1962,3
E02004485,Chelmsford 001,5,10271,16.8205,0.1727,0.0978,13.3594,-0.7025,0.172,33.5176,24.0031,0.2599,0.1428,3752,6
E02004486,Chelmsford 002,5,8723,6.1056,0.0888,0.0602,4.3629,-0.9373,-0.2273,15.4979,8.7216,0.1333,0.0523,6472,10
E02004487,Chelmsford 003,5,7930,20.6426,0.2235,0.1305,23.9494,-0.3626,0.4184,21.8165,15.6559,0.3475,0.1537,2933,5
E02004488,Chelmsford 004,7,10278,8.6108,0.112,0.07,8.4511,-0.6165,-0.3862,18.8896,10.5179,0.1746,0.0911,5951,9
E02004489,Chelmsford 005,5,9621,11.1417,0.1265,0.0773,10.9038,-0.8296,-0.449,29.1425,12.537,0.1991,0.0841,5279,8
E02004490,Chelmsford 006,5,7918,31.719,0.3386,0.2049,37.9347,0.5906,1.0538,17.151,6.9217,0.4686,0.3197,1381,3
E02004491,Chelmsford 007,5,7408,6.224,0.0912,0.0607,6.7002,-0.927,-0.6058,14.1992,14.9107,0.15,0.0507,6459,10
E02004492,Chelmsford 008,6,9197,10.6641,0.1483,0.085,11.5106,-0.4924,-0.0425,16.3896,9.408,0.2392,0.1243,5416,8
E02004493,Chelmsford 009,6,10430,16.3277,0.2074,0.1199,14.5637,-0.1442,0.4914,10.8135,14.7194,0.3104,0.1741,3863,6
E02004495,Chelmsford 011,6,8301,13.2227,0.13,0.0924,13.5881,-0.6801,-0.189,24.2538,21.6015,0.2123,0.1006,4668,7
E02004496,Chelmsford 012,5,8184,5.6909,0.079,0.0589,3.1622,-0.9012,-0.0668,6.5346,17.3078,0.1173,0.0513,6537,10
E02004497,Chelmsford 013,5,7707,6.5302,0.0829,0.0596,5.7457,-1.0193,-0.327,19.4062,13.7589,0.1144,0.0691,6412,10
E02004498,Chelmsford 014,6,9892,19.0302,0.2414,0.1405,18.8154,-0.0963,0.3833,14.3749,11.0887,0.3438,0.19,3270,5
E02004499,Chelmsford 015,5,6837,4.8576,0.094,0.0572,7.7712,-0.9079,-0.8869,10.9299,7.2934,0.1802,0.047,6656,10
E02004500,Chelmsford 016,5,9275,12.877,0.1015,0.0791,11.9542,-0.999,-0.5749,36.3759,17.8719,0.1508,0.0775,4778,7
E02004501,Chelmsford 017,5,6970,12.4346,0.1572,0.1045,10.2855,-0.6427,-0.0389,18.6909,11.5889,0.2489,0.0887,4901,8
E02004502,Chelmsford 018,4,7204,13.8978,0.0899,0.0562,12.019,-0.9654,-0.1714,37.1458,33.8262,0.1314,0.093,4490,7
E02004503,Chelmsford 019,5,8002,9.711,0.1027,0.0599,17.0961,-1.2115,-0.775,30.5778,6.8063,0.1699,0.0494,5652,9
E02004504,Chelmsford 020,6,7946,11.5717,0.1185,0.0726,15.1934,-0.7627,-0.7297,35.2823,3.1144,0.2122,0.0869,5161,8
E02004505,Chelmsford 021,4,6756,16.2941,0.1405,0.1021,20.3681,-0.6649,-0.2856,32.0025,23.0459,0.2274,0.1061,3879,6
E02004506,Colchester 001,4,7315,12.2944,0.1014,0.0688,9.5955,-0.7223,-0.4904,30.0048,36.0967,0.1709,0.0589,4950,8
E02004507,Colchester 002,6,9694,15.9863,0.1975,0.1176,13.7639,0.2423,-0.2126,20.5434,6.9218,0.2921,0.1784,3943,6
E02004508,Colchester 003,4,6611,10.9131,0.1229,0.0802,9.0644,-0.4134,-0.737,27.2609,13.4996,0.1914,0.0817,5344,8
E02004512,Colchester 007,6,11399,20.8448,0.2214,0.12,13.9466,0.1756,1.1634,13.8346,23.161,0.4152,0.1444,2901,5
E02004513,Colchester 008,7,11550,39.055,0.3765,0.1849,52.5889,1.0515,1.1496,24.8319,11.4722,0.7076,0.3851,803,2
E02004514,Colchester 009,4,5837,11.0928,0.1294,0.0915,8.725,-0.2641,-0.2025,14.5499,14.8414,0.1815,0.1125,5298,8
E02004515,Colchester 010,6,10002,13.8351,0.1219,0.077,12.1281,-0.2195,-0.4725,31.242,23.3364,0.1963,0.0861,4505,7
E02004516,Colchester 011,8,13347,26.57,0.2852,0.1399,23.8731,0.3365,0.9779,18.83,31.8279,0.442,0.3599,1996,3
E02004517,Colchester 012,5,9911,12.6842,0.1531,0.0958,14.297,-0.1253,-0.0855,19.7629,9.0078,0.231,0.1051,4822,8
E02004518,Colchester 013,4,8081,9.1849,0.1337,0.0711,5.4943,-0.4272,-0.2009,8.9878,20.0439,0.2065,0.0884,5794,9
E02004519,Colchester 014,5,7473,8.462,0.1184,0.082,10.094,-0.2321,-0.6658,13.1306,6.2747,0.179,0.0856,5993,9
E02004520,Colchester 015,6,9807,21.2746,0.2603,0.1384,22.3404,0.448,0.2828,21.4795,4.4458,0.3596,0.4066,2831,5
E02004521,Colchester 016,6,9498,24.3344,0.2337,0.1467,27.3013,0.4203,0.4305,28.9215,10.051,0.3369,0.1996,2330,4
E02004522,Colchester 017,5,8803,8.3291,0.0941,0.0568,6.9573,-0.6575,-0.6459,27.8033,12.0163,0.1719,0.0787,6022,9
E02004523,Colchester 018,6,10551,24.9175,0.2753,0.1601,31.4398,0.5887,0.5985,18.7211,6.7864,0.41,0.208,2229,4
E02004524,Colchester 019,5,8278,12.8584,0.0968,0.0721,10.9588,-0.6512,-0.6335,35.5662,26.3828,0.141,0.0781,4782,7
E02004525,Colchester 020,5,8303,14.8704,0.1406,0.0966,22.5528,-0.2306,-0.2069,26.6576,10.6039,0.2603,0.085,4236,7
E02004526,Colchester 021,5,7129,13.2785,0.129,0.0906,18.6849,-0.2796,-0.5419,27.0459,14.6399,0.2954,0.0787,4656,7
E02004527,Epping Forest 001,5,9252,12.8988,0.1428,0.081,19.2772,-1.4169,0.023,25.4171,17.8888,0.2454,0.1139,4769,7
E02004528,Epping Forest 002,5,8788,14.605,0.1474,0.0846,20.5375,-1.0878,0.1172,28.4532,20.9647,0.2821,0.1001,4311,7
E02004529,Epping Forest 003,3,7394,20.1322,0.1444,0.084,23.5974,-1.299,0.1848,38.6923,47.0766,0.2561,0.1054,3020,5
E02004530,Epping Forest 004,4,7196,14.7869,0.1775,0.1057,25.9409,-0.86,0.0767,18.5089,12.4368,0.2482,0.1442,4256,7
E02004531,Epping Forest 005,4,7121,11.8484,0.1474,0.0926,18.5842,-0.9506,0.1566,15.8283,14.0579,0.1746,0.1532,5079,8
E02004532,Epping Forest 006,4,6495,9.706,0.1315,0.0799,10.7271,-1.341,-0.023,15.584,19.3756,0.1741,0.1381,5654,9
E02004533,Epping Forest 007,5,7723,20.8758,0.236,0.139,29.1829,-0.1438,0.3002,22.4029,12.2576,0.3286,0.2214,2895,5
E02004534,Epping Forest 008,5,8996,19.1877,0.2312,0.1188,28.4125,-0.5477,0.4172,22.2774,16.6711,0.3633,0.1898,3234,5
E02004535,Epping Forest 009,3,6302,25.4719,0.2068,0.1331,29.2206,-0.4209,0.7557,26.7783,48.2687,0.3144,0.1744,2159,4
E02004536,Epping Forest 010,4,6084,10.0241,0.1034,0.0676,12.9167,-1.2933,-0.3174,21.7368,23.5366,0.1466,0.1074,5582,9
E02004537,Epping Forest 011,6,9463,20.2001,0.2581,0.1511,23.7019,-0.1392,0.3668,13.2975,15.6936,0.3449,0.289,3010,5
E02004538,Epping Forest 012,6,9914,8.307,0.1018,0.0606,9.3622,-1.3352,0.0393,9.6757,23.6961,0.1448,0.0864,6024,9
E02004539,Epping Forest 013,5,7813,13.9402,0.1786,0.1089,17.3185,-0.4942,0.0341,9.7324,18.2912,0.2278,0.2119,4476,7
E02004540,Epping Forest 014,4,6071,8.0466,0.096,0.0591,9.7602,-1.5062,-0.1699,9.0597,24.0499,0.1391,0.1031,6095,9
E02004541,Epping Forest 015,7,11768,7.8704,0.1067,0.0642,7.1287,-1.3377,-0.0764,9.7297,24.6781,0.1602,0.0998,6139,9
E02004542,Epping Forest 016,4,6971,8.8063,0.098,0.0657,11.0822,-1.213,0.0003,17.8037,18.7372,0.146,0.0869,5892,9
E02004543,Epping Forest 017,4,7658,14.7264,0.202,0.1037,15.4622,-0.9026,0.1323,20.0877,16.4762,0.2791,0.1656,4280,7
E02004544,Harlow 001,7,12093,12.6692,0.179,0.0839,19.6028,-0.5665,0.2044,15.7755,6.8038,0.2627,0.1624,4825,8
E02004545,Harlow 002,5,7905,28.2592,0.3476,0.197,33.5337,0.1102,0.7172,18.3444,11.7242,0.4587,0.2618,1774,3
E02004546,Harlow 003,5,8430,25.0379,0.3086,0.1678,30.3371,0.042,0.7195,19.5118,10.3446,0.4461,0.2665,2210,4
E02004547,Harlow 004,5,10145,23.059,0.2833,0.1572,26.7567,-0.0038,0.3989,25.5387,6.8544,0.4112,0.2294,2537,4
E02004548,Harlow 005,5,8888,8.0738,0.1196,0.0629,12.5586,-0.9393,-0.4932,22.7725,2.4797,0.1928,0.1006,6083,9
E02004549,Harlow 006,5,8250,24.036,0.2903,0.1647,34.867,0.048,0.5875,16.6485,8.1716,0.4129,0.195,2386,4
E02004550,Harlow 007,6,9008,28.3494,0.3196,0.1834,31.7829,0.1412,0.9569,21.8213,11.5778,0.4437,0.3158,1765,3
E02004551,Harlow 008,5,7538,25.4904,0.2999,0.1721,31.1388,0.2292,0.6488,21.1667,7.4283,0.4239,0.2504,2153,4
E02004552,Harlow 009,5,6521,18.7358,0.2272,0.1269,25.2149,-0.1959,0.1441,21.9541,10.7174,0.3695,0.187,3345,5
E02004553,Harlow 010,5,7877,25.6878,0.3096,0.1598,30.934,0.2399,0.9108,18.3784,7.5084,0.4565,0.2297,2120,4
E02004554,Harlow 011,5,7789,23.3437,0.2765,0.1484,34.5355,-0.1799,0.4339,23.6922,9.7626,0.3996,0.1853,2492,4
E02004555,Maldon 001,4,6424,17.9528,0.1221,0.0797,19.7285,-0.8149,-0.9382,42.2459,42.227,0.2133,0.0975,3498,6
E02004556,Maldon 002,4,7720,10.9596,0.0939,0.0635,12.1156,-1.0129,-0.9232,31.4067,28.8975,0.1552,0.0694,5339,8
E02004557,Maldon 003,5,9026,15.2238,0.1745,0.1047,24.7124,-0.2496,-0.3488,24.231,6.9015,0.2818,0.1239,4161,7
E02004558,Maldon 004,4,6968,21.0489,0.2365,0.137,31.906,0.0229,0.2693,14.8068,21.6494,0.4019,0.1868,2868,5
E02004559,Maldon 005,6,8369,10.9919,0.1382,0.0927,17.1168,-0.3841,-0.4649,16.8301,6.9276,0.2232,0.0786,5328,8
E02004560,Maldon 006,5,9318,22.2145,0.1755,0.1141,35.4162,-0.2557,-0.0772,36.737,25.815,0.292,0.1225,2688,4
E02004561,Maldon 007,7,10556,15.2649,0.1205,0.076,25.3467,-0.6014,-0.5918,36.7271,18.9673,0.2171,0.1003,4148,7
E02004562,Maldon 008,6,9187,14.7306,0.1748,0.1113,19.5871,-0.4258,-0.082,20.713,13.7591,0.2928,0.13,4276,7
E02004563,Rochford 001,4,6759,12.0743,0.1133,0.0815,26.5303,-0.6961,-0.6569,22.8005,14.7641,0.1751,0.0884,5011,8
E02004564,Rochford 002,5,8029,9.0085,0.0974,0.0729,13.1499,-0.7588,-0.6816,26.3142,7.1373,0.1742,0.0686,5846,9
E02004566,Rochford 004,4,5710,30.6515,0.3041,0.1763,38.7356,0.296,0.4261,31.0962,17.2143,0.4561,0.26,1492,3
E02004567,Rochford 005,5,8205,4.8343,0.0676,0.0538,9.4229,-1.0075,-0.9936,15.5168,10.2745,0.1222,0.0437,6660,10
E02004568,Rochford 006,5,9273,12.188,0.1511,0.0914,17.9568,-0.5808,-0.1388,21.576,5.4444,0.2306,0.1097,4981,8
E02004569,Rochford 007,5,8943,15.9327,0.1793,0.1052,18.4505,-0.1986,0.169,22.2623,15.7328,0.2717,0.124,3958,6
E02004570,Rochford 008,6,8710,10.5608,0.1398,0.0891,15.4455,-0.6103,-0.1827,9.1268,15.3916,0.2097,0.1199,5442,8
E02004571,Rochford 009,5,7784,5.5547,0.0746,0.0592,12.6102,-0.8494,-0.8223,12.1041,10.5423,0.1318,0.0476,6557,10
E02004572,Rochford 010,5,8134,17.4154,0.1965,0.1047,24.3118,-0.235,-0.249,29.0241,15.0639,0.3296,0.1407,3619,6
E02004573,Tendring 001,4,6449,48.2283,0.4036,0.2627,53.0511,0.985,1.0387,35.8426,39.4124,0.6346,0.2349,385,1
E02004574,Tendring 002,4,8018,37.0728,0.3524,0.2061,50.5747,0.7893,0.6745,33.0992,12.8847,0.5064,0.2457,930,2
E02004575,Tendring 003,7,12457,15.6983,0.1366,0.0897,14.7914,-0.0081,-0.5682,34.1643,19.5161,0.2196,0.1133,4030,6
E02004576,Tendring 004,6,9213,22.0819,0.1661,0.1223,29.0377,0.3742,-0.0727,36.5204,14.7854,0.3248,0.1068,2704,4
E02004577,Tendring 005,4,6446,14.8703,0.124,0.0938,15.5382,0.0152,-0.3369,29.7579,18.8792,0.1842,0.0962,4237,7
E02004578,Tendring 006,5,7710,32.4176,0.2656,0.1847,48.9136,0.7023,0.1555,29.7011,22.3364,0.4947,0.1722,1310,2
E02004579,Tendring 007,5,8151,24.3052,0.1746,0.1247,40.9327,0.4469,-0.2096,34.2394,22.8895,0.2949,0.1361,2334,4
E02004580,Tendring 008,8,12611,20.8556,0.1771,0.1389,36.5678,0.2977,-0.5282,28.9581,7.6839,0.3586,0.1087,2900,5
E02004581,Tendring 009,4,9062,14.7251,0.1272,0.0948,17.5719,0.0687,-0.6293,31.8511,12.0987,0.2118,0.0873,4282,7
E02004582,Tendring 010,4,7208,29.6181,0.2591,0.1976,44.8378,0.7075,0.0142,28.5101,5.2508,0.5002,0.1638,1606,3
E02004583,Tendring 011,5,9083,24.7715,0.1941,0.1354,32.7049,0.331,-0.0501,34.4499,25.5441,0.313,0.149,2256,4
E02004584,Tendring 012,4,6540,21.301,0.1593,0.1473,32.9901,0.4894,-0.5927,27.7594,14.7043,0.3595,0.1104,2825,5
E02004585,Tendring 013,5,9167,31.5314,0.2825,0.1931,49.6412,0.7636,0.2456,30.1217,7.5478,0.5024,0.1424,1405,3
E02004586,Tendring 014,5,8195,39.7472,0.3425,0.23,46.38,1.0587,0.7895,25.4233,25.2111,0.5457,0.2059,761,2
E02004587,Tendring 015,5,7853,53.1169,0.4818,0.3189,65.4609,1.4545,0.7517,30.2861,6.6813,0.7207,0.2939,235,1
E02004588,Tendring 016,4,7320,71.5149,0.5602,0.3983,71.209,2.181,1.8775,27.0741,46.7178,0.8104,0.3386,10,1
E02004589,Tendring 017,5,7483,38.0402,0.3315,0.222,54.0018,0.9785,0.6673,25.7259,18.8071,0.5798,0.2015,862,2
E02004590,Tendring 018,5,8434,58.2712,0.4323,0.3491,66.8705,1.4402,1.3217,37.4408,42.88,0.7093,0.2884,116,1
E02004591,Uttlesford 001,4,7675,5.9176,0.0721,0.0447,3.6912,-1.9957,-0.9926,23.5219,18.5725,0.1034,0.0577,6498,10
E02004592,Uttlesford 002,7,13362,8.0945,0.1504,0.0783,7.607,-1.0575,-0.4977,14.0924,9.721,0.2093,0.1216,6075,9
E02004593,Uttlesford 003,5,9091,10.523,0.0883,0.0501,4.9263,-1.8044,-0.6766,35.81,28.794,0.1294,0.0808,5451,8
E02004594,Uttlesford 004,4,8690,12.8575,0.1085,0.0692,11.1801,-1.278,-0.7776,35.3282,31.0093,0.1577,0.1089,4783,7
E02004595,Uttlesford 005,7,15153,8.7066,0.0971,0.0636,8.3414,-1.5532,-0.2648,25.9997,15.0526,0.1428,0.0749,5920,9
E02004596,Uttlesford 006,7,10690,12.5851,0.1403,0.0743,16.3697,-1.2726,0.0538,25.9989,19.667,0.2067,0.1176,4856,8
E02004597,Uttlesford 007,5,9113,10.0107,0.1576,0.075,13.3928,-1.3941,-0.1456,19.3793,8.1692,0.2604,0.1147,5585,9
E02004598,Uttlesford 008,6,11141,10.2855,0.108,0.0617,12.108,-1.5172,-0.4706,30.7561,18.6866,0.159,0.0942,5511,9
E02004599,Uttlesford 009,4,7760,11.666,0.103,0.0565,13.712,-1.7029,-0.3764,30.9339,32.7444,0.1667,0.095,5132,8
E02004600,Cheltenham 001,4,5598,14.882,0.1857,0.1148,20.4154,-0.3764,-0.0331,11.5275,13.8072,0.2904,0.1218,4233,7
E02004601,Cheltenham 002,4,6281,3.1643,0.0665,0.05,2.8233,-1.3886,-0.8095,13.3307,5.5877,0.103,0.0537,6814,10
E02004602,Cheltenham 003,4,6686,24.7565,0.3111,0.1561,32.8297,0.2796,0.5569,14.6052,5.8612,0.4867,0.2804,2261,4
E02004603,Cheltenham 004,5,8006,22.968,0.2393,0.1265,26.1695,0.2128,0.902,8.2795,22.7659,0.4501,0.2864,2556,4
E02004604,Cheltenham 005,5,8465,36.08,0.3965,0.2283,44.1766,0.5592,1.2176,11.4802,13.338,0.5529,0.2544,998,2
E02004605,Cheltenham 006,4,5960,29.6247,0.3464,0.1932,42.2476,0.4808,0.6727,9.2592,12.2858,0.4628,0.3049,1605,3
E02004606,Cheltenham 007,7,10358,16.1339,0.1905,0.1115,15.1817,0.016,0.6241,6.3573,18.1933,0.3169,0.1733,3910,6
E02004607,Cheltenham 008,6,9645,11.3436,0.1129,0.0733,4.0607,-0.6447,0.2904,6.8299,36.8363,0.1594,0.1485,5220,8
E02004608,Cheltenham 009,7,10090,11.7155,0.0954,0.0782,3.6896,-0.5165,0.2338,6.9125,40.055,0.1189,0.0998,5122,8
E02004609,Cheltenham 010,4,7149,5.8512,0.095,0.0659,7.3428,-0.8082,-0.4781,11.874,7.0229,0.1475,0.0702,6508,10
E02004610,Cheltenham 011,5,7785,4.6541,0.0692,0.0531,2.7738,-1.13,-0.7952,6.5098,22.3194,0.0942,0.0698,6683,10
E02004611,Cheltenham 012,8,12393,4.4888,0.0844,0.0488,2.2678,-0.9918,-0.6351,10.5109,11.9558,0.0999,0.0883,6701,10
E02004612,Cheltenham 013,7,9276,6.5876,0.1108,0.07,9.2273,-0.9129,-0.8477,11.9168,5.6743,0.1735,0.0781,6399,10
E02004613,Cheltenham 014,4,6336,1.8505,0.0404,0.0321,0.2925,-1.6011,-1.1692,10.803,10.9211,0.0518,0.0391,6853,10
E02004614,Cheltenham 015,3,5557,2.5445,0.0534,0.0482,0.7831,-1.3454,-1.1612,11.648,9.3609,0.06,0.0461,6839,10
E02004615,Cotswold 001,5,8731,11.8506,0.1321,0.0816,9.952,-1.1524,-0.7383,31.7017,20.9789,0.2589,0.0782,5078,8
E02004616,Cotswold 002,6,10050,12.6439,0.1304,0.0747,14.1111,-0.9361,-0.4276,28.6731,22.8556,0.2092,0.1082,4834,8
E02004617,Cotswold 003,6,9492,11.8475,0.1015,0.0581,7.9994,-1.0615,-0.5873,34.4191,26.7172,0.1593,0.0807,5080,8
E02004618,Cotswold 004,4,7334,15.8956,0.0756,0.0559,3.8274,-1.5638,-0.5828,41.9894,60.4257,0.1332,0.0563,3970,6
E02004619,Cotswold 005,4,7195,15.8201,0.1001,0.059,5.1509,-1.49,-0.6875,38.8193,59.9685,0.1772,0.0759,3999,6
E02004620,Cotswold 006,5,8404,8.877,0.1318,0.0771,13.0804,-0.8524,-0.6026,17.1531,4.7972,0.1886,0.0852,5871,9
E02004621,Cotswold 007,4,6176,13.9054,0.1713,0.1057,10.1546,-0.445,0.2025,8.6802,26.9257,0.2145,0.1823,4486,7
E02004622,Cotswold 008,5,7673,11.1583,0.1492,0.084,19.3034,-0.4251,-0.6092,16.7791,7.0316,0.2426,0.1351,5276,8
E02004623,Cotswold 009,6,9283,9.2749,0.1122,0.0618,7.558,-1.2027,-0.9105,30.932,13.3901,0.1854,0.0832,5770,9
E02004624,Cotswold 010,4,6650,10.8887,0.1029,0.0608,8.5378,-1.1841,-0.5824,34.1426,23.838,0.175,0.0846,5350,8
E02004625,Cotswold 011,7,10372,11.8623,0.1251,0.0721,9.7259,-1.225,-0.7144,29.7067,25.9835,0.1953,0.0964,5077,8
E02004626,Forest of Dean 001,5,9990,16.7498,0.0918,0.0708,12.597,-0.7523,-1.0623,42.4059,48.4434,0.1797,0.0625,3762,6
E02004627,Forest of Dean 002,3,6637,17.1917,0.2026,0.1096,27.6409,-0.5046,0.0268,26.3473,9.6713,0.3254,0.1293,3660,6
E02004628,Forest of Dean 003,5,8006,19.8317,0.1847,0.1246,18.1328,-0.1985,-0.5302,32.4479,32.6261,0.2854,0.1308,3089,5
E02004629,Forest of Dean 004,7,12953,23.0743,0.2429,0.1563,27.0274,-0.0835,0.2377,25.2417,21.3127,0.3611,0.1791,2529,4
E02004630,Forest of Dean 005,4,6637,21.0062,0.1369,0.1144,15.7428,-0.3546,-0.5967,38.5224,50.6948,0.2125,0.1068,2877,5
E02004631,Forest of Dean 006,3,5043,16.8476,0.0964,0.0933,11.9131,-0.7258,-0.7845,38.5072,46.9071,0.1361,0.0844,3744,6
E02004632,Forest of Dean 007,7,10859,20.0629,0.235,0.1493,25.8121,-0.1209,-0.1097,23.7539,8.1651,0.3438,0.1781,3036,5
E02004633,Forest of Dean 008,5,8340,19.7354,0.1741,0.1158,23.2095,-0.4559,-0.2169,31.7537,35.9776,0.3168,0.1211,3100,5
E02004634,Forest of Dean 009,6,11617,19.8809,0.2165,0.133,25.0903,-0.172,-0.0303,26.1668,11.4912,0.352,0.1412,3077,5
E02004635,Forest of Dean 010,5,7852,13.3978,0.1485,0.0877,12.4535,-0.7917,-0.8576,30.7123,20.9034,0.262,0.0904,4627,7
E02004636,Gloucester 001,5,7763,3.9367,0.0644,0.0503,5.455,-0.6129,-0.7987,10.7193,7.582,0.1057,0.0479,6752,10
E02004637,Gloucester 002,5,9550,24.5881,0.2102,0.1444,19.0906,0.874,0.6117,14.0332,27.4076,0.2792,0.1796,2293,4
E02004638,Gloucester 003,4,5858,8.321,0.113,0.0723,10.7269,-0.2812,-0.6815,8.8113,12.9823,0.1601,0.0881,6023,9
E02004639,Gloucester 004,7,11882,37.328,0.3308,0.1869,40.972,1.1091,1.3927,19.6131,26.5135,0.5784,0.3265,909,2
E02004640,Gloucester 005,5,8774,42.178,0.4,0.2133,59.005,0.8715,1.0798,18.8382,41.1061,0.5229,0.3628,626,1
E02004641,Gloucester 006,5,7433,6.5074,0.0999,0.0733,10.6313,-0.574,-0.8871,11.373,6.5537,0.1782,0.0653,6414,10
E02004642,Gloucester 007,7,12336,15.0969,0.1779,0.1034,25.2872,-0.0905,-0.0643,12.9451,8.2098,0.2684,0.1246,4186,7
E02004643,Gloucester 008,5,8313,39.5141,0.3889,0.2084,56.5543,0.7892,1.0958,19.1399,28.018,0.5632,0.3168,769,2
E02004644,Gloucester 009,6,9307,25.5439,0.2613,0.1523,32.351,0.3797,0.4092,16.4167,23.2549,0.3756,0.2118,2147,4
E02004645,Gloucester 010,6,9037,5.4351,0.0838,0.0644,8.8304,-0.6002,-0.864,14.1838,3.0548,0.1346,0.0665,6575,10
E02004646,Gloucester 011,6,9167,37.187,0.3395,0.2183,48.3741,0.7828,1.1854,21.5244,10.6121,0.4949,0.2647,924,2
E02004647,Gloucester 012,4,6352,24.3824,0.2463,0.151,36.2063,0.3606,0.4232,19.8909,8.6311,0.4146,0.1729,2323,4
E02004648,Gloucester 013,4,5600,15.4701,0.1557,0.103,25.2508,0.1887,0.0164,15.5432,12.5602,0.2847,0.1005,4091,6
E02004649,Gloucester 014,4,7341,8.8373,0.1287,0.0725,12.3028,-0.3836,-0.539,18.2757,2.6067,0.2261,0.0774,5886,9
E02004650,Gloucester 015,9,14817,16.9099,0.214,0.1044,20.1092,0.2815,0.1134,20.3344,4.2316,0.3064,0.155,3728,6
E02004651,Stroud 001,6,11738,10.9014,0.139,0.0791,10.8752,-0.4295,-0.0542,20.4958,12.6625,0.224,0.0913,5347,8
E02004652,Stroud 002,4,6769,11.4956,0.074,0.0577,3.9442,-1.1305,-0.9329,32.0358,45.1194,0.1157,0.0563,5182,8
E02004653,Stroud 003,4,8244,12.7181,0.1143,0.0664,9.9244,-0.8954,-0.4982,35.0866,28.0293,0.1986,0.0781,4817,8
E02004654,Stroud 004,6,11552,12.9754,0.1593,0.1021,14.8522,-0.4435,-0.2466,20.5711,12.1527,0.2511,0.1085,4750,7
E02004655,Stroud 005,5,8164,16.7781,0.1907,0.1151,25.973,-0.2121,-0.391,25.223,9.705,0.2907,0.157,3759,6
E02004656,Stroud 006,6,11423,19.6416,0.2028,0.135,19.4872,-0.1535,0.5612,17.1144,25.4032,0.3012,0.1336,3120,5
E02004657,Stroud 007,5,6837,8.372,0.0915,0.0637,5.9605,-0.7988,-0.8367,20.8231,27.6968,0.1298,0.0542,6011,9
E02004658,Stroud 008,4,6317,6.0783,0.0739,0.0498,3.5988,-1.1943,-1.1535,26.3593,13.8289,0.1098,0.0769,6477,10
E02004659,Stroud 009,5,7191,12.1873,0.1174,0.0794,9.9981,-0.785,-0.6892,34.007,19.1043,0.1816,0.0858,4982,8
E02004660,Stroud 010,4,6666,10.0158,0.0881,0.0736,6.5051,-0.9519,-0.9828,27.4498,23.1499,0.1123,0.0814,5584,9
E02004661,Stroud 011,6,8758,11.9016,0.1466,0.0924,15.5531,-0.5948,-0.5732,24.8338,7.239,0.2365,0.1025,5058,8
E02004662,Stroud 012,4,6783,13.5399,0.1161,0.0678,14.2645,-0.7459,-0.5477,34.1566,28.8124,0.2047,0.0894,4587,7
E02004663,Stroud 013,4,6513,12.7699,0.1445,0.089,10.8406,-0.6109,-0.2329,24.0531,24.2835,0.2211,0.1053,4805,8
E02004664,Stroud 014,4,7524,16.4968,0.1863,0.1177,21.338,-0.2619,-0.1521,23.7925,12.975,0.2808,0.105,3816,6
E02004665,Stroud 015,5,8746,9.2548,0.1027,0.068,7.2034,-0.9321,-0.8597,26.1822,21.4348,0.1409,0.0858,5775,9
E02004666,Tewkesbury 001,7,12212,10.3884,0.1453,0.0807,15.2452,-0.6927,-0.5324,21.2371,5.8087,0.2289,0.1054,5489,9
E02004667,Tewkesbury 002,7,10735,18.8371,0.1991,0.1228,23.2144,-0.3589,-0.0918,18.8979,23.418,0.2791,0.1642,3317,5
E02004668,Tewkesbury 003,5,9068,10.7748,0.1092,0.0692,7.5957,-1.1836,-0.7779,30.5797,23.8803,0.201,0.0775,5386,8
E02004669,Tewkesbury 004,4,7534,9.3604,0.0827,0.0592,7.1173,-1.2043,-0.875,29.9583,23.8466,0.1526,0.0508,5750,9
E02004671,Tewkesbury 006,4,7444,13.7197,0.1749,0.0953,12.4217,-0.6457,-0.2288,24.7355,19.1581,0.2997,0.1051,4536,7
E02004672,Tewkesbury 007,8,12527,8.0885,0.1327,0.0777,9.3863,-0.7337,-0.9217,14.3241,7.0197,0.1908,0.146,6077,9
E02004673,Tewkesbury 008,4,8209,12.3887,0.1778,0.0896,12.2486,-0.5785,-0.3274,21.7988,15.5684,0.2667,0.1294,4918,8
E02004674,Tewkesbury 009,7,12886,14.2915,0.2102,0.1113,16.8958,-0.0294,-0.2778,14.6371,6.2659,0.3439,0.1301,4386,7
E02004675,Basingstoke and Deane 001,5,7863,11.7324,0.1153,0.0818,21.071,-0.4348,-0.1543,23.0546,3.8611,0.1776,0.0793,5116,8
E02004676,Basingstoke and Deane 002,6,8008,8.3823,0.0781,0.0495,12.4203,-0.845,-0.6221,27.6694,12.5597,0.1435,0.0677,6008,9
E02004677,Basingstoke and Deane 003,5,7540,12.891,0.1042,0.0614,10.4505,-1.0912,-0.8117,37.7328,29.6974,0.1826,0.0695,4773,7
E02004678,Basingstoke and Deane 004,5,7599,11.2135,0.0936,0.0615,11.8392,-1.0046,-0.465,33.8356,21.3185,0.143,0.0941,5261,8
E02004679,Basingstoke and Deane 005,7,11425,10.646,0.1267,0.063,8.5113,-0.7158,-0.5494,33.1316,8.3789,0.1902,0.1028,5418,8
E02004680,Basingstoke and Deane 006,5,7826,4.7527,0.0729,0.0421,3.0214,-0.8707,-0.9368,25.1194,1.9024,0.1243,0.0631,6669,10
E02004681,Basingstoke and Deane 007,8,15485,20.6989,0.2463,0.1234,22.1391,0.291,0.4029,25.8432,6.7917,0.3356,0.2561,2926,5
E02004682,Basingstoke and Deane 008,4,8306,11.3341,0.1572,0.0828,12.9723,-0.6148,-0.4864,22.2152,4.6432,0.2292,0.1481,5221,8
E02004683,Basingstoke and Deane 009,5,8360,18.3026,0.2153,0.1103,23.8519,0.2135,0.3629,17.2886,10.9553,0.3371,0.2253,3430,6
E02004684,Basingstoke and Deane 010,7,11921,15.5362,0.1831,0.0967,19.2299,0.1169,0.1487,22.1317,5.5418,0.2776,0.185,4075,6
E02004685,Basingstoke and Deane 011,5,7904,15.1634,0.1612,0.099,18.496,0.0808,0.3195,17.3088,14.0368,0.25,0.2007,4169,7
E02004686,Basingstoke and Deane 012,5,8927,14.4992,0.1741,0.0894,16.6486,-0.265,0.5391,13.0224,17.3536,0.2422,0.215,4343,7
E02004687,Basingstoke and Deane 013,5,7714,24.033,0.2671,0.1381,39.9636,0.1913,0.5742,20.1791,5.8271,0.3933,0.1884,2388,4
E02004688,Basingstoke and Deane 014,5,7958,26.7129,0.29,0.1687,39.8608,0.4395,0.8466,15.0999,6.3935,0.4424,0.24,1976,3
E02004689,Basingstoke and Deane 015,4,5747,7.3418,0.0852,0.0749,4.7303,-0.8838,-0.8906,25.2484,7.6489,0.1555,0.0592,6250,10
E02004690,Basingstoke and Deane 016,5,8218,7.2584,0.1083,0.0662,12.4416,-0.6791,-0.7219,15.7778,6.3419,0.1613,0.1023,6271,10
E02004691,Basingstoke and Deane 017,5,8044,9.7419,0.0848,0.0558,4.6173,-1.0885,-0.7651,34.4752,22.8101,0.101,0.091,5643,9
E02004692,Basingstoke and Deane 018,5,7186,3.5159,0.0445,0.0476,5.1037,-0.9145,-1.0544,18.6389,1.6449,0.0571,0.037,6788,10
E02004693,Basingstoke and Deane 019,5,7345,18.537,0.2227,0.1267,24.0278,0.1373,0.1257,17.4593,4.7128,0.3213,0.1986,3380,5
E02004694,Basingstoke and Deane 020,4,7784,9.2935,0.0963,0.0621,5.8677,-0.847,-0.9652,28.3561,20.8329,0.1358,0.0824,5766,9
E02004695,Basingstoke and Deane 021,6,8869,5.0447,0.0766,0.0435,4.2917,-0.8177,-1.0735,22.6093,3.4582,0.1167,0.0827,6637,10
E02004696,Basingstoke and Deane 022,4,7841,9.4378,0.127,0.0613,7.9539,-0.9603,-0.3715,28.7935,11.3602,0.2001,0.0901,5728,9
E02004697,East Hampshire 001,4,6820,7.865,0.0795,0.0562,3.5795,-1.169,-0.8114,30.308,18.34,0.1272,0.0539,6140,9
E02004698,East Hampshire 002,4,6534,22.1952,0.2885,0.1533,29.0994,0.2417,0.4128,10.4645,7.8993,0.4784,0.2627,2693,4
E02004699,East Hampshire 003,7,11125,5.5623,0.1048,0.0649,8.8004,-0.9578,-0.6091,10.5152,5.5105,0.1954,0.0539,6556,10
E02004700,East Hampshire 004,4,7199,16.5723,0.2143,0.0918,22.663,-0.3375,0.4023,24.7603,6.511,0.3103,0.2046,3804,6
E02004702,East Hampshire 006,5,8040,13.4889,0.1666,0.0948,23.6167,-0.4098,-0.2303,22.8768,3.0634,0.2648,0.1028,4598,7
E02004703,East Hampshire 007,6,12669,7.8833,0.0699,0.0517,5.6731,-1.2543,-0.7153,32.0372,14.6064,0.1206,0.0424,6134,9
E02004704,East Hampshire 008,4,6524,11.1343,0.1119,0.0668,13.2071,-0.8732,-0.5464,29.9824,19.3533,0.177,0.1035,5283,8
E02004705,East Hampshire 009,5,9827,8.5227,0.1097,0.0657,6.2227,-0.9839,-0.3939,25.0637,10.9683,0.169,0.0765,5971,9
E02004706,East Hampshire 010,5,7769,11.5614,0.1096,0.082,8.2365,-0.7872,-0.4651,28.391,20.6683,0.1642,0.0891,5162,8
E02004707,East Hampshire 011,5,11333,8.2404,0.0769,0.0528,2.602,-1.6945,-0.7195,25.0053,28.8347,0.1172,0.0651,6044,9
E02004708,East Hampshire 012,6,9510,12.3035,0.1826,0.097,12.6415,-0.6306,-0.133,15.4677,10.8042,0.2759,0.1268,4948,8
E02004709,East Hampshire 013,5,8791,7.1931,0.1022,0.0655,7.3013,-1.1835,-0.5866,24.7334,3.8565,0.1835,0.0567,6289,10
E02004710,East Hampshire 014,4,6603,7.84,0.1121,0.0724,7.8738,-0.9921,-0.1505,19.8625,4.7052,0.1495,0.1123,6146,9
E02004712,Eastleigh 001,5,8932,1.9688,0.0383,0.0426,0.9075,-1.3455,-1.2343,15.512,3.0787,0.0582,0.021,6852,10
E02004713,Eastleigh 002,5,8063,5.2751,0.0842,0.0546,5.9717,-0.8559,-0.7662,14.1119,11.4979,0.1281,0.0598,6599,10
E02004714,Eastleigh 003,5,7472,3.5571,0.0758,0.0524,3.8039,-0.9688,-1.1186,10.5657,6.9154,0.1121,0.0585,6785,10
E02004715,Eastleigh 004,5,9199,13.4282,0.1732,0.0961,16.1043,-0.1471,-0.0024,17.0999,12.1851,0.2903,0.107,4614,7
E02004716,Eastleigh 005,6,8745,12.11,0.1422,0.0921,15.8761,-0.394,-0.1728,22.6102,5.1711,0.2015,0.1297,5001,8
E02004717,Eastleigh 006,8,13350,21.8421,0.2719,0.1372,26.4384,0.1085,0.396,22.0093,9.6838,0.3964,0.2364,2749,5
E02004718,Eastleigh 007,5,8718,21.0314,0.2434,0.1304,22.7358,0.0591,0.6617,19.2367,18.0197,0.3674,0.203,2870,5
E02004719,Eastleigh 008,7,11952,6.758,0.0935,0.0595,6.0671,-0.7615,-0.5051,23.7089,4.0907,0.1514,0.0623,6362,10
E02004720,Eastleigh 009,7,11663,9.5416,0.1222,0.0795,10.6227,-0.5012,-0.1255,14.4026,12.6716,0.2043,0.0925,5705,9
E02004721,Eastleigh 010,7,12439,8.0108,0.1325,0.0587,5.34,-0.6529,-0.3988,23.1397,4.8407,0.1988,0.0877,6107,9
E02004722,Eastleigh 011,5,7068,12.4651,0.1636,0.0993,12.5409,-0.1812,-0.167,17.5452,11.5107,0.2119,0.1702,4890,8
E02004723,Eastleigh 012,6,9849,5.541,0.0779,0.0577,8.5929,-0.7759,-0.5873,17.4415,6.2602,0.1403,0.0427,6560,10
E02004724,Eastleigh 013,5,9972,16.1331,0.1902,0.1065,18.4415,-0.1957,0.219,20.5635,10.09,0.2839,0.1651,3912,6
E02004725,Eastleigh 014,3,5511,15.6016,0.1847,0.1139,18.179,-0.2018,0.1714,21.7482,6.9473,0.2894,0.1871,4058,6
E02004726,Eastleigh 015,3,6123,9.2633,0.1088,0.0652,9.8722,-0.966,0.0319,23.8163,7.4055,0.1709,0.0909,5771,9
E02004727,Fareham 001,5,10238,5.0898,0.0884,0.0547,5.0823,-1.1956,-0.6231,17.611,7.4127,0.1358,0.0486,6632,10
E02004728,Fareham 002,6,9072,8.7377,0.1322,0.0759,12.8048,-0.5017,-0.6732,14.2531,7.702,0.2102,0.1205,5911,9
E02004729,Fareham 003,5,7241,16.8896,0.1977,0.1244,26.7721,-0.1657,-0.0292,14.2997,6.7423,0.3225,0.1406,3731,6
E02004730,Fareham 004,6,8619,3.9995,0.0704,0.0556,5.061,-1.03,-0.8504,12.1819,8.044,0.123,0.048,6747,10
E02004731,Fareham 005,5,7567,3.3375,0.0624,0.0486,4.2891,-1.2302,-1.0198,16.5148,3.8859,0.0948,0.0526,6799,10
E02004732,Fareham 006,5,8833,5.7994,0.0845,0.0558,7.0931,-1.3186,-0.5588,21.5644,5.8042,0.14,0.057,6519,10
E02004733,Fareham 007,5,8043,9.6985,0.1259,0.0839,12.697,-0.8524,-0.2399,19.623,9.011,0.2038,0.0701,5659,9
E02004734,Fareham 008,7,10175,10.3391,0.1273,0.089,8.7003,-0.5242,0.0058,10.3807,15.8475,0.2006,0.0832,5502,9
E02004735,Fareham 009,5,7353,3.1994,0.0632,0.0503,5.6458,-1.0004,-1.0637,11.8272,5.7512,0.1185,0.0381,6809,10
E02004736,Fareham 010,5,8059,6.1866,0.1006,0.065,11.4405,-0.9414,-0.5677,8.9532,9.9678,0.1755,0.054,6464,10
E02004737,Fareham 011,5,7626,20.7494,0.2551,0.157,20.6602,0.093,0.5677,8.5314,11.5707,0.3464,0.1926,2916,5
E02004738,Fareham 012,5,7210,10.1321,0.13,0.0908,18.7654,-0.5024,-0.3805,7.5857,11.167,0.2056,0.0963,5551,9
E02004739,Fareham 013,4,7592,6.5421,0.0936,0.0681,11.7811,-0.8427,-0.6809,14.8789,6.5674,0.1919,0.074,6407,10
E02004740,Fareham 014,5,6934,3.1666,0.0598,0.0529,3.1438,-1.0557,-1.147,16.5879,2.6454,0.1037,0.045,6812,10
E02004741,Gosport 001,5,7548,24.6083,0.2396,0.1566,38.7644,0.4557,0.1703,21.949,7.7091,0.3781,0.1638,2289,4
E02004742,Gosport 002,5,7069,25.5967,0.2492,0.1652,36.3707,0.7147,0.2523,21.3714,9.0274,0.3827,0.1717,2139,4
E02004743,Gosport 003,5,7361,15.5135,0.1374,0.0898,30.4192,-0.0413,0.0511,21.4152,15.3874,0.231,0.0966,4081,6
E02004744,Gosport 004,6,9734,36.3947,0.3471,0.1963,44.9322,0.7069,0.9397,33.8453,13.531,0.5084,0.2388,981,2
E02004745,Gosport 005,6,8402,29.8596,0.2972,0.1718,41.6429,0.5051,0.6147,25.3543,15.9109,0.4907,0.2069,1572,3
E02004746,Gosport 006,7,11213,11.7876,0.1156,0.0781,17.4311,-0.2964,-0.3697,26.5075,7.8761,0.1935,0.0868,5096,8
E02004747,Gosport 007,4,6474,21.6442,0.1986,0.129,29.9194,0.2393,0.2838,25.0627,18.0558,0.346,0.1246,2770,5
E02004748,Gosport 008,7,9466,42.0472,0.3893,0.2343,46.9479,0.951,1.0941,31.2074,18.7257,0.5935,0.2852,634,1
E02004749,Gosport 009,5,7193,8.0535,0.0705,0.0617,8.2874,-0.4026,-0.4326,23.6123,13.8444,0.1108,0.0489,6090,9
E02004750,Gosport 010,6,7817,14.7279,0.14,0.0914,16.7768,-0.0275,-0.2646,25.3978,19.9495,0.2386,0.0949,4279,7
E02004751,Hart 001,5,8559,6.6519,0.1066,0.0664,12.5474,-1.6638,-0.2776,14.2057,5.1029,0.1781,0.0952,6381,10
E02004752,Hart 002,5,7976,3.3457,0.0628,0.0427,4.5464,-1.9841,-1.0084,18.4904,5.2275,0.1195,0.0408,6798,10
E02004753,Hart 003,7,12068,7.1042,0.1212,0.0619,18.0368,-1.8234,-0.6152,11.7691,8.2787,0.2464,0.0735,6308,10
E02004754,Hart 004,4,7267,11.2146,0.1202,0.0711,11.0254,-1.3818,-0.5148,29.7749,16.8077,0.1735,0.1122,5260,8
E02004755,Hart 005,7,12170,5.1308,0.087,0.0457,3.5317,-2.0093,-0.2718,17.48,9.2834,0.1357,0.0809,6626,10
E02004756,Hart 006,5,9940,5.4489,0.0986,0.0532,4.1786,-1.4915,-0.7746,21.4365,6.5129,0.1451,0.0767,6573,10
E02004757,Hart 007,5,7860,1.3516,0.0343,0.0382,0.8857,-2.2633,-1.3018,14.109,3.1292,0.0458,0.0313,6856,10
E02004758,Hart 008,6,9162,6.7192,0.1064,0.0711,5.4748,-1.3775,-0.3795,18.3643,8.1128,0.1686,0.0837,6368,10
E02004759,Hart 009,5,8324,3.1701,0.0599,0.0436,2.8085,-2.1644,-0.828,18.5686,4.897,0.076,0.0561,6811,10
E02004760,Hart 010,6,10991,7.2861,0.1088,0.0562,7.2889,-1.6876,-0.6035,26.6536,4.7008,0.1712,0.0652,6264,10
E02004761,Hart 011,4,6595,7.6806,0.0876,0.0548,6.8615,-1.6053,-0.9662,27.6558,8.0799,0.123,0.0846,6180,10
E02004764,Havant 003,5,8188,12.2768,0.1317,0.1085,19.9708,-0.2939,-0.2451,16.7531,4.7001,0.2538,0.0888,4953,8
E02004765,Havant 004,4,6039,5.1715,0.0806,0.058,7.5201,-0.7699,-0.9269,18.5786,5.507,0.1489,0.0542,6618,10
E02004766,Havant 005,4,7135,23.578,0.2576,0.1602,31.7667,0.3751,0.3973,16.2971,8.7841,0.3336,0.2473,2464,4
E02004767,Havant 006,4,5785,40.7568,0.412,0.2255,61.0666,0.7456,0.98,24.2248,7.3393,0.5923,0.321,700,2
E02004768,Havant 007,4,5325,21.1483,0.2699,0.1436,27.2924,0.2177,0.0505,18.1632,8.4915,0.3862,0.2566,2849,5
E02004769,Havant 008,4,6372,45.3705,0.4646,0.2619,67.0995,0.9167,1.0424,20.853,7.3219,0.6422,0.3528,494,1
E02004770,Havant 009,5,6817,42.3544,0.4492,0.2362,59.1454,0.9836,0.7878,20.8461,10.1419,0.6965,0.3304,615,1
E02004771,Havant 010,5,9073,40.767,0.3969,0.2328,62.1322,0.8038,1.0726,20.2683,10.2105,0.5437,0.3039,698,2
E02004772,Havant 011,6,9138,12.2414,0.1347,0.1024,14.7815,-0.3286,-0.318,18.6511,9.1008,0.1905,0.1179,4963,8
E02004774,Havant 013,6,10411,10.1712,0.1358,0.0858,12.3361,-0.692,-0.3041,19.2313,9.6574,0.2252,0.0942,5541,9
E02004775,Havant 014,7,10623,15.2843,0.169,0.1135,14.7922,-0.1007,0.0683,18.0997,13.1174,0.2835,0.1013,4140,7
E02004776,Havant 015,4,5936,12.4691,0.1259,0.0874,15.9317,-0.1756,-0.176,24.118,7.2587,0.249,0.0854,4888,8
E02004777,Havant 016,3,5285,21.6176,0.1933,0.1623,31.4565,0.0596,0.306,18.384,11.0756,0.3608,0.1257,2772,5
E02004778,Havant 017,4,6175,17.5242,0.1659,0.1344,24.6263,0.0085,0.0312,23.3836,7.5073,0.3398,0.0976,3591,6
E02004779,New Forest 001,7,10928,12.8086,0.1211,0.082,9.8614,-0.8224,-0.3704,29.1069,23.1131,0.2027,0.0884,4795,7
E02004780,New Forest 002,4,5997,19.6452,0.2234,0.1372,26.4293,0.1875,0.2936,15.9547,7.8598,0.3102,0.1967,3118,5
E02004781,New Forest 003,5,8028,10.6744,0.1457,0.0875,13.9388,-0.4221,-0.1891,17.9814,5.4148,0.2448,0.0734,5411,8
E02004782,New Forest 004,5,7715,18.7477,0.208,0.1347,22.4575,0.1967,0.2843,12.7283,15.8212,0.3177,0.1603,3341,5
E02004783,New Forest 005,5,7035,9.5607,0.125,0.0864,13.6518,-0.4026,-0.5633,15.3016,9.7784,0.1914,0.077,5693,9
E02004784,New Forest 006,4,5562,9.4696,0.0696,0.0623,6.7303,-0.7241,-0.4821,32.7346,11.7535,0.1161,0.0553,5721,9
E02004785,New Forest 007,4,5426,12.5497,0.077,0.0678,9.6664,-0.8001,-0.2838,33.9064,31.1659,0.1197,0.0529,4870,8
E02004786,New Forest 008,6,8221,12.4879,0.1454,0.0832,15.0781,-0.4313,-0.2098,26.6844,8.4654,0.2307,0.0959,4885,8
E02004787,New Forest 009,5,7333,7.6292,0.0972,0.0784,8.542,-0.6232,-0.5773,17.7078,5.4857,0.204,0.058,6191,10
E02004788,New Forest 010,5,7203,8.189,0.0964,0.0663,9.257,-0.8308,-0.5073,23.6636,10.5026,0.154,0.0726,6053,9
E02004789,New Forest 011,6,10646,18.3969,0.1988,0.1321,28.2399,-0.2684,0.0082,21.7344,3.3301,0.3143,0.1326,3407,5
E02004790,New Forest 012,5,8146,15.2689,0.1986,0.1192,15.5063,-0.3284,0.12,16.722,14.9491,0.3158,0.1607,4145,7
E02004791,New Forest 013,4,5556,27.4506,0.2918,0.1703,36.0508,0.2494,0.4142,29.1126,3.1251,0.4179,0.2324,1871,3
E02004792,New Forest 014,6,8517,13.3985,0.1362,0.1013,19.2499,-0.5232,-0.3968,27.4198,7.8486,0.2261,0.0854,4626,7
E02004793,New Forest 015,4,7380,7.7056,0.0787,0.0517,4.3577,-1.3258,-0.5293,31.0248,11.636,0.1469,0.0541,6171,9
E02004794,New Forest 016,5,6940,11.9529,0.1051,0.0774,7.9567,-0.9241,-0.1472,35.9748,13.2202,0.1653,0.0662,5040,8
E02004795,New Forest 017,5,8664,11.7447,0.1058,0.0683,9.8059,-1.0607,-0.2083,25.1936,28.8351,0.1937,0.0757,5112,8
E02004796,New Forest 018,6,9639,8.2867,0.093,0.0785,10.0352,-0.8937,-0.8994,25.6454,7.6409,0.1709,0.0656,6031,9
E02004797,New Forest 019,5,8051,15.7569,0.2098,0.1273,20.4029,-0.5723,-0.0925,20.0538,4.0601,0.3,0.181,4013,6
E02004798,New Forest 020,4,6150,25.3085,0.2879,0.1927,37.6234,0.2164,0.2803,15.5847,4.1103,0.4062,0.2042,2178,4
E02004799,New Forest 021,5,7921,14.5029,0.1741,0.119,20.4622,-0.2659,0.0519,11.8407,9.6405,0.2865,0.1316,4342,7
E02004800,New Forest 022,4,7217,4.8055,0.0665,0.0622,8.2386,-0.9674,-0.9839,18.0319,4.0941,0.1586,0.0482,6664,10
E02004801,New Forest 023,5,7657,5.5718,0.0671,0.0601,5.5223,-1.0713,-0.7866,22.7837,6.4849,0.1216,0.05,6554,10
E02004802,Rushmoor 001,4,6662,22.7126,0.2637,0.1302,40.3613,-0.4263,0.3475,25.0394,15.7771,0.4031,0.3113,2602,4
E02004803,Rushmoor 002,5,7387,28.7562,0.3311,0.162,49.5979,-0.2296,0.6886,25.9625,9.9062,0.4462,0.476,1721,3
E02004804,Rushmoor 003,5,7077,8.4842,0.0988,0.0613,17.0987,-1.129,-0.334,20.2264,12.0912,0.1648,0.0926,5984,9
E02004805,Rushmoor 004,5,8674,5.4767,0.0814,0.0459,6.1224,-1.5825,-0.26,15.7038,15.7424,0.1443,0.0582,6570,10
E02004806,Rushmoor 005,5,7980,8.6128,0.1147,0.0656,12.9741,-1.3153,-0.3549,21.2571,9.7426,0.1895,0.0833,5950,9
E02004807,Rushmoor 006,6,9601,15.1346,0.1857,0.0968,22.5321,-0.7534,0.3624,18.4725,12.8882,0.2703,0.181,4175,7
E02004808,Rushmoor 007,7,12555,11.2441,0.1359,0.0761,12.5268,-0.7218,-0.1805,24.6849,14.5833,0.1915,0.2257,5249,8
E02004809,Rushmoor 008,6,11646,18.0776,0.2311,0.0924,21.5705,-0.3554,0.4152,25.4124,12.9684,0.275,0.6499,3475,6
E02004810,Rushmoor 009,4,8308,16.4629,0.2238,0.1059,21.9002,-0.6055,0.2342,22.5558,11.7496,0.3151,0.2723,3830,6
E02004811,Rushmoor 010,5,7986,17.8159,0.2235,0.1072,21.8317,-0.6589,0.3483,22.5919,18.4886,0.2671,0.3444,3527,6
E02004812,Rushmoor 011,4,6658,8.9796,0.118,0.0716,12.9488,-1.1322,-0.1884,18.3147,15.4587,0.1612,0.1523,5848,9
E02004813,Rushmoor 012,4,6469,23.9618,0.2615,0.1526,35.5391,-0.0819,0.3505,23.839,12.0295,0.3402,0.2907,2403,4
E02004814,Test Valley 001,4,6952,8.2726,0.083,0.0541,5.5949,-0.8542,-0.8099,27.356,17.2454,0.1221,0.0833,6033,9
E02004815,Test Valley 002,5,7409,33.7708,0.3764,0.1832,52.8648,0.6598,0.9713,19.2323,5.4975,0.5327,0.2351,1181,2
E02004817,Test Valley 004,5,7455,15.7627,0.1905,0.1034,21.8928,0.1708,0.2162,10.8067,11.1606,0.2797,0.1864,4010,6
E02004818,Test Valley 005,6,10240,7.1671,0.0835,0.0589,7.8256,-0.7652,-0.8998,20.7613,14.8729,0.1191,0.0777,6297,10
E02004819,Test Valley 006,5,7805,8.2637,0.1081,0.0728,10.1605,-0.5281,-0.3163,11.2405,7.6806,0.1553,0.0856,6036,9
E02004820,Test Valley 007,4,7519,12.7467,0.0824,0.0622,9.3731,-0.8999,-0.9278,38.9559,33.871,0.1196,0.0783,4810,8
E02004821,Test Valley 008,3,5262,11.5019,0.0678,0.0513,3.8332,-1.3608,-0.8726,36.5105,42.1427,0.0944,0.0641,5180,8
E02004822,Test Valley 009,5,8087,15.6716,0.1005,0.0586,7.7686,-1.0965,-0.3827,41.7105,47.8586,0.1864,0.0771,4039,6
E02004823,Test Valley 010,6,8666,6.209,0.0895,0.0633,8.6591,-0.8793,-0.8623,14.5472,6.2878,0.1429,0.0717,6460,10
E02004824,Test Valley 011,4,5910,13.0389,0.1641,0.1106,15.4425,-0.3436,-0.1303,10.5479,15.7666,0.3167,0.117,4723,7
E02004825,Test Valley 012,6,10983,9.0735,0.1042,0.0695,8.281,-0.8356,-0.541,23.4058,11.7217,0.1615,0.0774,5828,9
E02004826,Test Valley 013,6,10165,10.9108,0.1056,0.0667,8.2574,-0.8261,-0.4214,32.1221,13.4003,0.1655,0.0859,5345,8
E02004827,Test Valley 014,5,7311,2.7242,0.0534,0.0343,2.3383,-1.4428,-1.3644,20.0779,2.4611,0.0818,0.0325,6830,10
E02004828,Test Valley 015,4,7758,6.1904,0.0875,0.0559,7.6139,-0.8532,-0.6555,19.2861,8.1555,0.1442,0.0579,6463,10
E02004829,Winchester 001,3,6045,11.426,0.0878,0.0568,4.4882,-1.4622,-0.9191,37.471,24.0874,0.1451,0.059,5196,8
E02004830,Winchester 002,4,7067,9.7016,0.0985,0.0647,5.3692,-1.3168,-0.5369,31.3124,14.554,0.136,0.083,5656,9
E02004831,Winchester 003,5,10870,5.8185,0.0957,0.0575,3.5177,-1.0996,-1.0328,20.863,6.1601,0.1449,0.0612,6514,10
E02004832,Winchester 004,5,8563,9.2503,0.1046,0.0598,8.2664,-1.075,-1.0499,26.3125,23.1357,0.1548,0.0952,5778,9
E02004833,Winchester 005,6,10255,6.7798,0.0949,0.0715,4.0114,-0.7626,-0.5637,8.283,9.0015,0.1196,0.099,6358,10
E02004834,Winchester 006,5,7764,18.8432,0.2289,0.1274,21.9545,0.1952,0.4317,12.5955,12.1891,0.307,0.2553,3314,5
E02004835,Winchester 007,6,10793,8.8939,0.0885,0.078,1.6249,-0.285,0.2288,7.3061,21.9091,0.0791,0.1304,5868,9
E02004836,Winchester 008,4,6997,19.9133,0.2323,0.1079,38.2968,0.0861,0.2813,13.1169,7.5078,0.4377,0.2611,3069,5
E02004837,Winchester 009,5,8288,4.8461,0.0861,0.0526,2.2261,-1.1394,-0.7666,17.8001,8.2437,0.1448,0.0499,6659,10
E02004838,Winchester 010,5,9952,7.2753,0.0875,0.0585,2.5523,-1.3412,-0.9348,26.6658,16.9037,0.1269,0.0918,6267,10
E02004839,Winchester 011,5,9080,11.5119,0.091,0.0542,4.6922,-1.4415,-0.3976,34.09,36.0415,0.1476,0.0624,5178,8
E02004840,Winchester 012,6,10562,8.6976,0.125,0.0736,7.2858,-0.9405,-0.6177,24.083,8.9948,0.2128,0.0876,5924,9
E02004841,Winchester 013,7,12441,11.9698,0.1502,0.0784,13.5193,-0.4502,-0.282,25.2585,9.9657,0.2702,0.1121,5032,8
E02004842,Winchester 014,6,11920,12.1865,0.1508,0.0855,13.2993,-0.9079,-0.3024,25.9745,13.6622,0.2353,0.1099,4983,8
E02004843,Broxbourne 001,4,7180,8.7498,0.1147,0.0702,20.0546,-1.0498,-0.6881,16.3741,12.0909,0.1783,0.0616,5908,9
E02004844,Broxbourne 002,5,7503,18.1297,0.2088,0.1179,33.1943,-0.3757,-0.1417,21.3736,15.7515,0.301,0.1807,3466,6
E02004845,Broxbourne 003,4,7956,19.0417,0.2246,0.1249,24.6196,-0.505,0.1078,22.3516,21.9058,0.3522,0.1841,3268,5
E02004846,Broxbourne 004,4,6346,4.1448,0.0689,0.0523,5.9692,-1.6212,-0.7599,13.4144,10.3195,0.0856,0.0551,6740,10
E02004847,Broxbourne 005,6,10249,22.8279,0.2765,0.1477,22.5729,-0.3147,0.2778,29.6158,17.4007,0.3999,0.191,2583,4
E02004848,Broxbourne 006,4,7789,14.9527,0.1845,0.1001,19.4183,-0.8699,-0.3984,29.0856,10.3266,0.2912,0.1417,4220,7
E02004849,Broxbourne 007,4,6867,8.5112,0.1289,0.0633,12.3715,-1.257,-0.8972,26.3971,4.8709,0.2491,0.0716,5975,9
E02004850,Broxbourne 008,5,7373,20.8944,0.2496,0.1342,27.2155,-0.225,0.2741,22.9623,16.3712,0.3841,0.1789,2888,5
E02004851,Broxbourne 009,4,5903,20.6876,0.2304,0.1361,25.5443,-0.0507,-0.1646,31.9411,8.2386,0.3132,0.1718,2929,5
E02004852,Broxbourne 010,5,8078,18.7269,0.2494,0.1212,21.0536,-0.4318,0.0804,19.6402,23.4207,0.3947,0.1721,3348,5
E02004853,Broxbourne 011,4,6987,21.9946,0.2616,0.1469,27.2219,-0.1493,0.3038,24.7719,13.0885,0.3407,0.2468,2724,4
E02004854,Broxbourne 012,4,8096,17.4522,0.2412,0.1159,24.3087,-0.5319,-0.1302,19.2064,20.4789,0.407,0.1631,3610,6
E02004855,Broxbourne 013,5,8672,29.3225,0.3739,0.1709,33.9648,0.0731,0.5678,24.0918,24.1923,0.5473,0.313,1649,3
E02004856,Dacorum 001,4,5808,13.1697,0.1133,0.0708,10.0576,-0.7781,-0.4507,34.8157,28.1393,0.1642,0.1058,4687,7
E02004857,Dacorum 002,4,6196,7.137,0.1028,0.0577,6.4284,-1.1433,-0.8921,20.994,17.3293,0.1909,0.0729,6304,10
E02004858,Dacorum 003,3,5015,11.6433,0.1527,0.0881,17.3338,-0.9492,-0.2807,21.0972,8.21,0.1971,0.1652,5142,8
E02004859,Dacorum 004,3,5380,5.889,0.0566,0.0434,3.7249,-1.6919,-0.8994,24.4428,19.5292,0.0758,0.0568,6502,10
E02004860,Dacorum 005,4,5722,20.2384,0.2435,0.1206,24.0595,-0.2201,0.0579,28.4094,15.2906,0.3689,0.1841,3006,5
E02004861,Dacorum 006,4,5568,9.0465,0.0884,0.055,4.0283,-1.3317,-0.948,31.0731,25.07,0.1176,0.0875,5835,9
E02004862,Dacorum 007,5,7744,24.1928,0.3068,0.1501,34.3873,0.1281,0.2044,22.8348,8.4264,0.453,0.2672,2352,4
E02004863,Dacorum 008,5,8023,29.3859,0.3398,0.1821,44.5466,0.5486,0.4863,17.0909,8.267,0.4503,0.3179,1640,3
E02004864,Dacorum 009,4,6314,3.1597,0.0498,0.0365,1.2392,-1.6817,-1.4319,15.258,12.2157,0.0776,0.0467,6815,10
E02004865,Dacorum 010,3,5564,18.3145,0.2122,0.1215,21.0446,-0.221,0.4855,19.3587,15.496,0.3407,0.1512,3426,5
E02004866,Dacorum 011,4,6762,18.3527,0.2407,0.121,27.9132,-0.0382,-0.0627,21.1618,4.4161,0.3692,0.1826,3417,5
E02004867,Dacorum 012,4,6613,8.6475,0.1351,0.0723,8.3426,-1.0504,-0.8509,19.2669,6.7368,0.1649,0.1507,5940,9
E02004868,Dacorum 013,4,7908,21.4819,0.2851,0.1597,29.4095,0.1024,-0.1208,14.5067,8.47,0.3862,0.1986,2792,5
E02004869,Dacorum 014,4,5810,7.4955,0.112,0.0542,10.1741,-1.056,-1.0093,13.6645,15.8518,0.1671,0.0955,6209,10
E02004870,Dacorum 015,7,12069,19.0263,0.2615,0.1289,19.2778,-0.2149,0.4341,15.0176,16.6946,0.3789,0.1863,3272,5
E02004871,Dacorum 016,3,4985,15.7318,0.2176,0.1196,24.8175,-0.2625,-0.2096,15.2616,9.0324,0.3595,0.1765,4021,6
E02004872,Dacorum 017,5,7445,10.9831,0.1525,0.099,15.8417,-0.7044,-0.5525,13.453,6.8272,0.2243,0.0977,5331,8
E02004873,Dacorum 018,7,11989,8.764,0.1137,0.0718,7.7571,-0.8987,-0.3482,16.4583,17.0845,0.1661,0.1252,5906,9
E02004874,Dacorum 019,4,6035,14.9014,0.2048,0.1128,16.8331,-0.2095,-0.1427,15.1015,12.8907,0.3233,0.1705,4231,7
E02004875,Dacorum 020,6,10422,16.9318,0.2491,0.1213,22.6218,-0.1211,-0.1539,16.131,6.6792,0.3475,0.2181,3720,6
E02004876,Dacorum 021,6,9456,8.1919,0.0811,0.0545,8.5747,-1.1382,-0.7977,30.1136,14.5028,0.1541,0.0725,6051,9
E02004877,Dacorum 022,3,5339,6.6895,0.098,0.0502,5.6712,-1.2588,-0.6418,20.8902,18.5538,0.1332,0.0889,6375,10
E02004878,East Hertfordshire 001,6,9554,13.034,0.1365,0.0786,18.7448,-1.1652,-0.5211,31.8498,16.1898,0.229,0.0796,4727,7
E02004880,East Hertfordshire 003,6,11242,7.0813,0.1045,0.0529,4.3031,-1.5896,-0.7665,22.6229,16.3353,0.1679,0.061,6309,10
E02004881,East Hertfordshire 004,4,7035,7.6833,0.1066,0.0624,4.4365,-1.4295,-0.0421,11.9136,16.8596,0.1519,0.0896,6178,10
E02004882,East Hertfordshire 005,5,8777,6.3485,0.1075,0.0613,7.0188,-1.3831,-0.5346,14.0922,14.2584,0.1524,0.0944,6441,10
E02004883,East Hertfordshire 006,4,6255,12.6219,0.1257,0.0696,15.6676,-1.1852,-0.5686,32.9308,23.3445,0.1942,0.1033,4839,8
E02004884,East Hertfordshire 007,7,10436,10.274,0.1568,0.0788,12.9762,-0.9729,-0.0953,14.1681,11.8816,0.2129,0.1704,5518,9
E02004885,East Hertfordshire 008,6,8636,3.4991,0.0789,0.0456,3.6689,-1.5339,-1.3175,16.7154,7.9993,0.1202,0.0538,6790,10
E02004886,East Hertfordshire 009,4,6692,13.0971,0.1173,0.0847,10.8043,-1.0681,-0.7664,33.9527,28.1942,0.1611,0.1111,4708,7
E02004887,East Hertfordshire 010,3,7465,12.1351,0.1017,0.0719,8.0841,-1.3986,-0.7576,35.918,30.3639,0.145,0.0954,4994,8
E02004888,East Hertfordshire 011,5,8847,7.9328,0.125,0.0768,11.1969,-1.0898,-0.552,13.3268,9.5167,0.1956,0.0877,6126,9
E02004889,East Hertfordshire 012,6,11307,11.9011,0.161,0.1002,14.8151,-0.9361,-0.1594,15.9417,15.3141,0.2343,0.1181,5059,8
E02004890,East Hertfordshire 013,5,8400,6.1165,0.1092,0.0607,6.5803,-1.0931,-0.962,13.926,14.5199,0.1696,0.1208,6471,10
E02004891,East Hertfordshire 014,5,7988,6.913,0.1026,0.0641,7.2197,-1.3693,-0.6955,14.869,16.2239,0.1356,0.1052,6346,10
E02004892,East Hertfordshire 015,4,5957,18.119,0.2464,0.1298,21.1082,-0.3963,0.1874,20.4732,6.1699,0.3763,0.1594,3468,6
E02004893,East Hertfordshire 016,3,6003,7.258,0.1184,0.0663,5.0079,-1.1501,-0.7499,16.9738,11.5271,0.1824,0.0853,6272,10
E02004894,East Hertfordshire 017,6,9675,9.6709,0.1357,0.0749,9.1129,-1.1459,-0.1134,14.5556,15.9656,0.1978,0.117,5665,9
E02004895,East Hertfordshire 018,6,9381,11.5147,0.1288,0.0836,14.3473,-1.2286,-0.5599,25.8318,18.9424,0.1734,0.1266,5176,8
E02004896,Hertsmere 001,5,8011,8.1567,0.1129,0.0753,6.5316,-0.8139,-0.4446,10.6553,21.4355,0.2123,0.0794,6059,9
E02004897,Hertsmere 002,4,6786,8.1812,0.1354,0.0743,10.3241,-0.9128,-0.6538,12.1232,13.3628,0.1927,0.1165,6055,9
E02004898,Hertsmere 003,5,7758,21.0861,0.2547,0.1519,20.409,-0.0456,0.4182,17.4071,19.1463,0.3687,0.2138,2860,5
E02004899,Hertsmere 004,4,5272,17.0728,0.1721,0.0951,13.3757,-0.154,-0.204,32.4156,22.3931,0.2731,0.121,3687,6
E02004900,Hertsmere 005,5,8189,6.4594,0.0857,0.055,5.4172,-1.2833,-0.7961,16.1968,16.6124,0.1085,0.0804,6425,10
E02004901,Hertsmere 006,5,10433,25.6851,0.3115,0.1622,26.7579,0.2173,0.5096,24.4747,8.8273,0.3865,0.3179,2121,4
E02004902,Hertsmere 007,5,8121,20.8078,0.2744,0.1335,19.9458,-0.0518,0.3231,22.8315,15.6022,0.3674,0.2574,2908,5
E02004903,Hertsmere 008,4,7798,15.8488,0.1886,0.1266,16.2973,-0.2203,0.0121,17.5481,16.3507,0.2552,0.1362,3986,6
E02004904,Hertsmere 009,4,6808,19.3006,0.2587,0.1287,22.8191,-0.0011,-0.0375,24.1636,7.7168,0.3952,0.1903,3200,5
E02004905,Hertsmere 010,4,6558,10.0852,0.125,0.0667,9.5897,-0.9596,-0.6307,22.0511,22.0575,0.2,0.0962,5569,9
E02004906,Hertsmere 011,6,11045,15.9215,0.2134,0.1143,13.7023,-0.0925,0.0537,20.7585,12.7468,0.2703,0.2103,3962,6
E02004907,Hertsmere 012,6,10847,9.4569,0.1444,0.0764,7.9642,-0.7695,-0.3014,14.6662,17.5636,0.1956,0.1287,5724,9
E02004908,Hertsmere 013,6,10685,6.1582,0.1023,0.0615,4.687,-0.9605,-0.7581,15.8561,12.1374,0.1528,0.0821,6468,10
E02004909,North Hertfordshire 001,3,5783,12.0493,0.1489,0.0833,18.004,-0.5738,-0.2911,21.7654,13.9152,0.2409,0.1336,5013,8
E02004910,North Hertfordshire 002,6,11930,5.4933,0.0977,0.0566,11.7771,-1.2663,-1.0204,14.4684,5.2063,0.1676,0.0589,6568,10
E02004911,North Hertfordshire 003,4,7030,18.1577,0.2331,0.1412,20.6519,-0.1264,-0.1715,23.5355,4.1667,0.2898,0.2174,3461,6
E02004912,North Hertfordshire 004,7,10792,9.9994,0.1398,0.0846,12.6358,-0.5743,-0.3525,10.1607,11.8656,0.1964,0.1223,5587,9
E02004914,North Hertfordshire 006,5,7996,17.5148,0.239,0.1331,22.5932,-0.1827,-0.2297,15.9644,13.2542,0.3491,0.2082,3597,6
E02004915,North Hertfordshire 007,4,5579,19.373,0.2638,0.1449,21.8795,0.0032,0.0136,17.7792,8.6232,0.3823,0.2597,3181,5
E02004916,North Hertfordshire 008,5,7452,10.9176,0.148,0.0972,12.005,-0.8647,-0.1907,11.1471,11.4388,0.2009,0.1142,5342,8
E02004917,North Hertfordshire 009,5,6324,20.5936,0.2605,0.148,23.9453,-0.2376,0.0063,19.3605,6.3,0.3728,0.2132,2941,5
E02004918,North Hertfordshire 010,5,8158,8.6583,0.1227,0.0744,5.037,-0.7047,-0.2943,6.3359,25.1279,0.1791,0.1516,5936,9
E02004919,North Hertfordshire 011,5,7639,9.5387,0.1529,0.0906,9.4047,-0.5206,-0.5732,10.836,9.2865,0.1969,0.139,5706,9
E02004920,North Hertfordshire 012,6,11560,10.6679,0.1523,0.0905,11.7012,-0.7691,-0.4019,7.9979,13.4038,0.2187,0.129,5413,8
E02004921,North Hertfordshire 013,5,8007,4.5354,0.0794,0.0524,2.5129,-1.2885,-1.1258,6.638,13.2335,0.112,0.0601,6696,10
E02004922,North Hertfordshire 014,6,10294,12.5524,0.1473,0.0811,9.2597,-0.8431,-0.4806,28.8217,24.9047,0.23,0.1281,4868,8
E02004923,North Hertfordshire 015,6,10579,8.3689,0.1084,0.0723,5.2614,-1.1293,-0.7655,22.176,19.2461,0.1817,0.0847,6014,9
E02004924,St Albans 001,5,7697,2.7945,0.063,0.0416,0.6698,-1.672,-1.4219,9.8997,5.5411,0.0771,0.0788,6827,10
E02004925,St Albans 002,5,7950,5.661,0.1083,0.0663,2.8587,-1.2741,-1.107,6.9806,7.9149,0.1314,0.124,6544,10
E02004926,St Albans 003,5,8259,2.6772,0.0461,0.0389,0.4032,-1.8347,-1.3279,3.515,17.288,0.0607,0.0385,6831,10
E02004927,St Albans 004,4,6836,7.812,0.1121,0.0686,4.9691,-1.3659,-0.6893,21.3797,11.2379,0.1645,0.069,6150,9
E02004928,St Albans 005,4,6823,2.3746,0.0492,0.0312,0.8208,-1.989,-1.547,13.7899,7.6089,0.0711,0.035,6841,10
E02004929,St Albans 006,4,6284,11.6588,0.1278,0.0768,9.787,-1.1442,-0.3118,23.0185,23.7543,0.1999,0.1055,5137,8
E02004930,St Albans 007,4,6942,6.2419,0.1162,0.0659,3.081,-1.1854,-0.8008,13.8161,12.2221,0.1707,0.069,6456,10
E02004931,St Albans 008,4,7134,5.3905,0.1232,0.0719,2.2008,-0.9755,-0.9352,6.585,5.1835,0.1365,0.1215,6585,10
E02004932,St Albans 009,4,7719,14.3334,0.212,0.1222,14.0938,-0.1912,-0.0891,7.5207,11.4758,0.2677,0.1727,4379,7
E02004933,St Albans 010,4,6846,2.3505,0.0504,0.0309,0.2404,-1.9573,-1.1839,3.9334,19.5057,0.0576,0.0384,6843,10
E02004934,St Albans 011,4,7752,8.527,0.1422,0.0669,3.6438,-0.9525,-0.3044,4.1552,25.7735,0.2247,0.1566,5968,9
E02004935,St Albans 012,5,9009,10.167,0.1272,0.0733,2.5561,-0.8576,0.0637,4.1841,35.381,0.1727,0.1503,5542,9
E02004936,St Albans 013,4,6663,3.733,0.081,0.0523,0.8413,-1.2829,-1.2044,4.3295,17.5463,0.1015,0.0562,6766,10
E02004937,St Albans 014,4,7298,3.582,0.052,0.0419,0.8772,-1.6151,-0.7352,6.3638,21.6122,0.0707,0.0334,6781,10
E02004939,St Albans 016,4,6681,14.15,0.2088,0.1207,11.3353,-0.4704,0.0182,8.2204,11.7525,0.2714,0.1561,4428,7
E02004940,St Albans 017,5,7721,14.5438,0.2415,0.112,15.2774,-0.5774,-0.2028,7.8081,13.5419,0.3247,0.2274,4333,7
E02004941,St Albans 018,6,9821,13.8724,0.2056,0.1063,14.5852,-0.5372,-0.2162,17.1286,15.9542,0.3101,0.1478,4492,7
E02004942,St Albans 019,4,6491,12.3225,0.1546,0.098,10.1115,-0.5738,-0.0956,21.0015,10.4564,0.2373,0.1032,4941,8
E02004943,St Albans 020,5,8479,6.9292,0.0894,0.0651,6.3608,-1.0877,-0.5756,20.209,12.7724,0.1396,0.0572,6341,10
E02004944,Stevenage 001,5,8336,19.546,0.2411,0.1314,22.9312,-0.0278,0.1101,23.5721,12.021,0.3634,0.1886,3142,5
E02004945,Stevenage 002,6,12174,14.5837,0.1749,0.1053,16.6737,-0.1976,0.236,17.7824,11.0498,0.2692,0.135,4325,7
E02004946,Stevenage 003,4,6382,22.1518,0.258,0.1465,29.4418,0.2235,0.1042,22.2186,12.2761,0.3753,0.1795,2696,4
E02004948,Stevenage 005,4,6131,19.287,0.2364,0.137,24.9416,0.1928,-0.4089,20.4802,11.7874,0.3696,0.2256,3204,5
E02004949,Stevenage 006,5,8864,22.4074,0.2587,0.1482,26.3863,0.2919,0.551,18.3291,12.7005,0.374,0.2215,2654,4
E02004950,Stevenage 007,4,6839,16.9872,0.2126,0.1132,24.4202,0.0989,0.1942,18.6849,4.8056,0.3281,0.1679,3701,6
E02004951,Stevenage 008,5,8238,26.7135,0.3267,0.1705,30.8889,0.4142,0.7987,15.4177,10.3591,0.4815,0.2675,1974,3
E02004952,Stevenage 009,5,6811,17.1362,0.2125,0.1163,24.3825,0.2425,-0.2537,19.1263,2.4272,0.3214,0.1864,3672,6
E02004953,Stevenage 010,4,6484,21.9657,0.2817,0.1467,29.6486,0.1925,0.3662,17.0306,7.6177,0.4057,0.2468,2727,4
E02004954,Stevenage 011,4,7102,21.5251,0.246,0.1342,26.2236,0.2741,0.2753,23.3236,13.528,0.3638,0.2198,2786,5
E02004955,Stevenage 012,4,5920,16.5233,0.1958,0.1194,23.4727,0.0767,-0.2376,22.4219,4.6215,0.3411,0.1587,3810,6
E02004956,Three Rivers 001,6,9063,11.0154,0.1352,0.0803,11.6011,-0.9079,-0.4394,23.4273,19.4224,0.2146,0.1132,5318,8
E02004957,Three Rivers 002,6,10850,13.3581,0.1831,0.1068,13.0089,-0.4842,-0.1407,21.9167,7.9379,0.2578,0.1341,4637,7
E02004958,Three Rivers 003,4,7759,7.4204,0.0912,0.063,5.018,-1.1389,-0.6157,20.8535,16.1503,0.1276,0.0698,6234,10
E02004959,Three Rivers 004,4,6112,3.7823,0.0429,0.0319,1.9586,-1.4292,-0.9495,22.5135,9.6471,0.0521,0.0489,6764,10
E02004960,Three Rivers 005,4,5850,2.8964,0.0547,0.0335,0.8395,-1.6924,-1.0744,17.8468,10.3569,0.0713,0.064,6823,10
E02004961,Three Rivers 006,6,9750,3.0105,0.0663,0.0401,2.5183,-1.3403,-1.1203,7.0634,16.2596,0.0783,0.0726,6818,10
E02004962,Three Rivers 007,5,9032,8.0021,0.1201,0.0684,6.9082,-0.889,-0.5418,14.1896,14.0271,0.1575,0.1394,6109,9
E02004963,Three Rivers 008,4,7684,15.111,0.215,0.1083,19.6369,-0.5635,-0.1525,19.2311,11.8733,0.3132,0.1881,4182,7
E02004964,Three Rivers 009,4,5725,17.5573,0.1973,0.1151,20.9429,-0.2143,0.0093,26.8531,12.6568,0.2532,0.2167,3582,6
E02004965,Three Rivers 010,4,6956,11.1319,0.1626,0.0907,13.2855,-0.7525,-0.4874,15.4564,14.2504,0.2506,0.1261,5285,8
E02004966,Three Rivers 011,4,7300,2.582,0.0399,0.0253,1.0221,-1.7307,-1.4505,18.0298,9.7713,0.0566,0.0507,6837,10
E02004967,Three Rivers 012,4,8098,22.571,0.28,0.1543,26.639,0.2645,0.1936,19.9057,8.2966,0.3774,0.32,2635,4
E02004968,Watford 001,4,7760,20.3837,0.2432,0.1242,19.5156,-0.0556,0.1313,30.2768,13.3606,0.3661,0.1982,2984,5
E02004969,Watford 002,5,7229,12.879,0.1817,0.0876,14.0328,-0.4885,-0.2742,19.4307,15.1652,0.2765,0.1242,4777,7
E02004970,Watford 003,5,8431,22.0542,0.3111,0.1422,22.8715,0.024,0.1643,20.6076,11.9233,0.4519,0.2358,2708,4
E02004971,Watford 004,5,8630,17.6322,0.2724,0.1073,20.0449,-0.2395,-0.1216,20.8687,14.6305,0.3989,0.2256,3561,6
E02004972,Watford 005,4,6228,6.806,0.1074,0.0605,6.3717,-1.1184,-0.9583,16.6621,19.4693,0.1578,0.0813,6354,10
E02004973,Watford 006,4,8797,17.4556,0.2246,0.0966,18.1547,-0.4648,-0.0941,17.4329,40.5182,0.3424,0.2129,3609,6
E02004974,Watford 007,5,9145,7.926,0.1187,0.0623,3.3436,-0.8834,-0.4706,20.1016,15.443,0.1787,0.1144,6127,9
E02004975,Watford 008,4,8271,5.163,0.0874,0.0565,3.0112,-1.3152,-0.5451,12.963,13.2791,0.1188,0.0692,6620,10
E02004976,Watford 009,7,11857,24.1609,0.265,0.1305,16.1202,0.0071,0.8858,22.6517,35.4463,0.3807,0.3056,2360,4
E02004977,Watford 010,5,9152,18.517,0.2569,0.0905,16.9615,-0.3327,-0.1814,19.7553,41.9298,0.361,0.2565,3385,5
E02004978,Watford 011,6,10264,22.7831,0.3403,0.1387,22.2574,0.2728,-0.0007,20.3991,13.0719,0.4989,0.2809,2590,4
E02004979,Watford 012,4,7279,11.6219,0.1584,0.0803,12.0156,-0.8735,-0.2208,14.6518,25.8688,0.2241,0.1604,5149,8
E02004980,Welwyn Hatfield 001,4,6358,4.0,0.0565,0.0436,3.0672,-1.4808,-1.0685,21.7659,6.8414,0.075,0.0543,6746,10
E02004981,Welwyn Hatfield 002,5,8154,10.4801,0.1389,0.0869,9.077,-0.5257,-0.6615,22.6202,12.2866,0.2029,0.1267,5466,8
E02004982,Welwyn Hatfield 003,4,6060,9.133,0.1402,0.0842,9.089,-0.7694,-0.4381,13.0913,8.2866,0.1991,0.1127,5809,9
E02004983,Welwyn Hatfield 004,4,6144,15.4023,0.2128,0.1288,15.0771,-0.0575,-0.5162,18.0841,7.0311,0.3086,0.186,4106,6
E02004984,Welwyn Hatfield 005,4,6253,16.0432,0.1846,0.1162,15.6718,0.0679,-0.2743,22.9616,6.2429,0.2688,0.154,3929,6
E02004985,Welwyn Hatfield 006,4,7012,8.845,0.1299,0.0839,4.638,-0.6359,-0.3663,9.2147,14.7993,0.15,0.1376,5884,9
E02004986,Welwyn Hatfield 007,6,9063,24.696,0.3195,0.1666,25.4951,0.4419,0.4449,18.3076,8.5431,0.49,0.3267,2275,4
E02004987,Welwyn Hatfield 008,4,7894,13.0525,0.1961,0.1063,16.096,-0.3673,-0.1094,16.5953,3.4256,0.2992,0.1434,4719,7
E02004988,Welwyn Hatfield 009,5,8031,17.02,0.2233,0.1205,20.3821,0.0421,0.2948,17.2669,4.5737,0.2987,0.2207,3696,6
E02004989,Welwyn Hatfield 010,6,12207,13.7822,0.1927,0.0903,14.3223,-0.0904,-0.1101,16.8186,10.8302,0.3127,0.281,4519,7
E02004990,Welwyn Hatfield 011,4,7393,16.043,0.214,0.1065,16.4254,-0.5418,-0.0413,15.8847,19.7734,0.3602,0.21,3930,6
E02004991,Welwyn Hatfield 012,4,8314,20.574,0.2574,0.1249,22.4499,0.036,0.8301,14.9944,11.929,0.4139,0.2335,2943,5
E02004992,Welwyn Hatfield 013,5,10118,16.3449,0.2204,0.0906,24.2936,-0.2402,0.2749,21.3129,7.1293,0.4491,0.2428,3858,6
E02004994,Welwyn Hatfield 015,4,6232,5.2041,0.0612,0.0382,5.7104,-1.6922,-0.8334,21.9345,15.5967,0.1068,0.0422,6610,10
E02004995,Welwyn Hatfield 016,3,5598,5.922,0.0603,0.0395,6.8668,-1.6794,-1.1289,26.1619,10.7609,0.1139,0.0403,6497,10
E02004996,Ashford 001,6,8470,18.337,0.1781,0.1141,13.7182,-0.4223,-0.2016,35.8457,21.2395,0.2473,0.1649,3422,5
E02004997,Ashford 002,6,8534,21.112,0.1626,0.1234,19.9737,-0.3662,-0.0019,37.692,33.3826,0.2754,0.1238,2856,5
E02004998,Ashford 003,4,6880,9.4516,0.1255,0.0825,10.643,-0.5732,-0.1628,19.1008,8.2097,0.1801,0.0772,5726,9
E02005000,Ashford 005,6,12346,26.3995,0.2949,0.1551,27.306,0.1451,0.9672,23.4287,16.1928,0.4277,0.3052,2012,3
E02005001,Ashford 006,6,9993,12.7781,0.1442,0.094,15.9969,-0.2827,-0.0018,20.411,10.7692,0.2152,0.1128,4802,8
E02005002,Ashford 007,6,10298,27.0017,0.3067,0.1625,37.0304,0.042,0.556,27.6447,4.4446,0.446,0.2783,1928,3
E02005003,Ashford 008,5,9384,34.6114,0.3723,0.1803,50.692,0.3138,0.8487,27.523,3.3826,0.4883,0.3912,1114,2
E02005004,Ashford 009,8,11854,15.1167,0.1948,0.1076,17.6545,-0.3054,-0.0227,22.1336,4.3877,0.2946,0.1652,4180,7
E02005005,Ashford 010,6,10907,15.9825,0.1444,0.0838,13.1494,-0.4761,-0.2611,37.8074,22.0523,0.2107,0.1036,3945,6
E02005006,Ashford 011,4,6434,21.0748,0.1568,0.0981,22.3754,-0.5853,-0.3682,46.3235,33.1431,0.279,0.1084,2863,5
E02005007,Ashford 012,5,9613,17.6892,0.1486,0.1068,18.9577,-0.3692,-0.1682,36.9234,20.0253,0.2174,0.1329,3555,6
E02005008,Ashford 013,6,8804,16.0089,0.1608,0.1042,22.7622,-0.4844,-0.3248,30.2599,15.2342,0.3048,0.1059,3937,6
E02005009,Ashford 014,4,6129,20.5974,0.1503,0.1042,23.4205,-0.4554,-0.4202,41.1985,36.2134,0.2605,0.1049,2940,5
E02005010,Canterbury 001,5,7541,32.8906,0.3032,0.2114,28.7152,0.5467,1.0167,18.7006,36.7108,0.4554,0.237,1262,2
E02005011,Canterbury 002,4,7507,12.5722,0.132,0.1053,16.3171,-0.2844,-0.5561,25.1999,6.172,0.2545,0.0851,4862,8
E02005012,Canterbury 003,5,9049,21.6245,0.2285,0.1553,29.3691,0.0666,0.3255,16.5793,15.1891,0.385,0.1571,2771,5
E02005013,Canterbury 004,5,8122,23.326,0.235,0.1751,26.4909,0.2092,0.286,24.5613,7.4656,0.3486,0.1526,2495,4
E02005014,Canterbury 005,5,8360,7.1369,0.0779,0.0747,8.6675,-0.634,-0.8845,23.5599,4.1519,0.1347,0.0502,6305,10
E02005015,Canterbury 006,5,9903,14.1962,0.1711,0.1076,14.0165,-0.2634,-0.4282,27.8202,5.8007,0.273,0.0925,4414,7
E02005016,Canterbury 007,5,7811,15.4946,0.195,0.1221,16.7206,-0.3846,0.0084,18.2261,7.0755,0.2947,0.165,4084,6
E02005017,Canterbury 008,5,6633,13.1835,0.1537,0.0966,8.4593,-0.575,0.3496,16.8127,23.3129,0.2402,0.1358,4681,7
E02005018,Canterbury 009,5,8735,15.5863,0.1544,0.118,18.061,-0.2693,-0.0195,26.6148,5.5569,0.2553,0.0799,4061,6
E02005019,Canterbury 010,4,6790,19.6836,0.1896,0.1161,17.6386,-0.2541,-0.0526,36.0159,23.9582,0.3035,0.1305,3110,5
E02005020,Canterbury 011,5,7459,24.5107,0.2603,0.1508,29.1095,-0.0698,0.3691,28.862,11.367,0.3991,0.2082,2302,4
E02005021,Canterbury 012,5,11307,7.7931,0.0561,0.0472,7.2455,-0.9572,-0.8412,31.295,11.5216,0.1225,0.0725,6153,9
E02005022,Canterbury 013,5,8046,25.5642,0.2697,0.142,30.4854,0.0065,0.7845,31.5556,7.5773,0.4933,0.2107,2144,4
E02005023,Canterbury 014,5,9855,42.2233,0.4247,0.2152,50.0621,0.9647,1.5949,25.108,9.6827,0.6703,0.4421,623,1
E02005025,Canterbury 016,5,10060,11.4691,0.1364,0.0843,9.8089,-0.627,-0.0777,18.8306,17.6705,0.2595,0.1093,5187,8
E02005026,Canterbury 017,4,8153,19.3288,0.1779,0.1023,13.6424,-0.5039,-0.1728,44.6762,20.5602,0.293,0.1249,3194,5
E02005027,Canterbury 018,4,5571,15.8876,0.1136,0.1107,7.9276,-0.4065,-0.3224,39.0442,21.3641,0.1691,0.0958,3973,6
E02005028,Dartford 001,9,14647,22.2832,0.2513,0.1326,17.279,0.2185,0.6196,28.2436,8.5922,0.3198,0.3362,2671,4
E02005029,Dartford 002,7,15894,12.9227,0.1644,0.0774,9.4302,-0.3438,0.375,23.8205,10.2505,0.2455,0.1966,4762,7
E02005030,Dartford 003,6,12613,15.3611,0.1854,0.092,10.6673,-0.3145,0.4383,20.7015,21.7109,0.2825,0.1522,4121,7
E02005031,Dartford 004,5,8180,27.2752,0.2749,0.164,30.7416,0.2633,0.9044,27.5052,12.0292,0.3901,0.2335,1891,3
E02005032,Dartford 005,5,9810,21.656,0.208,0.1157,15.8281,0.0355,0.8799,26.6186,29.0992,0.3357,0.1315,2768,5
E02005033,Dartford 006,4,7631,23.0261,0.2295,0.1344,20.8121,0.2586,0.4631,32.8695,12.9757,0.3173,0.2228,2544,4
E02005034,Dartford 007,5,7626,6.3265,0.0795,0.0512,7.7115,-0.7448,-0.2864,14.3587,19.0115,0.1295,0.0367,6445,10
E02005035,Dartford 008,5,8691,13.3432,0.1347,0.0744,11.1939,-0.3007,0.2512,24.6967,20.0584,0.2074,0.0897,4644,7
E02005036,Dartford 009,4,6828,28.1161,0.3088,0.1746,26.3422,0.4182,0.6968,25.1947,20.5702,0.3981,0.3043,1799,3
E02005037,Dartford 010,4,7124,8.3521,0.091,0.0696,10.9307,-0.5797,-0.2273,18.7247,8.1241,0.1217,0.0826,6019,9
E02005038,Dartford 011,4,6086,12.8279,0.1038,0.0811,11.9921,-0.4262,-0.0647,30.8849,18.2517,0.1403,0.094,4792,7
E02005039,Dartford 012,5,6806,23.6947,0.2006,0.117,24.9858,0.1829,0.3437,42.3496,15.258,0.2986,0.1562,2452,4
E02005040,Dartford 013,4,6874,10.5557,0.0858,0.0745,13.4734,-0.676,-0.4924,31.6284,9.3175,0.1483,0.0437,5446,8
E02005041,Dover 001,4,7383,18.695,0.1725,0.1087,11.7277,-0.5411,-0.2949,42.0165,26.7964,0.2789,0.131,3353,5
E02005042,Dover 002,5,9048,17.8094,0.1906,0.126,17.3795,-0.2404,-0.136,29.7254,15.3742,0.3257,0.1373,3531,6
E02005043,Dover 003,5,7179,18.363,0.2031,0.1461,20.582,0.0584,0.0329,19.0559,12.0434,0.3729,0.1448,3413,5
E02005044,Dover 004,4,6024,17.8613,0.1653,0.1211,15.1949,-0.1742,0.3435,17.7113,35.6137,0.3434,0.1148,3523,6
E02005045,Dover 005,6,9431,22.5721,0.2426,0.1595,26.7681,0.1993,0.2207,24.7796,9.419,0.3604,0.1651,2634,4
E02005046,Dover 006,5,9281,25.5687,0.252,0.1487,38.3889,0.0908,0.0631,36.4866,5.7592,0.38,0.2096,2143,4
E02005047,Dover 007,5,7538,24.8412,0.2648,0.1684,29.1359,0.2951,0.537,22.3416,10.8942,0.4329,0.1936,2244,4
E02005048,Dover 008,4,6669,17.5211,0.1285,0.0983,11.7875,-0.3321,-0.445,44.331,21.5033,0.2406,0.0852,3593,6
E02005049,Dover 009,4,6926,13.2693,0.1062,0.0968,7.4655,-0.528,-0.3483,36.4871,15.7023,0.1907,0.0669,4662,7
E02005050,Dover 010,5,10039,12.6058,0.1194,0.0877,15.1051,-0.4458,-0.2955,30.9863,6.5706,0.1847,0.0724,4848,8
E02005051,Dover 011,8,13569,41.3144,0.4156,0.2441,47.13,0.8039,1.0734,27.2123,14.558,0.5939,0.2886,669,1
E02005052,Dover 012,5,8551,38.3614,0.3306,0.2153,41.1136,0.4799,1.1136,30.3363,32.6288,0.4966,0.2333,842,2
E02005053,Dover 013,5,9125,45.6782,0.4127,0.2503,53.0267,0.7718,1.2699,30.3416,30.688,0.6101,0.281,484,1
E02005054,Dover 014,4,6783,15.703,0.122,0.101,18.5854,-0.3444,-0.3284,34.2427,17.3347,0.21,0.0915,4028,6
E02005055,Gravesham 001,4,8388,35.5881,0.3806,0.1949,39.3777,0.3959,0.8935,30.8149,17.8057,0.5249,0.3017,1034,2
E02005056,Gravesham 002,6,10011,40.3785,0.3785,0.2155,38.7796,0.6374,1.4633,27.5108,37.1015,0.5627,0.3606,722,2
E02005057,Gravesham 003,5,11283,26.1412,0.275,0.1588,31.1928,0.1622,0.7808,24.6706,16.0766,0.3861,0.2331,2058,4
E02005058,Gravesham 004,5,7953,27.2896,0.2888,0.1594,33.1518,0.2743,0.8176,18.8277,26.8761,0.4121,0.2394,1887,3
E02005059,Gravesham 005,6,9585,13.0201,0.1351,0.0843,12.4209,-0.4062,0.2605,13.5678,31.2266,0.1992,0.1129,4732,7
E02005060,Gravesham 006,6,8873,20.2901,0.2428,0.1315,27.9094,0.1082,0.2962,17.4562,12.8391,0.3502,0.2169,3001,5
E02005061,Gravesham 007,5,7521,32.1224,0.3242,0.1963,36.3673,0.7258,1.1499,20.5235,5.8657,0.4285,0.2868,1345,2
E02005062,Gravesham 008,5,7064,16.6525,0.181,0.1076,22.7412,-0.1653,0.3884,20.8316,6.0222,0.2681,0.112,3779,6
E02005063,Gravesham 009,4,7550,19.0689,0.213,0.1253,22.7281,-0.1967,0.5026,22.9474,11.0069,0.3173,0.1364,3260,5
E02005064,Gravesham 010,5,6653,13.5819,0.11,0.0791,14.5829,-0.513,0.0397,32.8247,18.2395,0.1683,0.0828,4573,7
E02005065,Gravesham 011,5,8368,32.1911,0.3391,0.1931,37.799,0.5576,0.8655,27.5145,6.1983,0.4581,0.3226,1331,2
E02005066,Gravesham 012,5,7629,8.8621,0.0795,0.0591,11.2866,-0.7391,-0.3849,29.0475,8.3863,0.1325,0.0632,5876,9
E02005067,Gravesham 013,4,5992,12.4542,0.0858,0.0631,16.3397,-0.7215,-0.0629,36.4313,16.9928,0.1369,0.0626,4891,8
E02005068,Maidstone 001,4,7319,10.7616,0.0944,0.0546,9.628,-1.01,-0.2986,35.2626,15.7587,0.1504,0.0709,5390,8
E02005069,Maidstone 002,5,9378,9.7562,0.1243,0.0729,10.5613,-0.7763,-0.269,20.9449,16.7142,0.207,0.0786,5638,9
E02005070,Maidstone 003,6,10091,4.6839,0.0742,0.0544,7.4353,-0.893,-0.9635,17.2334,5.512,0.1245,0.0416,6678,10
E02005071,Maidstone 004,7,12813,29.3475,0.2741,0.1669,30.1391,0.3039,1.0138,28.299,23.3847,0.4777,0.3229,1645,3
E02005072,Maidstone 005,5,8101,5.1816,0.071,0.0487,5.649,-0.9842,-0.9107,20.78,4.9257,0.1052,0.0575,6615,10
E02005073,Maidstone 006,6,12420,21.4338,0.2121,0.1203,18.1296,0.173,0.8449,22.1504,27.0563,0.2972,0.2046,2804,5
E02005074,Maidstone 007,5,8033,6.9293,0.0812,0.0616,7.4268,-0.9107,-0.8395,25.463,6.8594,0.1193,0.0629,6340,10
E02005075,Maidstone 008,6,11110,17.0339,0.1975,0.1086,18.2605,-0.128,0.3294,23.8089,11.5351,0.2764,0.1968,3692,6
E02005076,Maidstone 009,5,10192,23.7104,0.2616,0.1379,28.507,0.1205,0.5384,25.7315,14.2677,0.3981,0.214,2445,4
E02005077,Maidstone 010,5,8174,22.2626,0.2353,0.1474,32.5936,0.075,0.5966,21.6585,5.7737,0.356,0.1961,2678,4
E02005078,Maidstone 011,5,10100,20.3513,0.1722,0.1088,19.5226,-0.4461,0.0954,37.7094,29.8093,0.344,0.0953,2988,5
E02005079,Maidstone 012,5,9205,10.9055,0.1201,0.0783,11.993,-0.7777,-0.3059,29.5417,8.8303,0.1922,0.0753,5346,8
E02005080,Maidstone 013,8,12381,39.2569,0.4085,0.2303,46.9446,0.69,1.0421,27.522,6.8203,0.5517,0.3245,791,2
E02005081,Maidstone 014,4,7133,15.7566,0.1314,0.0966,14.5872,-0.5348,-0.2537,32.3466,27.521,0.1811,0.1183,4014,6
E02005082,Maidstone 015,7,12634,17.6426,0.1775,0.1009,18.56,-0.3566,0.0404,36.3717,11.0806,0.2866,0.1247,3559,6
E02005083,Maidstone 016,4,8304,16.1224,0.1571,0.0977,18.2513,-0.5255,-0.2878,38.7023,8.9186,0.2809,0.101,3915,6
E02005084,Maidstone 017,4,7868,21.2705,0.1765,0.099,24.6866,-0.5944,0.1874,44.1134,24.7312,0.3434,0.091,2833,5
E02005085,Maidstone 018,4,8211,19.5784,0.1649,0.1003,16.5208,-0.5557,0.0096,40.2945,30.6235,0.2919,0.1037,3134,5
E02005086,Maidstone 019,4,7102,15.1369,0.1728,0.0877,17.5809,-0.4169,-0.0213,33.0608,8.6463,0.3296,0.0923,4174,7
E02005087,Sevenoaks 001,5,7097,14.2407,0.1436,0.0905,22.0578,-0.5407,-0.2148,28.2326,13.2333,0.2471,0.0733,4401,7
E02005088,Sevenoaks 002,6,9926,33.2678,0.3443,0.2092,42.6707,0.4574,0.9294,23.9255,10.126,0.4673,0.2961,1223,2
E02005089,Sevenoaks 003,4,6992,12.3722,0.1334,0.0788,19.4624,-0.9536,-0.1969,23.5214,18.1888,0.2302,0.0832,4920,8
E02005090,Sevenoaks 004,4,5872,11.4078,0.0955,0.0715,15.1889,-0.811,-0.296,29.9555,10.0147,0.1317,0.0819,5203,8
E02005091,Sevenoaks 005,4,6822,16.9548,0.1401,0.0865,16.2481,-0.7494,0.1623,40.2053,20.9448,0.2315,0.0952,3712,6
E02005093,Sevenoaks 007,4,6057,18.019,0.1362,0.0944,24.0028,-0.5722,-0.003,40.3329,20.9861,0.2265,0.11,3492,6
E02005094,Sevenoaks 008,6,9854,12.1448,0.115,0.0649,12.2737,-0.9088,-0.3252,31.8801,24.0833,0.1839,0.1127,4990,8
E02005095,Sevenoaks 009,5,7527,8.8544,0.0964,0.0611,9.0983,-1.2559,-0.5165,28.8817,9.7057,0.1355,0.0675,5881,9
E02005096,Sevenoaks 010,6,9992,13.0926,0.1619,0.0948,12.8013,-0.4961,0.0011,20.8974,13.4395,0.2096,0.1531,4711,7
E02005097,Sevenoaks 011,6,9690,3.3165,0.0428,0.0377,1.028,-1.6506,-0.7123,19.4608,8.8331,0.0577,0.0392,6801,10
E02005098,Sevenoaks 012,6,10236,6.6752,0.0753,0.0519,3.1687,-1.1425,-0.2748,20.619,19.3037,0.086,0.0823,6377,10
E02005099,Sevenoaks 013,5,7978,15.2847,0.127,0.0773,12.7814,-1.0769,-0.0831,33.021,34.4521,0.206,0.1038,4139,7
E02005100,Sevenoaks 014,6,10064,18.2296,0.189,0.1043,25.5164,-0.3502,0.2458,28.4284,13.5177,0.3012,0.1354,3448,6
E02005101,Sevenoaks 015,4,7006,15.759,0.1088,0.0648,6.695,-1.0985,-0.5432,41.4106,46.9377,0.1587,0.1009,4011,6
E02005102,Folkestone and Hythe 001,4,6225,16.4511,0.1104,0.1011,9.9043,-0.4974,-0.9303,40.517,32.9772,0.1789,0.0765,3834,6
E02005103,Folkestone and Hythe 002,5,9988,17.8966,0.1971,0.1251,20.1314,0.1318,0.2911,23.9901,3.1454,0.2856,0.1588,3512,6
E02005104,Folkestone and Hythe 003,5,7953,33.4367,0.3461,0.2176,40.6138,0.6509,0.5603,21.3418,11.5684,0.4665,0.2932,1205,2
E02005105,Folkestone and Hythe 004,5,7629,38.811,0.4141,0.2296,37.3251,0.7902,1.0868,18.3216,35.9734,0.5945,0.3112,812,2
E02005106,Folkestone and Hythe 005,6,10076,21.849,0.264,0.1541,24.6982,0.2826,0.1672,21.1956,10.2621,0.3868,0.2541,2748,5
E02005107,Folkestone and Hythe 006,8,13311,13.8598,0.1641,0.1103,12.7342,-0.0718,-0.0929,15.8731,17.1912,0.2746,0.113,4496,7
E02005109,Folkestone and Hythe 008,4,6622,8.9722,0.0757,0.0661,5.9821,-0.6183,-0.4109,27.6758,16.7896,0.1226,0.0603,5851,9
E02005110,Folkestone and Hythe 009,4,7391,19.2141,0.1354,0.1085,20.5829,-0.0837,-0.4649,42.6393,18.4479,0.2222,0.0933,3221,5
E02005111,Folkestone and Hythe 010,5,7300,24.6346,0.2309,0.1673,32.3402,0.337,-0.0352,26.2277,18.6904,0.3915,0.1734,2283,4
E02005112,Folkestone and Hythe 011,5,7022,31.9942,0.2249,0.176,35.5453,0.4111,0.1447,52.7387,22.5168,0.371,0.1649,1352,2
E02005113,Folkestone and Hythe 012,4,7288,24.2288,0.1935,0.1511,35.552,0.3183,-0.1727,36.761,7.0435,0.3441,0.1209,2344,4
E02005114,Folkestone and Hythe 013,4,6273,32.9798,0.26,0.1819,47.5719,0.5042,-0.0516,45.7513,15.1873,0.4812,0.1545,1251,2
E02005115,Swale 001,4,6669,59.8438,0.503,0.3045,75.9252,0.9863,1.6498,28.4077,45.4978,0.7048,0.311,91,1
E02005116,Swale 002,4,6575,59.6378,0.5279,0.3314,79.1504,1.2538,1.1779,30.5273,16.2844,0.6939,0.4282,95,1
E02005117,Swale 003,4,6652,23.0199,0.1815,0.1503,34.2706,0.2862,0.1324,31.6232,4.6489,0.259,0.1384,2546,4
E02005118,Swale 004,7,10996,25.4115,0.2344,0.1499,38.4656,0.2366,0.274,32.4544,6.3456,0.3566,0.1769,2166,4
E02005119,Swale 005,4,6776,33.1899,0.288,0.1864,53.5661,0.5184,0.5541,32.2741,10.6858,0.4394,0.2148,1232,2
E02005120,Swale 006,5,9760,39.4111,0.2471,0.1754,61.9626,0.8625,0.8271,47.646,17.9338,0.5251,0.2134,779,2
E02005121,Swale 007,8,14195,18.8823,0.1968,0.1201,24.4276,0.026,0.0815,30.2763,3.5103,0.3009,0.1596,3300,5
E02005122,Swale 008,5,8039,19.0862,0.1616,0.1052,22.8683,-0.2212,0.0157,39.707,13.8644,0.2806,0.1118,3256,5
E02005123,Swale 009,7,13110,19.8345,0.1879,0.1192,26.5868,-0.0384,0.5808,23.5187,14.2597,0.2861,0.1255,3088,5
E02005124,Swale 010,5,9183,41.5664,0.3898,0.2355,49.933,0.8399,1.2469,22.5194,22.4018,0.5532,0.3149,659,1
E02005125,Swale 011,5,8601,24.8091,0.2575,0.1533,36.1754,0.2609,0.5627,24.6076,6.4503,0.3883,0.1809,2251,4
E02005126,Swale 012,5,8117,15.9999,0.1762,0.1155,25.4842,-0.0797,-0.1677,15.1843,15.3109,0.2805,0.1138,3939,6
E02005127,Swale 013,6,9000,11.6103,0.1177,0.0827,11.2889,-0.3732,-0.254,21.6859,16.5075,0.1771,0.0888,5152,8
E02005128,Swale 014,6,9622,17.9491,0.2082,0.1286,24.2051,-0.0697,0.141,17.0463,10.0075,0.3274,0.1536,3499,6
E02005129,Swale 015,6,11823,22.3602,0.2292,0.151,28.1849,-0.0636,0.4828,15.8735,20.3665,0.3436,0.2006,2660,4
E02005130,Swale 016,5,9911,23.771,0.1956,0.1237,27.0096,-0.2426,0.0821,42.6152,27.806,0.3038,0.1637,2439,4
E02005131,Swale 017,4,5876,19.7987,0.1617,0.0976,16.7655,-0.5379,0.0862,42.3556,30.3128,0.2422,0.1338,3096,5
E02005132,Thanet 001,6,10622,62.2745,0.5103,0.3404,64.5089,1.2671,1.8236,35.1689,35.5584,0.6656,0.4724,58,1
E02005133,Thanet 002,5,8634,14.6035,0.1427,0.1153,14.4444,-0.2639,-0.0681,27.6289,7.8059,0.227,0.1077,4313,7
E02005134,Thanet 003,5,7872,50.4321,0.4354,0.2847,46.7431,1.1112,1.505,30.4135,38.5556,0.5786,0.3616,307,1
E02005135,Thanet 004,5,7905,32.9756,0.3393,0.2059,34.2838,0.6095,0.6703,25.1301,25.3548,0.472,0.2686,1252,2
E02005136,Thanet 005,5,7968,22.3682,0.2143,0.1578,24.0613,0.2923,0.3015,23.6527,13.3846,0.3098,0.1682,2659,4
E02005137,Thanet 006,5,7601,51.0694,0.4874,0.3156,48.7882,1.0963,1.4563,32.7628,8.7107,0.6593,0.328,295,1
E02005138,Thanet 007,5,8906,25.7779,0.2677,0.1821,25.2456,0.3626,0.3244,26.507,14.5177,0.4154,0.2261,2110,4
E02005139,Thanet 008,5,8923,18.6833,0.1598,0.1337,21.4694,-0.0034,-0.3136,32.6866,13.03,0.3222,0.0939,3356,5
E02005140,Thanet 009,5,7506,12.7775,0.1483,0.1146,9.4847,-0.2884,-0.3037,20.3874,14.1148,0.2396,0.1092,4803,8
E02005141,Thanet 010,5,6970,17.3726,0.1668,0.1222,14.6194,-0.1152,0.339,18.3634,27.1229,0.2785,0.1027,3629,6
E02005142,Thanet 011,5,7327,25.5969,0.2738,0.1777,27.0971,0.3773,0.5077,22.4332,14.1882,0.4935,0.1586,2138,4
E02005143,Thanet 012,5,8267,26.4536,0.2792,0.1796,26.6594,0.2528,0.5667,19.5985,22.1704,0.4316,0.1665,2003,3
E02005144,Thanet 013,5,8933,52.7902,0.5059,0.3157,56.7489,1.166,1.3027,28.1211,10.0148,0.6885,0.3605,243,1
E02005145,Thanet 014,5,8185,23.026,0.2362,0.1307,22.1664,0.0697,0.2898,36.0362,17.014,0.3795,0.1641,2545,4
E02005146,Thanet 015,5,8273,29.8669,0.3023,0.1725,27.3285,0.4644,0.867,21.0673,36.5798,0.4412,0.2206,1570,3
E02005147,Thanet 016,5,8901,49.4918,0.4516,0.2955,39.0943,1.0022,1.7726,26.5815,36.3527,0.6353,0.3471,346,1
E02005148,Thanet 017,5,7890,15.9048,0.1682,0.1138,18.5463,-0.1362,0.0617,25.259,7.52,0.3173,0.1154,3966,6
E02005149,Tonbridge and Malling 001,8,12398,13.2734,0.1215,0.0794,14.0992,-0.4919,-0.1386,32.4282,14.1657,0.1889,0.0913,4657,7
E02005150,Tonbridge and Malling 002,7,11942,18.6793,0.2102,0.1209,26.5921,-0.1182,0.3776,19.7502,10.1532,0.3123,0.1918,3358,5
E02005151,Tonbridge and Malling 003,8,12887,13.0805,0.1582,0.0978,18.5693,-0.5597,-0.0078,18.9796,7.0116,0.2328,0.1277,4716,7
E02005153,Tonbridge and Malling 005,5,9546,15.0313,0.1982,0.1171,20.3213,-0.4319,-0.2803,17.8539,9.3765,0.2821,0.154,4200,7
E02005154,Tonbridge and Malling 006,6,11731,11.442,0.1215,0.0675,12.43,-1.0472,-0.3592,27.2317,19.8301,0.1986,0.0863,5193,8
E02005155,Tonbridge and Malling 007,7,12884,7.4577,0.1008,0.0591,4.8988,-1.0121,-0.8516,26.1942,9.3339,0.1312,0.0936,6224,10
E02005156,Tonbridge and Malling 008,4,7244,15.5366,0.1603,0.1008,18.1222,-0.7425,-0.2396,31.5765,16.3449,0.2643,0.1088,4074,6
E02005157,Tonbridge and Malling 009,5,6789,21.3495,0.2482,0.1496,28.4787,-0.1034,0.372,16.0315,5.3942,0.3232,0.1949,2818,5
E02005158,Tonbridge and Malling 010,4,6589,5.7511,0.0757,0.0611,4.6971,-1.1401,-0.6341,21.1477,7.9881,0.0949,0.0733,6530,10
E02005159,Tonbridge and Malling 011,5,7672,12.0147,0.157,0.1039,16.2384,-0.5874,-0.5147,17.1561,3.0567,0.2152,0.1065,5021,8
E02005160,Tonbridge and Malling 012,7,12708,12.4224,0.1586,0.0912,12.4983,-0.552,0.2451,10.6876,19.5026,0.2159,0.144,4904,8
E02005161,Tonbridge and Malling 013,5,8639,9.3873,0.151,0.0769,6.4677,-0.6563,-0.2136,9.0871,20.9769,0.2203,0.1333,5745,9
E02005162,Tunbridge Wells 001,7,10795,15.3792,0.1795,0.1007,16.2843,-0.3917,-0.1509,28.9241,11.8283,0.2882,0.1342,4116,7
E02005163,Tunbridge Wells 002,5,8003,9.9609,0.1288,0.0822,9.0483,-0.5719,-0.2074,14.5484,17.3671,0.1511,0.1035,5593,9
E02005164,Tunbridge Wells 003,5,9119,13.6181,0.1813,0.1065,9.711,-0.3166,0.2611,16.6745,13.4524,0.2361,0.1556,4565,7
E02005165,Tunbridge Wells 004,5,7467,13.0931,0.1153,0.079,7.8462,-0.4127,-0.3856,34.5054,21.0747,0.1464,0.1039,4710,7
E02005166,Tunbridge Wells 005,4,6875,28.5561,0.3196,0.175,35.1418,0.6043,0.7729,20.7947,7.8254,0.3982,0.2705,1746,3
E02005167,Tunbridge Wells 006,5,7783,7.1813,0.0679,0.0507,3.6498,-1.0553,-1.1552,28.5989,17.4355,0.0815,0.0654,6295,10
E02005168,Tunbridge Wells 007,4,7646,5.8524,0.0724,0.0497,2.6252,-0.8537,-0.4573,11.4206,24.6624,0.0838,0.0688,6507,10
E02005169,Tunbridge Wells 008,5,9195,14.3406,0.1767,0.0999,7.4597,-0.55,0.4543,15.9352,27.0015,0.249,0.2245,4378,7
E02005170,Tunbridge Wells 009,5,9915,7.7205,0.1124,0.0714,3.9373,-0.6741,-0.4619,15.4844,18.8492,0.1502,0.0995,6167,9
E02005171,Tunbridge Wells 010,4,6152,25.4771,0.2697,0.1575,31.7713,0.1998,0.8595,22.0678,13.0974,0.3652,0.2369,2157,4
E02005172,Tunbridge Wells 011,5,8345,17.3843,0.1073,0.0661,7.4419,-1.1093,-0.677,44.0132,54.2795,0.1451,0.0907,3626,6
E02005173,Tunbridge Wells 012,5,8454,4.6869,0.0657,0.0489,1.663,-1.2955,-0.7715,16.8697,14.6346,0.0816,0.0585,6677,10
E02005174,Tunbridge Wells 013,5,7731,19.0925,0.1982,0.1122,16.3258,-0.5655,0.0144,36.6368,21.111,0.3035,0.1333,3254,5
E02005175,Tunbridge Wells 014,5,8695,17.4901,0.1561,0.0878,14.4812,-0.7514,-0.3542,42.4102,25.5947,0.2255,0.1233,3600,6
E02005176,Burnley 001,6,9176,23.3154,0.261,0.152,24.6546,0.4545,-0.151,20.3285,24.4159,0.4242,0.1329,2496,4
E02005177,Burnley 002,4,6930,41.2138,0.4023,0.199,44.9153,0.8374,0.6376,20.6284,62.7458,0.6095,0.2566,676,1
E02005178,Burnley 003,6,12095,57.4219,0.566,0.2365,61.7323,1.1123,0.8955,32.0155,70.8362,0.7029,0.5581,126,1
E02005179,Burnley 004,6,9464,41.7464,0.3825,0.2414,36.6006,1.2092,0.9064,20.1113,42.7782,0.5276,0.2617,652,1
E02005180,Burnley 005,5,7182,14.9944,0.1306,0.114,14.0655,0.4347,-0.2562,17.8816,12.7132,0.1906,0.1115,4211,7
E02005181,Burnley 006,4,6784,38.4283,0.3368,0.2167,35.0362,1.1433,1.1486,15.6307,43.4116,0.4929,0.197,835,2
E02005182,Burnley 007,4,6382,57.3819,0.4588,0.2801,60.3534,1.5553,1.5441,16.3346,64.1528,0.6254,0.3528,127,1
E02005183,Burnley 008,4,5990,32.919,0.3075,0.214,34.239,1.1403,0.3105,18.7479,13.5361,0.4033,0.2471,1260,2
E02005184,Burnley 009,4,5028,14.0486,0.0989,0.0859,8.1119,0.0692,-0.7319,31.7478,28.508,0.1744,0.0895,4450,7
E02005185,Burnley 010,6,9740,61.7258,0.5173,0.3182,64.3864,1.7333,1.819,19.2681,43.9825,0.7266,0.3612,64,1
E02005186,Burnley 011,4,6260,16.7807,0.1598,0.111,15.795,0.3425,-0.2119,23.9718,18.7577,0.2633,0.1003,3757,6
E02005189,Chorley 001,4,5225,36.806,0.3596,0.2356,42.0394,1.1632,0.8162,15.0438,7.9395,0.4742,0.2773,953,2
E02005190,Chorley 002,4,6116,11.5182,0.0825,0.068,3.2822,-0.6292,-0.6069,30.4713,37.3904,0.1312,0.0661,5174,8
E02005191,Chorley 003,6,9992,9.2229,0.1138,0.0864,7.5988,-0.1479,-0.339,15.6702,7.0652,0.1678,0.0745,5785,9
E02005192,Chorley 004,5,8980,7.0755,0.0931,0.0679,3.4095,-0.4344,-0.6017,18.1673,9.8699,0.1253,0.105,6311,10
E02005193,Chorley 005,6,8985,8.0648,0.1025,0.0781,6.0998,-0.231,-0.9317,17.4087,9.7623,0.1644,0.0667,6084,9
E02005194,Chorley 006,5,7971,22.5808,0.242,0.1539,18.2779,0.5415,0.3293,9.2832,30.0527,0.3938,0.1409,2632,4
E02005195,Chorley 007,4,7937,11.6237,0.0761,0.0573,8.2719,-0.0566,-0.7652,34.0431,19.1016,0.1655,0.0576,5148,8
E02005196,Chorley 008,7,11377,12.6839,0.1495,0.104,7.2444,0.3369,-0.2155,13.0708,7.1006,0.2116,0.1227,4823,8
E02005197,Chorley 009,4,7190,29.2878,0.3114,0.1869,24.2958,0.9594,0.5678,8.0586,29.0345,0.3833,0.2975,1653,3
E02005198,Chorley 010,5,9787,24.902,0.2405,0.1652,19.2387,0.5397,0.5292,8.4129,28.2556,0.3371,0.1697,2234,4
E02005199,Chorley 011,5,7583,8.6643,0.0791,0.0625,5.3148,-0.3128,-0.6413,25.251,17.4611,0.1243,0.0709,5932,9
E02005200,Chorley 012,5,9162,24.157,0.2596,0.1681,23.2867,0.5841,0.3933,12.7135,12.7402,0.3986,0.1942,2364,4
E02005201,Chorley 013,5,8263,20.1371,0.1916,0.1352,20.3362,0.4528,-0.0154,22.2451,20.5598,0.2736,0.1385,3019,5
E02005202,Chorley 014,5,10055,12.733,0.1197,0.0953,10.5353,-0.119,-0.0008,15.1904,26.7571,0.1787,0.1128,4812,8
E02005203,Fylde 001,5,8786,15.6751,0.1653,0.1003,12.5896,0.1825,-0.2171,27.5353,14.9275,0.2842,0.1127,4037,6
E02005204,Fylde 002,7,12899,14.8175,0.1748,0.112,16.3864,0.0741,-0.2898,14.9443,13.3639,0.2919,0.1291,4251,7
E02005205,Fylde 003,4,6731,14.0338,0.1534,0.1013,15.3089,-0.199,-0.5363,26.5575,11.2019,0.2784,0.08,4454,7
E02005206,Fylde 004,5,7776,22.4731,0.258,0.1691,22.4942,0.4379,-0.2215,15.6552,15.0321,0.3697,0.1757,2643,4
E02005207,Fylde 005,5,8768,11.5264,0.1382,0.1013,13.991,-0.1851,-0.8013,17.0672,10.0421,0.2303,0.0996,5170,8
E02005208,Fylde 006,7,10113,26.1693,0.2229,0.1837,17.8645,0.6903,0.3224,9.4444,40.397,0.3219,0.171,2054,3
E02005209,Fylde 007,5,9153,15.5009,0.1782,0.1093,17.4541,0.0705,-0.6476,25.7367,11.2639,0.3116,0.1259,4083,6
E02005210,Fylde 008,7,10345,11.0131,0.1192,0.0957,5.4872,-0.0887,-0.6679,15.0325,25.3793,0.1386,0.1189,5319,8
E02005211,Fylde 009,6,8419,10.0197,0.1135,0.0865,6.7971,-0.3041,-0.6014,14.5552,24.4644,0.1777,0.0896,5583,9
E02005212,Hyndburn 001,7,11011,30.037,0.2632,0.1689,27.9118,0.8007,0.4319,17.5618,45.478,0.3906,0.184,1548,3
E02005213,Hyndburn 002,7,11471,26.9123,0.2478,0.1618,21.7592,0.6995,0.2927,21.1645,30.7475,0.3752,0.1625,1938,3
E02005214,Hyndburn 003,5,6700,30.879,0.2858,0.1839,23.9707,0.8687,0.5413,15.7918,44.248,0.4184,0.2119,1464,3
E02005215,Hyndburn 004,8,12757,37.8425,0.3545,0.2206,27.7423,1.0338,0.8975,17.6199,44.3831,0.5078,0.2374,874,2
E02005216,Hyndburn 005,4,5442,41.2878,0.3953,0.2332,37.4196,1.053,0.6363,19.7338,39.8741,0.5293,0.2994,671,1
E02005217,Hyndburn 006,7,13551,57.8439,0.5474,0.2853,61.4503,1.3128,0.9846,27.6612,54.7257,0.6416,0.4767,120,1
E02005218,Hyndburn 007,5,7490,33.6263,0.3158,0.1923,25.2277,1.1262,0.7277,16.7436,39.3791,0.4629,0.2656,1189,2
E02005219,Hyndburn 008,6,8761,28.2398,0.2589,0.1691,17.5266,0.5965,0.5003,19.8084,36.2661,0.3866,0.1569,1778,3
E02005220,Hyndburn 009,4,6032,18.4702,0.1512,0.1202,16.3911,0.289,-0.0736,23.4921,28.8952,0.2535,0.116,3393,5
E02005221,Lancaster 001,7,9911,14.9499,0.1366,0.0932,16.1496,-0.1083,-0.457,25.3775,26.6517,0.2307,0.1028,4221,7
E02005222,Lancaster 002,4,6195,12.7237,0.0746,0.0593,6.0757,-0.6394,-1.131,38.121,40.7606,0.1305,0.0561,4815,8
E02005223,Lancaster 003,5,7300,8.4869,0.0767,0.0688,6.2614,-0.3535,-1.0271,25.6251,13.3696,0.1281,0.0514,5983,9
E02005224,Lancaster 004,4,5249,14.8274,0.1467,0.1206,12.0897,0.4347,-0.4847,10.468,20.7771,0.2397,0.1155,4249,7
E02005225,Lancaster 005,4,6222,9.2535,0.0989,0.072,4.739,-0.4331,-0.7288,26.5368,16.6657,0.1414,0.0659,5776,9
E02005226,Lancaster 006,5,7357,56.7247,0.48,0.314,50.4184,1.6163,1.4761,10.937,55.9649,0.6222,0.3648,144,1
E02005228,Lancaster 008,4,5804,26.1776,0.2447,0.1706,31.611,0.6116,0.4681,12.8685,30.1868,0.3651,0.1574,2050,3
E02005229,Lancaster 009,4,5720,57.0918,0.4565,0.3158,46.8101,1.5933,1.7479,14.7034,60.0113,0.6147,0.361,135,1
E02005230,Lancaster 010,4,6574,43.0657,0.4077,0.2707,54.694,1.1453,0.6853,17.4345,12.9763,0.6928,0.2584,584,1
E02005231,Lancaster 011,5,8359,36.8517,0.3453,0.2167,39.4375,0.8716,1.154,13.8903,30.3437,0.5461,0.2722,948,2
E02005233,Lancaster 013,4,7790,17.1432,0.1842,0.1236,17.5559,0.1876,0.0685,12.7078,10.9994,0.2391,0.1804,3670,6
E02005234,Lancaster 014,5,9794,19.466,0.1388,0.0805,16.6827,0.5697,0.6896,16.1479,43.9102,0.322,0.2578,3164,5
E02005235,Lancaster 015,3,5210,14.5194,0.1186,0.0612,8.6728,-0.0334,-0.3802,13.8572,60.2418,0.2905,0.1526,4341,7
E02005236,Lancaster 016,7,13447,23.288,0.2277,0.1542,23.8648,0.5183,0.1558,24.4607,16.3764,0.3638,0.1494,2499,4
E02005237,Lancaster 017,6,10362,15.5172,0.1679,0.108,11.0838,0.0305,-0.0477,12.6673,23.9322,0.2577,0.1564,4080,6
E02005238,Lancaster 018,4,5745,13.5905,0.1502,0.0933,11.5676,0.2242,-0.345,12.052,23.5597,0.2214,0.1149,4569,7
E02005239,Lancaster 019,4,11228,10.1982,0.0536,0.0375,4.1744,-0.7776,-1.2387,24.3615,42.8224,0.1371,0.0703,5536,9
E02005240,Pendle 001,4,5448,22.7446,0.2131,0.1347,21.9092,0.4141,-0.3538,21.6252,40.7521,0.3581,0.1626,2599,4
E02005241,Pendle 002,4,5545,23.1718,0.1811,0.1181,29.636,0.2196,-0.2349,19.1375,55.2931,0.3009,0.1745,2518,4
E02005242,Pendle 003,4,6126,20.0367,0.1721,0.1066,19.0385,0.1281,-0.4731,29.8843,42.1957,0.2758,0.1154,3043,5
E02005245,Pendle 006,4,6939,16.0983,0.1036,0.0752,6.2271,-0.2523,-0.7597,40.5629,42.3446,0.1749,0.081,3921,6
E02005246,Pendle 007,3,5510,43.2893,0.3879,0.2443,41.301,0.949,0.8264,20.3413,48.7493,0.5553,0.2787,572,1
E02005247,Pendle 008,6,9959,13.8487,0.1091,0.0795,6.4658,-0.3509,-0.4973,29.8561,36.4644,0.1772,0.0851,4500,7
E02005248,Pendle 009,4,7780,55.9127,0.5576,0.2599,62.0735,0.8564,0.6597,34.1093,64.2575,0.683,0.4781,161,1
E02005249,Pendle 010,6,10726,57.0506,0.5507,0.2547,65.4811,0.9653,0.9723,27.9915,68.3864,0.7039,0.3965,136,1
E02005250,Pendle 011,4,9590,49.3476,0.4972,0.2277,56.4439,0.5189,0.4659,32.2662,71.7198,0.5877,0.4492,354,1
E02005251,Pendle 012,4,7423,29.5812,0.3409,0.1811,32.2793,0.4903,0.2818,28.6567,18.6257,0.4887,0.1931,1612,3
E02005252,Pendle 013,6,10398,37.7859,0.3903,0.2041,40.3698,0.4677,0.1874,26.1101,47.2124,0.5244,0.2775,882,2
E02005253,Preston 001,3,7605,10.7816,0.1213,0.0777,3.7567,-0.1383,-0.5051,25.5395,13.603,0.2073,0.0587,5384,8
E02005254,Preston 002,5,10846,8.0083,0.1021,0.0537,1.8128,-0.1335,-0.449,22.3792,10.7269,0.1539,0.0783,6108,9
E02005255,Preston 003,6,9645,7.468,0.1056,0.0703,5.2731,-0.2275,-0.42,12.1115,11.8412,0.1851,0.0663,6220,10
E02005256,Preston 004,5,6911,8.4473,0.1007,0.0782,3.6326,0.0662,-0.9737,17.7114,6.0653,0.1409,0.091,5996,9
E02005257,Preston 005,4,6111,42.7428,0.416,0.2704,33.1496,1.5668,1.2033,20.9116,5.2971,0.5736,0.2743,602,1
E02005258,Preston 006,5,8407,14.1861,0.1712,0.1054,6.9687,0.1854,-0.198,12.5998,26.0869,0.2643,0.1269,4418,7
E02005259,Preston 007,6,10721,33.1182,0.3583,0.2025,35.0844,0.9844,0.7664,15.438,14.0004,0.4867,0.2876,1240,2
E02005260,Preston 008,5,6749,13.182,0.1376,0.0981,11.7694,0.1935,0.142,10.6683,17.7041,0.2405,0.0843,4682,7
E02005261,Preston 009,6,10312,48.3172,0.4735,0.2717,54.9452,1.447,1.2541,17.0732,13.4594,0.6311,0.3751,382,1
E02005262,Preston 010,4,7850,13.7293,0.1705,0.0937,10.7428,0.0854,0.268,17.9958,7.1667,0.3119,0.1049,4534,7
E02005263,Preston 011,4,7405,42.1387,0.3815,0.1813,39.311,1.1348,1.1864,18.312,65.9435,0.5583,0.3959,629,1
E02005264,Preston 012,7,12738,32.9965,0.2659,0.1496,33.9897,1.1326,1.0634,14.1178,48.6652,0.5086,0.2532,1248,2
E02005265,Preston 013,7,10922,30.0642,0.279,0.1894,24.3951,0.8744,1.0457,15.1996,23.9384,0.3839,0.2181,1546,3
E02005266,Preston 014,4,9186,53.8693,0.5005,0.2572,53.3864,1.5479,1.7317,18.2311,45.7163,0.6741,0.4871,215,1
E02005267,Preston 015,3,6345,44.2699,0.3711,0.2039,47.6606,1.554,1.0574,20.1357,47.2772,0.5427,0.623,541,1
E02005268,Preston 016,6,9583,40.3501,0.4245,0.2033,41.7353,0.911,0.9052,17.7177,40.274,0.5673,0.4138,723,2
E02005269,Preston 017,7,10533,39.4133,0.3189,0.2014,31.3386,1.4924,1.4043,18.1513,41.9175,0.5173,0.4726,778,2
E02005270,Ribble Valley 001,5,7503,14.991,0.0694,0.0587,4.5808,-1.2091,-1.1712,39.7766,59.1644,0.1004,0.0602,4212,7
E02005271,Ribble Valley 002,5,8409,8.4251,0.133,0.0792,6.4555,-0.6629,-0.7208,6.4892,20.9177,0.2235,0.0807,6000,9
E02005272,Ribble Valley 003,5,9248,12.7916,0.1625,0.1053,10.5387,-0.123,-0.3113,10.2448,19.066,0.2233,0.1288,4797,7
E02005273,Ribble Valley 004,4,6134,10.0508,0.0947,0.0615,5.8796,-0.8957,-0.6385,23.0546,36.6692,0.1719,0.0586,5578,9
E02005274,Ribble Valley 005,5,8042,9.1947,0.094,0.0698,3.0613,-0.9725,-0.8582,23.5067,29.1426,0.1619,0.067,5791,9
E02005275,Ribble Valley 006,4,5956,12.3491,0.1536,0.0938,12.821,-0.1835,-0.4596,10.2028,20.8176,0.2621,0.0964,4928,8
E02005276,Ribble Valley 007,5,9026,7.2025,0.0791,0.0695,2.3624,-0.7571,-0.5198,22.0342,14.211,0.1182,0.0614,6286,10
E02005277,Ribble Valley 008,6,8822,6.2826,0.0681,0.0554,1.6474,-1.085,-1.1125,23.3998,20.9005,0.1196,0.0477,6451,10
E02005278,Rossendale 001,4,7935,14.3221,0.1139,0.0829,6.1653,-0.2622,-0.3308,30.5475,32.1203,0.1464,0.1049,4380,7
E02005279,Rossendale 002,7,10414,31.642,0.3017,0.184,22.5014,0.6101,0.4018,24.9618,44.6889,0.4355,0.2133,1392,3
E02005280,Rossendale 003,6,11267,31.2813,0.2884,0.192,26.5084,0.6977,0.5341,25.249,29.3614,0.391,0.1931,1429,3
E02005281,Rossendale 004,5,8983,26.2809,0.2506,0.1622,18.4193,0.4816,0.5439,20.5557,38.4001,0.3367,0.1939,2035,3
E02005284,Rossendale 007,4,6117,14.4901,0.1299,0.0976,8.3373,0.0268,-0.6866,28.616,18.2607,0.1684,0.1179,4345,7
E02005285,Rossendale 008,4,6271,14.9753,0.1097,0.0838,5.1642,-0.0911,-0.3173,31.3523,38.9959,0.1655,0.0928,4217,7
E02005286,Rossendale 009,4,7756,26.0516,0.2488,0.1621,15.7441,0.4901,0.3487,32.2048,29.9859,0.3849,0.1942,2079,4
E02005287,South Ribble 001,4,5369,3.6491,0.0609,0.0596,1.9601,-0.7908,-0.8337,5.5792,11.0158,0.0766,0.0542,6773,10
E02005288,South Ribble 002,4,5975,11.7667,0.1175,0.0923,9.812,-0.2199,-0.7946,21.8842,21.6513,0.2006,0.0982,5105,8
E02005289,South Ribble 003,4,5971,4.082,0.0641,0.0648,2.2493,-0.6453,-0.8298,7.1452,6.8081,0.0992,0.0429,6743,10
E02005290,South Ribble 004,5,7073,8.2243,0.0987,0.0716,6.9177,-0.4274,-0.4308,9.2584,18.5592,0.1629,0.0775,6046,9
E02005291,South Ribble 005,3,5735,14.3648,0.161,0.1136,8.4505,-0.0665,0.0834,9.7357,27.9593,0.2458,0.1057,4371,7
E02005292,South Ribble 006,4,5638,26.4831,0.3192,0.1953,22.3989,0.5493,0.5555,12.6508,10.6675,0.471,0.2731,2000,3
E02005293,South Ribble 007,4,5444,21.2582,0.2291,0.1429,27.1032,0.3802,0.1334,7.2987,20.5889,0.3537,0.1645,2835,5
E02005294,South Ribble 008,4,7263,18.3064,0.2026,0.1247,22.4969,0.2278,0.0661,9.3379,18.9579,0.327,0.1318,3429,6
E02005295,South Ribble 009,5,7626,11.2834,0.1333,0.0938,10.3894,-0.1254,-0.4146,10.0081,16.9849,0.2264,0.0958,5235,8
E02005296,South Ribble 010,4,6178,5.871,0.0668,0.0646,2.5456,-0.6863,-1.1737,23.8908,8.8977,0.1012,0.0557,6504,10
E02005297,South Ribble 011,5,8399,7.0232,0.0901,0.0656,5.5183,-0.6553,-0.9765,23.1602,11.4916,0.1519,0.067,6322,10
E02005298,South Ribble 012,5,8694,10.4278,0.1313,0.0862,8.1812,0.0924,-0.5871,12.6214,14.4872,0.2059,0.0962,5475,8
E02005299,South Ribble 013,4,7407,17.9141,0.1892,0.1201,14.8347,0.3515,0.5308,6.6138,23.4207,0.2969,0.1587,3507,6
E02005300,South Ribble 014,3,5107,15.8531,0.1974,0.1279,17.9518,-0.0882,-0.3481,16.3426,4.1826,0.3105,0.1159,3983,6
E02005301,South Ribble 015,4,6045,25.9463,0.2535,0.1757,23.3445,0.534,0.8248,7.6722,20.0078,0.3565,0.199,2090,4
E02005302,South Ribble 016,4,7717,7.8541,0.1083,0.0709,5.7124,-0.2294,-0.4541,9.3518,14.4162,0.1575,0.0876,6143,9
E02005303,South Ribble 017,4,6560,35.0854,0.3591,0.2183,41.8884,0.7958,1.1211,11.1599,11.4165,0.4822,0.2542,1077,2
E02005304,West Lancashire 001,6,9214,9.0768,0.107,0.0882,10.8245,-0.4465,-0.9469,20.7756,9.6235,0.1751,0.0886,5827,9
E02005305,West Lancashire 002,5,8189,17.4282,0.1736,0.1238,18.8788,0.1357,-0.6207,28.7271,13.535,0.2715,0.1425,3615,6
E02005306,West Lancashire 003,4,7612,15.6657,0.1335,0.0992,13.8277,-0.2035,-0.7659,30.7489,29.9539,0.2365,0.0996,4044,6
E02005307,West Lancashire 004,5,9757,11.7796,0.1511,0.1028,12.1167,-0.0465,-0.7019,16.0886,11.0989,0.2009,0.1429,5102,8
E02005308,West Lancashire 005,5,6541,7.7467,0.0704,0.0638,3.6522,-0.516,-0.9636,22.6361,24.7334,0.0898,0.0749,6164,9
E02005309,West Lancashire 006,6,9038,10.8873,0.1307,0.0965,17.1121,-0.1671,-0.6714,8.5959,11.5055,0.1909,0.1075,5352,8
E02005310,West Lancashire 007,5,10377,10.8296,0.1173,0.0679,13.6335,-0.1175,-0.2505,5.8392,25.3718,0.199,0.1959,5368,8
E02005311,West Lancashire 008,3,6965,8.8628,0.0717,0.0528,8.7964,-0.6557,-1.3853,23.5737,32.4507,0.1103,0.0762,5875,9
E02005312,West Lancashire 009,4,6457,14.3891,0.186,0.1232,16.4808,0.1214,-0.6017,15.1905,4.7991,0.27,0.1695,4362,7
E02005313,West Lancashire 010,6,8853,41.2827,0.4502,0.2712,48.9861,1.0753,0.5209,17.2506,10.8148,0.579,0.4007,673,1
E02005314,West Lancashire 011,4,6434,27.4509,0.2837,0.1808,36.5152,0.7958,0.1183,16.9077,14.6737,0.4465,0.2293,1870,3
E02005315,West Lancashire 012,6,8123,6.5145,0.0732,0.0729,5.4982,-0.595,-1.1432,18.4699,12.2395,0.0994,0.0625,6413,10
E02005316,West Lancashire 013,4,6716,34.7646,0.3808,0.2303,41.8372,0.9137,0.67,18.4986,6.6237,0.5566,0.3162,1102,2
E02005317,West Lancashire 014,5,7394,50.3899,0.5067,0.2927,61.7652,1.118,0.9185,21.3029,18.4478,0.6926,0.4019,308,1
E02005318,West Lancashire 015,5,7690,13.3122,0.144,0.1143,9.1497,-0.0269,-0.5764,19.0869,16.5192,0.1824,0.1387,4649,7
E02005319,Wyre 001,6,8218,56.6098,0.4684,0.3159,50.5865,1.6685,1.4088,9.1035,56.4577,0.6689,0.3272,149,1
E02005320,Wyre 002,4,5953,27.3459,0.2499,0.1711,34.2121,0.8486,0.2432,9.1918,23.7693,0.3771,0.1716,1881,3
E02005321,Wyre 003,4,6286,37.8149,0.331,0.2476,44.189,1.1923,0.3287,13.1817,8.5781,0.456,0.2622,879,2
E02005322,Wyre 004,7,10573,19.688,0.1783,0.14,16.1796,0.4625,-0.3907,26.8007,21.0099,0.29,0.1376,3107,5
E02005323,Wyre 005,5,7573,34.0158,0.3384,0.2226,36.2749,0.9458,0.5973,13.2262,13.5486,0.4676,0.2575,1156,2
E02005324,Wyre 006,3,7848,11.0257,0.1153,0.0774,6.9541,-0.2812,-0.4999,25.9386,22.081,0.2142,0.0775,5316,8
E02005325,Wyre 007,5,9518,10.1487,0.1135,0.0923,8.1688,-0.1505,-0.9421,19.6312,13.7505,0.1554,0.1034,5546,9
E02005326,Wyre 008,6,8376,28.5326,0.2649,0.2045,26.7903,0.9443,0.2304,11.2022,26.0903,0.3959,0.202,1747,3
E02005327,Wyre 009,3,7070,14.367,0.1224,0.0882,9.285,-0.1657,-0.6754,32.1462,29.6763,0.2146,0.0874,4368,7
E02005328,Wyre 010,5,7790,11.7805,0.1264,0.1179,10.6491,0.2301,-0.8266,11.8601,9.4176,0.2069,0.0967,5100,8
E02005329,Wyre 011,5,9498,20.3414,0.2494,0.1404,17.8495,0.5668,0.0955,13.6655,18.4024,0.353,0.1979,2990,5
E02005330,Wyre 012,6,9070,8.8198,0.1058,0.0875,5.8689,0.0617,-0.7977,14.5334,9.9498,0.1675,0.0839,5889,9
E02005331,Wyre 013,5,8629,12.969,0.1562,0.1045,8.9998,0.1621,-0.1838,10.4667,17.5051,0.2375,0.1421,4751,7
E02005332,Wyre 014,5,8522,7.7084,0.0944,0.0817,5.9613,-0.1952,-0.6679,12.282,11.2458,0.1653,0.0675,6170,9
E02005334,Blaby 002,4,6054,7.7198,0.1035,0.0643,10.1506,-0.7266,-0.2191,14.0206,13.0715,0.1708,0.0758,6168,9
E02005335,Blaby 003,5,7594,7.1951,0.0933,0.0679,7.2925,-0.7935,-0.5597,20.5374,10.4044,0.1331,0.0983,6288,10
E02005336,Blaby 004,4,7511,12.2504,0.1859,0.0983,17.6791,-0.6034,-0.0822,10.2873,9.8953,0.2743,0.1608,4960,8
E02005337,Blaby 005,7,10206,13.566,0.1713,0.0988,21.7479,-0.5439,0.1257,11.3509,17.2587,0.2706,0.1236,4581,7
E02005338,Blaby 006,6,11850,11.605,0.1586,0.0988,14.244,-0.5306,-0.3252,15.9842,10.6125,0.2554,0.1099,5155,8
E02005339,Blaby 007,5,8640,7.3945,0.1074,0.0704,9.7761,-0.6326,-0.6632,17.1788,9.4466,0.1984,0.0782,6239,10
E02005340,Blaby 008,5,9137,11.8142,0.1433,0.0997,18.1603,-0.5161,-0.0153,10.6881,13.643,0.2247,0.1092,5088,8
E02005341,Blaby 009,4,7752,8.9055,0.1311,0.0775,12.9852,-0.8196,-0.6473,15.853,8.3442,0.2089,0.0926,5862,9
E02005342,Blaby 010,5,7436,11.5323,0.1347,0.0895,14.8391,-0.6098,-0.618,26.7616,9.572,0.2402,0.0822,5168,8
E02005343,Blaby 011,4,7919,8.113,0.1176,0.0709,14.0183,-0.9284,-0.636,19.5035,7.0449,0.1945,0.0811,6069,9
E02005344,Blaby 012,5,9318,14.2367,0.1318,0.089,15.2926,-0.4731,-0.2301,35.7629,9.6672,0.2302,0.0836,4404,7
E02005345,Charnwood 001,3,6506,12.6482,0.1601,0.1024,13.1274,-0.5034,0.1895,18.8207,8.0206,0.2986,0.0794,4832,8
E02005346,Charnwood 002,7,12745,31.0009,0.3403,0.1845,25.5629,0.7867,0.9114,10.297,29.6884,0.5203,0.3211,1448,3
E02005347,Charnwood 003,6,11143,17.5802,0.1528,0.0838,22.4977,0.2805,0.511,13.3066,28.095,0.4026,0.2929,3576,6
E02005348,Charnwood 004,4,5624,9.2339,0.1378,0.0797,10.9299,-0.4337,-0.3851,13.9708,6.8265,0.2484,0.1278,5783,9
E02005349,Charnwood 005,4,8222,13.0908,0.1588,0.1061,13.3154,-0.0999,0.0641,13.7727,9.1044,0.2997,0.0841,4713,7
E02005350,Charnwood 006,4,6904,14.208,0.1595,0.112,14.7815,0.1557,-0.0714,11.4287,13.986,0.277,0.1025,4410,7
E02005351,Charnwood 007,4,11354,11.4617,0.1153,0.0551,27.1719,-0.4454,-0.362,15.1638,13.4652,0.3596,0.1942,5191,8
E02005352,Charnwood 008,4,6225,7.4606,0.0645,0.0483,4.5398,-1.1719,-0.7165,29.6341,21.9658,0.1151,0.0498,6222,10
E02005353,Charnwood 009,7,10900,20.5931,0.2415,0.1376,24.3493,-0.0276,0.5529,11.1577,17.1602,0.354,0.2039,2942,5
E02005354,Charnwood 010,7,10220,3.8285,0.07,0.0503,2.2128,-0.8192,-0.7209,15.6461,3.5263,0.1316,0.0453,6761,10
E02005355,Charnwood 011,4,7410,11.1052,0.1331,0.0852,8.6732,-0.3551,0.0809,21.013,12.3544,0.2115,0.0944,5292,8
E02005356,Charnwood 012,4,7315,8.2498,0.1005,0.0717,4.2949,-0.7589,-0.0922,17.0836,16.186,0.1479,0.07,6041,9
E02005357,Charnwood 013,4,8526,16.946,0.1999,0.108,18.4363,-0.286,0.2512,27.3923,9.4904,0.3542,0.1101,3714,6
E02005358,Charnwood 014,6,12444,11.1004,0.1414,0.0878,11.8702,-0.4741,-0.2352,19.689,7.0209,0.2423,0.0908,5296,8
E02005359,Charnwood 015,4,7881,8.0475,0.1024,0.0743,12.6099,-0.8802,-0.3903,19.7928,5.9796,0.1645,0.0728,6094,9
E02005360,Charnwood 016,4,6152,8.5963,0.0764,0.0476,3.2398,-1.0122,-0.3504,29.5545,21.0581,0.096,0.0565,5954,9
E02005361,Charnwood 017,4,6211,11.9778,0.1419,0.099,13.7293,-0.3567,-0.0008,11.8075,16.5476,0.2347,0.1208,5031,8
E02005362,Charnwood 018,4,7189,13.3485,0.1647,0.1072,18.7558,-0.1251,-0.0331,11.7565,9.5406,0.255,0.1115,4640,7
E02005363,Charnwood 019,5,9240,8.1408,0.1297,0.0745,11.4958,-0.809,-0.3324,11.1517,10.9653,0.2302,0.0783,6060,9
E02005364,Charnwood 020,3,5271,8.6204,0.1277,0.0778,13.3092,-0.5878,-0.8778,8.8288,15.0351,0.2208,0.0896,5947,9
E02005365,Charnwood 021,6,9955,16.998,0.207,0.1206,24.9727,-0.0165,-0.1221,11.3394,17.0704,0.3128,0.1555,3699,6
E02005366,Charnwood 022,4,7829,10.9724,0.1528,0.0884,13.891,-0.419,0.0193,13.715,10.2302,0.2715,0.0962,5335,8
E02005368,Harborough 002,3,6529,13.8582,0.084,0.0544,5.1678,-1.348,-0.6798,45.5564,39.0994,0.1576,0.0642,4497,7
E02005369,Harborough 003,7,13000,8.9263,0.1154,0.0759,5.7317,-0.9063,-0.5346,27.7252,6.8005,0.1725,0.0733,5858,9
E02005370,Harborough 004,5,9870,6.7453,0.095,0.062,11.2316,-0.9444,-0.5638,19.4154,4.3469,0.1696,0.0516,6365,10
E02005371,Harborough 005,7,11249,10.7992,0.1036,0.061,10.9499,-0.8823,-0.7032,33.4933,18.9134,0.1727,0.0755,5381,8
E02005372,Harborough 006,4,10506,10.5591,0.0896,0.057,7.253,-1.2241,-0.8882,35.9418,25.3419,0.1673,0.0663,5444,8
E02005373,Harborough 007,7,12699,5.3724,0.0918,0.0603,5.5512,-0.899,-0.7502,16.3964,3.1946,0.192,0.0557,6588,10
E02005374,Harborough 008,4,6721,16.5903,0.2,0.1222,19.4679,0.0778,0.1297,7.6381,18.4227,0.27,0.2083,3799,6
E02005375,Harborough 009,5,9615,5.6908,0.0989,0.0599,5.5718,-0.6661,-0.9523,11.8306,8.5445,0.1604,0.0786,6538,10
E02005376,Harborough 010,5,11113,9.3485,0.1322,0.0786,14.7269,-0.7256,-0.5238,16.6985,7.2245,0.2015,0.1016,5754,9
E02005377,Hinckley and Bosworth 001,6,8994,14.1508,0.1518,0.0944,12.6792,-0.454,-0.157,31.4187,12.3214,0.2733,0.0978,4427,7
E02005378,Hinckley and Bosworth 002,3,5388,7.5914,0.1044,0.0679,9.1083,-1.0669,-0.6123,20.7745,11.1624,0.1761,0.0765,6196,10
E02005379,Hinckley and Bosworth 003,4,6109,12.323,0.166,0.088,14.2609,-0.2781,-0.2601,19.5001,8.7695,0.2898,0.1047,4940,8
E02005380,Hinckley and Bosworth 004,5,8826,13.7166,0.1187,0.0836,8.7347,-0.661,-0.5768,38.8989,21.1293,0.1977,0.0956,4538,7
E02005381,Hinckley and Bosworth 005,5,9008,14.1215,0.1369,0.0961,15.0484,-0.2512,-0.6329,32.1255,11.3628,0.2179,0.0846,4436,7
E02005382,Hinckley and Bosworth 006,6,10694,18.9367,0.2123,0.1414,24.62,0.0557,0.2924,15.4676,11.2101,0.3356,0.1494,3294,5
E02005383,Hinckley and Bosworth 007,6,9143,18.9872,0.2063,0.1317,29.4489,0.1661,0.232,13.6285,12.5034,0.3228,0.1307,3283,5
E02005384,Hinckley and Bosworth 008,4,7548,9.364,0.1054,0.0696,8.653,-0.5673,-0.4516,25.2245,11.859,0.1949,0.0863,5748,9
E02005385,Hinckley and Bosworth 009,4,6749,5.7247,0.0827,0.0697,9.8473,-0.5738,-0.6995,11.9487,4.3446,0.1715,0.0384,6534,10
E02005386,Hinckley and Bosworth 010,5,9107,21.8765,0.2251,0.1382,23.8197,0.2487,0.3945,11.1892,34.7605,0.4006,0.1481,2744,5
E02005387,Hinckley and Bosworth 011,6,9932,13.9184,0.178,0.1151,19.1982,-0.1178,-0.2005,13.6596,6.2278,0.2951,0.1071,4483,7
E02005388,Hinckley and Bosworth 012,4,6196,17.377,0.2096,0.1295,19.8597,-0.029,0.156,8.2583,17.392,0.3123,0.1527,3628,6
E02005389,Hinckley and Bosworth 013,4,6085,15.8435,0.1824,0.1298,17.2174,0.0282,0.1209,12.5242,11.5469,0.2609,0.1755,3989,6
E02005390,Hinckley and Bosworth 014,6,10536,4.5333,0.0783,0.056,5.4252,-0.8513,-0.5942,12.8141,6.0432,0.1216,0.0544,6697,10
E02005391,Melton 001,6,9852,12.349,0.1115,0.0713,5.5914,-0.7701,-0.5851,36.9797,22.3152,0.22,0.0681,4929,8
E02005392,Melton 002,5,9501,8.392,0.119,0.0727,10.1982,-0.6778,-0.391,16.651,9.5618,0.2105,0.0607,6007,9
E02005393,Melton 003,4,7491,13.6197,0.1407,0.0789,8.8238,-0.4999,-0.5151,34.8461,20.2167,0.2737,0.0964,4564,7
E02005394,Melton 004,6,9689,22.2762,0.2698,0.1499,32.593,0.1338,0.1584,13.483,11.5997,0.4159,0.1686,2674,4
E02005395,Melton 005,5,8946,16.4736,0.1925,0.1194,21.8324,-0.3366,0.0946,14.7648,14.546,0.3351,0.1234,3826,6
E02005396,Melton 006,4,6925,16.2316,0.1071,0.0686,8.3803,-0.7795,-0.8062,46.5253,39.6226,0.1968,0.0801,3895,6
E02005397,North West Leicestershire 001,6,9553,10.7505,0.1283,0.085,13.4596,-0.4973,-0.8098,17.2343,19.7162,0.2157,0.107,5392,8
E02005398,North West Leicestershire 002,4,7166,9.501,0.1048,0.0635,7.85,-0.6204,-0.4606,24.8031,21.5677,0.2194,0.0898,5716,9
E02005399,North West Leicestershire 003,5,8581,10.2854,0.1412,0.0826,12.5016,-0.2996,-0.1246,15.0656,7.0007,0.2137,0.1033,5512,9
E02005400,North West Leicestershire 004,4,5901,17.4628,0.1654,0.1187,25.3358,0.0753,-0.1587,23.4989,15.0348,0.293,0.1099,3605,6
E02005401,North West Leicestershire 005,4,6649,12.3709,0.102,0.0742,11.9153,-0.6351,-0.4225,30.5298,27.5657,0.16,0.0833,4921,8
E02005402,North West Leicestershire 006,4,6783,10.6367,0.1338,0.0837,10.8916,-0.264,-0.3168,16.9593,6.7466,0.1883,0.1115,5421,8
E02005403,North West Leicestershire 007,4,6607,13.9776,0.1334,0.1011,19.7766,-0.0821,-0.0346,20.7195,12.332,0.2371,0.0858,4470,7
E02005404,North West Leicestershire 008,5,8980,17.9,0.1747,0.1113,24.2824,-0.0982,-0.0924,27.0662,19.0862,0.2824,0.1347,3509,6
E02005405,North West Leicestershire 009,5,7310,32.9024,0.3134,0.199,46.5504,0.5439,0.7936,24.7044,5.701,0.4577,0.226,1261,2
E02005406,North West Leicestershire 010,4,7888,26.0858,0.2511,0.1534,35.7389,0.597,0.6682,14.3259,26.1101,0.3861,0.1774,2071,4
E02005407,North West Leicestershire 011,5,11846,10.6063,0.1427,0.0812,15.2956,-0.3687,-0.1414,16.0118,6.7926,0.2428,0.1032,5426,8
E02005408,North West Leicestershire 012,4,8100,15.5434,0.1457,0.0983,19.1256,-0.3299,-0.1902,28.758,17.2436,0.2508,0.1147,4071,6
E02005409,North West Leicestershire 013,6,12302,14.6821,0.1577,0.1029,21.0817,-0.2177,-0.2444,21.5611,14.8288,0.2391,0.1291,4293,7
E02005412,Oadby and Wigston 003,6,8942,13.3892,0.1837,0.1097,10.1049,-0.3185,0.0612,15.6125,12.6478,0.2593,0.1467,4629,7
E02005414,Oadby and Wigston 005,5,8270,24.4935,0.2827,0.1732,27.9923,0.5788,0.3096,9.59,16.7393,0.4242,0.2153,2306,4
E02005415,Oadby and Wigston 006,5,8020,24.0539,0.2668,0.1572,29.5832,0.4283,0.3207,13.4394,21.3043,0.4122,0.1941,2381,4
E02005416,Oadby and Wigston 007,6,9257,7.9333,0.1136,0.0734,12.3356,-0.5228,-0.5749,14.1772,7.6241,0.198,0.061,6125,9
E02005417,Boston 001,5,7673,24.6884,0.2097,0.136,33.4883,0.1872,-0.7718,40.4416,25.4854,0.39,0.1574,2279,4
E02005418,Boston 002,6,11081,44.9905,0.4455,0.2125,76.2157,0.7066,0.7278,28.4865,24.3019,0.5865,0.4286,506,1
E02005419,Boston 003,5,8684,39.8658,0.3602,0.1779,61.9956,0.3315,0.8979,26.3637,43.9524,0.5369,0.3142,755,2
E02005420,Boston 004,5,8798,31.3563,0.3407,0.1795,52.9789,0.4838,0.0208,27.1638,13.2137,0.4744,0.2939,1426,3
E02005422,Boston 006,3,6628,23.6794,0.2068,0.1335,30.7052,-0.0132,-0.6578,40.1312,27.1083,0.3543,0.1359,2454,4
E02005423,Boston 007,5,10390,27.0655,0.271,0.1553,36.3897,0.2599,-0.1423,36.7336,16.4553,0.3994,0.1984,1914,3
E02005424,East Lindsey 001,7,10447,16.4324,0.1397,0.1104,15.7217,0.0501,-0.8505,32.6785,19.4136,0.2313,0.1028,3840,6
E02005425,East Lindsey 002,3,6664,21.8606,0.175,0.1346,20.7303,0.0724,-0.6982,37.8793,31.9925,0.324,0.1088,2746,5
E02005426,East Lindsey 003,7,10727,27.5225,0.3218,0.1935,29.3891,0.8582,-0.0036,17.3754,5.4366,0.4859,0.2266,1865,3
E02005427,East Lindsey 004,4,6893,21.6943,0.2367,0.1543,20.1382,0.3514,0.1954,9.0563,31.4459,0.4224,0.1608,2762,5
E02005428,East Lindsey 005,4,8486,47.4661,0.3838,0.2919,56.5356,1.264,0.3675,34.0678,20.4431,0.6492,0.2668,413,1
E02005429,East Lindsey 006,3,6260,34.0915,0.2391,0.2634,42.9093,1.0255,-0.2187,30.6212,11.3385,0.5415,0.1485,1151,2
E02005430,East Lindsey 007,3,7154,22.2801,0.1548,0.1097,17.032,-0.1253,-0.7206,46.756,41.1837,0.3044,0.1156,2673,4
E02005431,East Lindsey 008,5,8993,31.0333,0.2553,0.1865,30.7005,0.5693,-0.2404,39.8255,31.0149,0.4511,0.1697,1443,3
E02005432,East Lindsey 009,4,7983,21.6488,0.1485,0.1178,15.7454,-0.0742,-0.581,43.9359,38.9867,0.2311,0.1075,2769,5
E02005433,East Lindsey 010,4,6991,51.3917,0.3434,0.2915,64.2979,1.3253,0.8269,29.7109,47.6953,0.6515,0.2262,292,1
E02005434,East Lindsey 011,4,7715,21.549,0.2337,0.1601,23.9779,0.4514,-0.345,20.1434,12.5292,0.3593,0.1834,2784,5
E02005435,East Lindsey 012,5,7891,35.2994,0.3246,0.2171,49.1079,1.0653,0.4305,20.438,14.9447,0.4942,0.2459,1054,2
E02005436,East Lindsey 013,6,8372,27.9326,0.2611,0.1725,32.1825,0.6914,-0.3047,31.1858,20.1918,0.4387,0.1725,1819,3
E02005437,East Lindsey 014,4,6357,55.4816,0.4825,0.2978,60.2462,1.4802,1.4828,13.2566,48.5534,0.6812,0.3405,173,1
E02005438,East Lindsey 015,4,7098,46.658,0.4632,0.2734,56.1389,1.2204,0.9664,18.268,9.4739,0.6521,0.3375,440,1
E02005439,East Lindsey 016,7,12143,17.4427,0.1622,0.1075,18.5344,0.1289,-0.7171,34.3834,13.3277,0.2579,0.1425,3613,6
E02005440,East Lindsey 017,4,5620,42.4811,0.3369,0.257,46.5895,0.7995,-0.0631,39.3044,43.3498,0.6354,0.1941,609,1
E02005441,East Lindsey 018,4,8606,26.327,0.1927,0.1381,27.3109,0.1795,-0.5051,45.9892,35.0735,0.3774,0.1176,2027,3
E02005442,Lincoln 001,4,6591,52.6163,0.4664,0.3055,62.8517,1.3977,1.2772,30.1665,6.6008,0.6158,0.3908,249,1
E02005443,Lincoln 002,4,7532,24.9094,0.2354,0.156,29.1438,0.6435,0.0876,26.9469,5.6263,0.3316,0.1872,2232,4
E02005444,Lincoln 003,7,13338,16.3177,0.1379,0.093,12.5624,0.2063,0.3073,21.3698,28.7395,0.2362,0.1455,3870,6
E02005445,Lincoln 004,7,12666,41.5955,0.3657,0.2141,47.6863,1.0814,1.1736,25.4013,27.0896,0.4999,0.3593,658,1
E02005446,Lincoln 005,5,10559,21.569,0.1241,0.07,25.045,0.6866,0.7798,28.0082,35.1226,0.4533,0.3394,2777,5
E02005447,Lincoln 006,4,8376,35.2443,0.265,0.1336,58.1417,0.8794,0.9531,22.7682,45.6455,0.5113,0.3434,1060,2
E02005448,Lincoln 007,5,7203,39.2183,0.3741,0.2272,46.376,1.0092,0.6871,28.5555,5.2542,0.5143,0.335,793,2
E02005449,Lincoln 008,5,9148,20.3213,0.1685,0.0898,29.0147,0.427,0.4549,22.4238,26.2592,0.3615,0.1613,2994,5
E02005450,Lincoln 009,6,8526,13.3532,0.1357,0.1046,20.4993,0.0297,-0.6301,22.3055,3.9981,0.2701,0.0792,4638,7
E02005451,Lincoln 010,5,7904,49.5935,0.4522,0.2825,54.2683,1.257,1.296,30.67,16.2133,0.6046,0.3661,339,1
E02005452,Lincoln 011,8,11121,17.6863,0.1819,0.123,24.6845,0.1928,-0.1207,21.1519,7.7036,0.2911,0.131,3556,6
E02005453,North Kesteven 001,6,10819,6.0482,0.0821,0.0631,8.3929,-0.8897,-1.2098,22.3539,5.1659,0.1542,0.0548,6483,10
E02005455,North Kesteven 003,8,14741,11.0905,0.1162,0.0723,9.9945,-0.4773,-0.7299,31.1985,13.5937,0.1847,0.0944,5300,8
E02005456,North Kesteven 004,6,11472,11.717,0.1562,0.1015,11.8587,-0.2555,-1.1013,22.6922,3.977,0.2182,0.1554,5121,8
E02005457,North Kesteven 005,5,8781,15.0615,0.1618,0.1082,16.2842,-0.3683,-0.6037,30.5261,12.6323,0.2391,0.1344,4196,7
E02005458,North Kesteven 006,4,6806,12.6317,0.1196,0.088,8.8431,-0.7844,-0.8674,32.466,22.6037,0.231,0.0822,4837,8
E02005459,North Kesteven 007,4,8537,25.269,0.2351,0.1564,26.6362,0.0843,-0.6426,39.3673,26.7827,0.406,0.1824,2183,4
E02005460,North Kesteven 008,4,6404,9.8156,0.0848,0.0672,7.0887,-0.52,-2.0342,35.0038,10.7135,0.1534,0.0852,5625,9
E02005461,North Kesteven 009,3,6428,14.126,0.1328,0.0995,11.4814,-0.6508,-0.8407,32.6398,23.6267,0.2367,0.1121,4433,7
E02005462,North Kesteven 010,5,10036,22.0517,0.2717,0.1599,27.4887,0.1465,0.1984,10.2978,14.5977,0.4223,0.1907,2710,4
E02005463,North Kesteven 011,6,9972,9.259,0.1248,0.0814,13.1457,-0.5179,-0.7702,18.9971,4.2367,0.196,0.0717,5773,9
E02005464,North Kesteven 012,5,8774,16.9284,0.1585,0.1116,21.8396,-0.3001,-0.835,32.2878,19.1596,0.3139,0.1131,3721,6
E02005465,South Holland 001,5,8963,19.8207,0.1911,0.1193,25.4107,-0.1082,-0.3234,33.8292,19.0086,0.3301,0.1201,3092,5
E02005466,South Holland 002,3,6936,24.093,0.1926,0.1261,41.3575,-0.0869,-0.6173,41.0042,21.0823,0.3583,0.1037,2377,4
E02005467,South Holland 003,4,7824,20.4856,0.2209,0.1377,34.2717,0.0655,-0.0437,23.0397,9.0941,0.3806,0.1556,2961,5
E02005468,South Holland 004,5,7802,19.6842,0.1694,0.118,25.5175,-0.1244,-0.5589,38.1277,18.1868,0.3234,0.1031,3109,5
E02005469,South Holland 005,4,8249,20.0482,0.1864,0.1146,24.6786,-0.2679,-0.4941,38.5265,19.4759,0.2834,0.1296,3039,5
E02005470,South Holland 006,7,12969,15.7745,0.1748,0.0949,30.8599,-0.3447,-0.1423,16.1423,15.6187,0.2668,0.1541,4009,6
E02005471,South Holland 007,5,9376,25.7128,0.2797,0.1439,46.9364,0.0097,0.3022,20.8469,16.4549,0.4454,0.2273,2117,4
E02005472,South Holland 008,6,10014,29.2083,0.2552,0.1664,43.2259,0.4458,-0.1383,35.8001,19.4144,0.4369,0.1726,1665,3
E02005473,South Holland 009,6,9950,15.3827,0.1778,0.0929,33.0414,-0.4079,-0.3809,21.4982,9.5857,0.3185,0.1129,4115,7
E02005474,South Holland 010,3,7319,23.9509,0.1738,0.1126,35.3798,-0.0699,-0.2808,45.7539,24.5554,0.3347,0.1097,2406,4
E02005475,South Holland 011,3,7562,19.0619,0.1921,0.1045,23.7356,-0.4124,-0.2168,41.2295,9.1881,0.3462,0.115,3262,5
E02005476,South Kesteven 001,4,7210,13.8872,0.1272,0.0876,9.3458,-0.7735,-0.8884,34.0618,32.6809,0.2196,0.0949,4491,7
E02005477,South Kesteven 002,4,9297,11.6243,0.1333,0.0936,7.8089,-0.852,-0.7277,30.7031,13.6815,0.2231,0.0981,5147,8
E02005478,South Kesteven 003,7,10086,22.995,0.2607,0.1639,30.0051,0.1629,0.0003,13.9494,10.9951,0.386,0.1961,2552,4
E02005479,South Kesteven 004,6,10021,10.413,0.1326,0.0881,10.125,-0.2799,-0.7133,14.9126,9.9933,0.1954,0.1109,5481,8
E02005480,South Kesteven 005,5,7538,37.9183,0.404,0.2836,49.1844,0.6965,0.5362,12.3188,10.5659,0.548,0.3221,869,2
E02005481,South Kesteven 006,6,12250,22.0027,0.2407,0.1453,23.5163,0.081,0.592,9.4811,29.6842,0.3705,0.1758,2723,4
E02005482,South Kesteven 007,5,9559,12.0299,0.1125,0.0751,8.6813,-0.7894,-0.9671,33.8076,23.2854,0.2007,0.0835,5017,8
E02005483,South Kesteven 008,4,7831,18.8073,0.1608,0.1092,14.9108,-0.4265,-0.5479,39.6964,31.2245,0.276,0.1039,3326,5
E02005484,South Kesteven 009,4,7231,19.468,0.1728,0.1065,13.0832,-0.5433,-0.2935,43.2754,30.6843,0.3063,0.1176,3163,5
E02005485,South Kesteven 010,6,8687,7.4321,0.1228,0.0734,8.2893,-0.6013,-0.7746,16.3409,4.2738,0.1953,0.0818,6229,10
E02005486,South Kesteven 011,6,9620,13.195,0.1915,0.1116,14.4484,-0.1682,-0.4947,15.1358,6.9875,0.2899,0.1475,4677,7
E02005487,South Kesteven 012,5,9757,8.9636,0.084,0.0653,6.9806,-1.0323,-1.2105,32.6014,16.3965,0.1178,0.0732,5853,9
E02005488,South Kesteven 013,4,7165,12.6135,0.1749,0.1103,17.4495,-0.5469,-0.4688,17.1023,7.4721,0.2675,0.1211,4844,8
E02005489,South Kesteven 014,5,7339,8.5862,0.1288,0.0725,12.4056,-0.7545,-0.8944,19.7473,8.3622,0.225,0.0883,5957,9
E02005490,South Kesteven 015,6,9089,16.1336,0.2173,0.1294,18.6287,-0.1045,-0.3007,15.6092,11.0057,0.3235,0.1636,3911,6
E02005491,South Kesteven 016,7,11548,9.0771,0.1215,0.0735,7.8619,-0.8314,-0.5938,16.8512,16.9989,0.1938,0.0835,5826,9
E02005492,West Lindsey 001,5,9954,17.0586,0.1562,0.1111,10.5034,-0.3444,-0.6652,37.1866,23.4512,0.2514,0.1195,3689,6
E02005493,West Lindsey 002,6,10243,15.6982,0.1495,0.1073,15.0545,-0.1347,-0.5462,31.8954,13.4763,0.2685,0.0919,4031,6
E02005494,West Lindsey 003,5,9817,20.7679,0.2076,0.1451,17.1501,-0.1079,-0.234,32.6605,20.9495,0.3242,0.1519,2912,5
E02005495,West Lindsey 004,6,10663,47.7633,0.4343,0.2894,45.7983,1.0033,1.2484,21.2288,42.5,0.6419,0.2667,402,1
E02005496,West Lindsey 005,4,6306,21.1248,0.1601,0.1175,15.5042,-0.2572,-0.5968,45.3235,31.8819,0.267,0.1236,2852,5
E02005497,West Lindsey 006,4,7529,46.8913,0.468,0.2845,59.188,1.1055,0.8406,25.9708,3.286,0.6369,0.3393,429,1
E02005498,West Lindsey 007,4,7607,18.7371,0.1212,0.1081,16.1298,-0.2445,-0.7541,41.8124,30.5273,0.1989,0.0926,3344,5
E02005499,West Lindsey 008,4,8850,11.9167,0.1279,0.0991,7.2576,-0.3983,-0.788,30.3001,10.1186,0.1867,0.0888,5052,8
E02005500,West Lindsey 009,5,7470,11.4446,0.1127,0.0806,9.9146,-0.4895,-0.9038,32.8193,10.8919,0.1776,0.0907,5192,8
E02005501,West Lindsey 010,5,8421,6.7734,0.0823,0.0645,4.4668,-0.5978,-1.2959,26.3271,4.6156,0.1135,0.0761,6359,10
E02005502,West Lindsey 011,5,9928,16.0765,0.1547,0.1036,15.7683,-0.2243,-0.8655,35.6174,14.2157,0.2387,0.1124,3924,6
E02005503,Breckland 001,4,7733,19.0491,0.1427,0.0941,22.3562,-0.6323,-0.8807,43.3429,33.9699,0.2792,0.0942,3265,5
E02005504,Breckland 002,4,9299,22.0373,0.1701,0.1082,24.2811,-0.4375,-0.6937,46.7375,33.7693,0.2999,0.1122,2714,4
E02005505,Breckland 003,4,7795,16.4555,0.1852,0.1285,19.6765,-0.2942,-0.0204,22.7498,11.2436,0.284,0.126,3833,6
E02005506,Breckland 004,4,7090,15.7765,0.1493,0.0909,20.8314,-0.4882,-0.689,35.6544,16.596,0.2847,0.1088,4008,6
E02005507,Breckland 005,6,11684,21.373,0.2601,0.1465,25.328,0.0268,0.0164,23.8029,8.8847,0.4196,0.1758,2812,5
E02005508,Breckland 006,5,7363,16.1265,0.13,0.0837,17.4983,-0.5549,-0.8556,38.716,31.3879,0.2328,0.0994,3913,6
E02005509,Breckland 007,6,9002,24.8436,0.2542,0.1575,46.2325,0.2432,0.0359,22.1461,8.3755,0.4587,0.1426,2242,4
E02005510,Breckland 008,5,7374,18.908,0.1569,0.109,20.5992,-0.2557,-0.755,43.6705,15.9338,0.2642,0.1187,3297,5
E02005511,Breckland 009,5,9230,20.0235,0.1826,0.1065,38.0988,-0.1158,-0.3601,33.8755,8.413,0.3717,0.1158,3047,5
E02005512,Breckland 010,6,9991,21.2463,0.1532,0.0961,28.5302,-0.2318,-0.6955,44.3648,23.391,0.2881,0.1183,2837,5
E02005513,Breckland 011,6,10934,14.7756,0.1759,0.1073,23.427,-0.2447,-0.5097,21.785,9.2345,0.2773,0.1537,4259,7
E02005514,Breckland 012,4,7015,21.8116,0.16,0.1071,28.6152,-0.145,-0.4779,45.3243,27.2271,0.2628,0.126,2752,5
E02005515,Breckland 013,3,6483,14.2997,0.1063,0.073,16.3249,-0.8005,-0.992,36.7045,30.5545,0.1737,0.08,4384,7
E02005516,Breckland 014,4,7214,18.2857,0.1137,0.079,18.1696,-0.6805,-0.8708,46.4325,37.6352,0.199,0.0761,3434,6
E02005517,Breckland 015,3,5920,37.66,0.3814,0.1967,71.9173,0.5541,0.6453,21.7167,6.6384,0.5527,0.2973,888,2
E02005518,Breckland 016,6,10703,14.8387,0.1467,0.0822,33.0355,-0.3123,-0.0774,18.0427,11.4458,0.2635,0.119,4245,7
E02005519,Breckland 017,5,8629,32.551,0.3266,0.1796,60.1058,0.3527,0.6584,23.4478,8.4397,0.487,0.2798,1298,2
E02005520,Broadland 001,5,9009,13.6487,0.1674,0.1079,19.8195,-0.6868,-0.7281,23.9867,10.0749,0.2909,0.0993,4557,7
E02005521,Broadland 002,6,8642,19.7467,0.1415,0.0904,23.1784,-0.5953,-0.6501,38.3368,46.2264,0.2239,0.1111,3099,5
E02005522,Broadland 003,4,5615,13.498,0.1291,0.089,12.7489,-0.5265,-0.8082,30.7597,26.7066,0.1781,0.1024,4596,7
E02005523,Broadland 004,5,8939,15.415,0.1567,0.0932,23.714,-0.5357,-0.5186,31.3909,14.9795,0.2409,0.1087,4103,6
E02005524,Broadland 005,4,5413,12.2009,0.127,0.0919,21.0053,-0.5153,-0.8399,27.5407,5.9136,0.2068,0.0811,4975,8
E02005525,Broadland 006,7,10035,7.3441,0.1001,0.0727,13.4068,-0.6997,-0.9767,19.247,1.7335,0.1657,0.0736,6249,10
E02005526,Broadland 007,4,5393,9.0335,0.1263,0.0817,14.0232,-0.5188,-0.8009,20.0175,4.1627,0.1826,0.1102,5838,9
E02005527,Broadland 008,5,9266,13.0305,0.1476,0.0948,14.7504,-0.6125,-0.7135,31.3862,7.4453,0.2354,0.0908,4729,7
E02005528,Broadland 009,5,8747,8.8866,0.1279,0.0841,16.4386,-0.9032,-0.7637,15.7079,7.1616,0.2055,0.0987,5870,9
E02005529,Broadland 010,4,5716,13.4401,0.1438,0.1112,28.3375,-0.2028,-0.4341,11.5159,6.5374,0.2232,0.1013,4609,7
E02005530,Broadland 011,3,5651,8.9595,0.124,0.0798,16.5302,-0.6254,-0.2517,7.3235,11.8567,0.2174,0.0662,5854,9
E02005531,Broadland 012,4,5321,12.8628,0.151,0.1101,20.6501,-0.3436,-0.4319,15.8311,9.8851,0.2424,0.1029,4780,7
E02005532,Broadland 013,6,9935,9.2508,0.124,0.0787,20.0534,-0.7494,-0.7404,16.2986,7.1097,0.2148,0.0702,5777,9
E02005533,Broadland 014,6,9296,14.0099,0.1262,0.0908,15.0419,-0.6278,-0.8892,37.0577,14.3897,0.1767,0.1082,4460,7
E02005534,Broadland 015,5,7334,8.9141,0.1131,0.0873,14.8833,-0.6671,-0.7626,15.2497,6.8038,0.1348,0.1112,5860,9
E02005535,Broadland 016,4,7169,9.7125,0.1188,0.0828,10.0907,-0.6832,-0.2629,19.216,10.4829,0.1824,0.0686,5651,9
E02005536,Broadland 017,4,6286,12.3425,0.1322,0.0796,17.4293,-0.5985,-0.8639,30.6509,12.7726,0.2534,0.074,4932,8
E02005537,Broadland 018,4,6118,18.2346,0.1779,0.1139,20.8306,-0.4059,-0.5785,35.5876,20.1996,0.3379,0.1064,3444,6
E02005538,Great Yarmouth 001,6,9657,23.6757,0.1657,0.1267,30.0387,0.1311,-0.4263,35.016,41.2588,0.2559,0.1331,2455,4
E02005539,Great Yarmouth 002,5,8156,20.9387,0.1626,0.1157,26.7433,-0.0383,-0.5403,37.9515,29.1369,0.3022,0.1033,2883,5
E02005540,Great Yarmouth 003,6,8718,20.3003,0.2041,0.1539,28.5204,0.3334,-0.3714,19.9321,11.9134,0.3516,0.1415,2998,5
E02005541,Great Yarmouth 004,4,5809,39.4625,0.3871,0.2303,43.2248,0.8883,0.8356,16.6524,35.4569,0.544,0.3048,772,2
E02005542,Great Yarmouth 005,4,7113,63.9041,0.5596,0.3407,72.7879,1.3777,1.713,18.3171,46.5493,0.7229,0.4035,38,1
E02005543,Great Yarmouth 006,5,9396,72.8305,0.6417,0.3853,85.732,1.5523,1.9826,21.4021,45.2466,0.829,0.4682,8,1
E02005544,Great Yarmouth 007,4,7207,47.1988,0.4378,0.2661,69.0413,1.0336,0.6864,18.723,34.0075,0.5914,0.3181,420,1
E02005545,Great Yarmouth 008,4,6444,13.7757,0.1448,0.1113,25.1949,-0.1174,-0.8912,21.2511,5.6523,0.26,0.086,4521,7
E02005546,Great Yarmouth 009,5,7840,42.0826,0.4081,0.2666,49.8664,0.9156,0.7065,19.0718,21.8971,0.6031,0.3193,632,1
E02005547,Great Yarmouth 010,5,8429,21.2223,0.2207,0.1353,25.308,0.0201,0.1448,19.8881,26.9841,0.3581,0.1583,2841,5
E02005548,Great Yarmouth 011,5,7497,34.3715,0.3773,0.2378,39.1488,0.832,0.3061,20.8493,8.7817,0.5189,0.3203,1131,2
E02005549,Great Yarmouth 012,4,5524,24.1198,0.1764,0.1278,32.1304,0.1385,-0.0525,41.4079,24.0022,0.2737,0.1326,2374,4
E02005550,Great Yarmouth 013,3,8044,17.8998,0.1926,0.1253,25.6149,-0.0793,-0.2524,27.6727,5.5419,0.2913,0.1557,3510,6
E02005551,King's Lynn and West Norfolk 001,4,5185,24.6639,0.2083,0.1488,38.9804,0.6084,-0.1608,22.2822,21.1616,0.4925,0.128,2280,4
E02005552,King's Lynn and West Norfolk 002,4,6620,26.121,0.1862,0.1258,32.2455,0.1199,-0.7834,41.3745,46.7093,0.4134,0.1056,2064,4
E02005553,King's Lynn and West Norfolk 003,6,8592,18.7083,0.161,0.1163,28.3038,0.3324,-0.746,27.8681,16.8576,0.3278,0.1114,3352,5
E02005554,King's Lynn and West Norfolk 004,4,7074,19.5482,0.1547,0.1187,26.742,0.0372,-1.3018,34.0785,23.5736,0.2435,0.123,3140,5
E02005555,King's Lynn and West Norfolk 005,5,6873,7.7308,0.0751,0.0674,12.2517,-0.3618,-1.2317,25.1406,2.0875,0.1565,0.0328,6165,9
E02005556,King's Lynn and West Norfolk 006,5,7646,13.0694,0.1383,0.0907,23.5228,0.2602,-0.6611,18.2518,4.5238,0.2141,0.0927,4718,7
E02005557,King's Lynn and West Norfolk 007,4,7015,44.1993,0.4233,0.232,77.4377,1.1292,0.7746,13.3702,13.7904,0.5591,0.3999,544,1
E02005558,King's Lynn and West Norfolk 008,4,7447,24.1082,0.1794,0.1231,30.8833,0.2223,-0.5862,42.0687,30.3505,0.2967,0.1366,2376,4
E02005559,King's Lynn and West Norfolk 009,4,7429,28.1859,0.2391,0.1582,43.316,0.7493,0.4985,8.9983,28.4017,0.3257,0.194,1787,3
E02005560,King's Lynn and West Norfolk 010,4,9119,26.1102,0.2726,0.1558,39.7841,0.5046,0.2974,20.5504,5.0892,0.3592,0.2517,2067,4
E02005561,King's Lynn and West Norfolk 011,7,10816,37.6124,0.3555,0.2074,51.1377,0.9278,0.7008,16.2016,29.0571,0.4882,0.2991,894,2
E02005562,King's Lynn and West Norfolk 012,4,7563,22.5999,0.1658,0.1146,24.5967,-0.0178,-0.6698,42.5733,36.7577,0.2771,0.1207,2627,4
E02005563,King's Lynn and West Norfolk 013,5,8273,27.8642,0.1944,0.1398,41.0735,0.3612,-0.232,45.2977,24.8191,0.3465,0.1336,1830,3
E02005564,King's Lynn and West Norfolk 014,6,10159,17.6145,0.1156,0.0871,22.5188,0.0321,-1.3108,40.7953,20.9403,0.225,0.0914,3566,6
E02005565,King's Lynn and West Norfolk 015,4,7398,23.5999,0.1736,0.1265,29.7172,0.1915,-0.5065,41.5972,27.1429,0.2775,0.1271,2463,4
E02005566,King's Lynn and West Norfolk 016,6,10555,27.8788,0.1949,0.1437,36.003,0.3365,-0.2376,41.7467,36.0912,0.3085,0.138,1827,3
E02005567,King's Lynn and West Norfolk 017,8,11356,17.7509,0.1951,0.1247,26.217,0.3277,-0.3683,19.3445,6.7788,0.3342,0.1395,3543,6
E02005568,King's Lynn and West Norfolk 018,3,7700,22.4518,0.1558,0.1068,26.9906,-0.0618,-0.7932,42.8433,39.8956,0.2767,0.1301,2651,4
E02005569,King's Lynn and West Norfolk 019,5,8900,25.3066,0.1471,0.1007,42.1539,-0.047,-0.6542,46.99,40.1036,0.2427,0.1178,2179,4
E02005570,North Norfolk 001,4,6953,15.2862,0.162,0.1177,20.7355,-0.1238,-0.5842,19.0044,19.5784,0.2976,0.0984,4138,7
E02005571,North Norfolk 002,4,5898,23.6977,0.1941,0.1211,30.8668,-0.2242,-0.659,34.7441,45.9618,0.3525,0.1207,2450,4
E02005572,North Norfolk 003,6,7477,23.8779,0.2288,0.1629,30.2098,0.3824,-0.1429,20.211,25.6451,0.4099,0.1498,2420,4
E02005573,North Norfolk 004,3,5774,19.1706,0.188,0.1295,30.3649,-0.3549,-0.6372,27.923,20.6772,0.3868,0.1036,3238,5
E02005574,North Norfolk 005,4,6895,19.2253,0.1517,0.1214,23.042,-0.306,-0.6968,34.484,33.1747,0.3152,0.089,3217,5
E02005575,North Norfolk 006,3,7027,20.125,0.1454,0.0993,23.2891,-0.605,-0.8113,41.476,41.2457,0.2462,0.1007,3021,5
E02005576,North Norfolk 007,4,6687,22.6588,0.1856,0.1394,26.5282,0.1491,-0.3808,37.8893,22.7558,0.3657,0.1122,2614,4
E02005577,North Norfolk 008,3,6037,24.9507,0.1889,0.1146,36.3726,-0.1989,-0.524,40.6342,43.0944,0.3812,0.112,2221,4
E02005578,North Norfolk 009,3,6012,23.5074,0.1868,0.1105,31.1895,-0.2509,-0.5703,38.104,45.7879,0.3988,0.1054,2470,4
E02005580,North Norfolk 011,5,8146,19.4171,0.2057,0.1394,32.0281,0.1754,-0.4138,17.906,12.339,0.3326,0.1504,3173,5
E02005581,North Norfolk 012,5,7985,19.9127,0.148,0.0929,20.128,-0.248,-0.9783,42.5228,39.7893,0.2692,0.1066,3071,5
E02005582,North Norfolk 013,4,6768,24.5841,0.2223,0.1391,30.2173,-0.0461,-0.3353,30.3747,41.2134,0.391,0.1636,2294,4
E02005583,North Norfolk 014,5,8557,20.3308,0.1626,0.1294,26.7594,-0.1473,-0.7537,33.7355,29.1592,0.3397,0.0944,2992,5
E02005584,Norwich 001,6,10943,29.8681,0.3125,0.1773,44.0498,0.442,0.3823,21.948,11.8133,0.438,0.3017,1569,3
E02005585,Norwich 002,7,11198,40.7051,0.4213,0.2276,53.3272,0.9142,0.9741,17.3656,19.1198,0.5901,0.3679,703,2
E02005586,Norwich 003,6,10249,23.0177,0.2338,0.1328,21.9154,0.3872,0.5417,11.083,37.6529,0.3619,0.2452,2549,4
E02005587,Norwich 004,7,10268,33.8155,0.324,0.1995,47.3519,0.8116,0.6645,24.08,8.8643,0.5005,0.2308,1176,2
E02005588,Norwich 005,7,13200,28.1915,0.3119,0.155,42.6952,0.6966,0.3407,23.0919,4.435,0.4734,0.3417,1786,3
E02005589,Norwich 006,7,12213,34.6015,0.3792,0.184,49.0911,0.7481,0.6765,19.3094,14.5679,0.6001,0.3528,1118,2
E02005592,Norwich 009,6,9157,9.4985,0.0893,0.0526,2.9229,-0.4761,-0.4285,9.7151,46.5084,0.1502,0.0987,5717,9
E02005593,Norwich 010,5,11073,19.3167,0.2064,0.0952,38.413,0.0037,-0.0604,20.8106,8.064,0.5091,0.2602,3196,5
E02005594,Norwich 011,7,10993,17.7807,0.1963,0.117,14.2302,0.0882,0.0344,11.417,29.5154,0.2715,0.2291,3535,6
E02005595,Norwich 012,6,9500,8.3508,0.1065,0.0704,12.2322,-0.8521,-0.714,13.5134,12.3547,0.1861,0.0929,6020,9
E02005596,Norwich 013,6,10021,32.9234,0.3587,0.2049,47.4206,0.6723,0.6315,13.3222,15.977,0.5236,0.3,1259,2
E02005598,South Norfolk 002,6,10367,9.5175,0.1357,0.077,6.4522,-0.6373,-0.7956,24.1324,12.1087,0.2101,0.0674,5713,9
E02005599,South Norfolk 003,4,7591,9.4152,0.138,0.087,11.1815,-0.8301,-0.561,20.7998,5.0038,0.2137,0.0986,5734,9
E02005600,South Norfolk 004,4,6380,14.2768,0.1135,0.0812,14.7893,-0.8463,-0.962,33.7596,34.6443,0.1782,0.0813,4388,7
E02005601,South Norfolk 005,4,5553,12.0193,0.1458,0.1129,12.8239,-0.3228,-0.5805,16.8432,10.6827,0.2066,0.124,5020,8
E02005602,South Norfolk 006,8,12979,9.3994,0.106,0.0778,7.6216,-0.7976,-0.8822,26.1327,14.6098,0.1495,0.0782,5738,9
E02005603,South Norfolk 007,7,13320,10.1199,0.1576,0.0911,10.5117,-0.798,-0.4847,19.4692,7.4245,0.2307,0.0913,5556,9
E02005604,South Norfolk 008,6,8916,14.4583,0.1565,0.1063,13.8938,-0.5671,-0.9232,29.8649,18.8971,0.2483,0.1129,4352,7
E02005605,South Norfolk 009,7,10761,11.1549,0.1103,0.0761,9.9839,-0.7958,-1.2427,31.5196,21.3802,0.162,0.0912,5277,8
E02005606,South Norfolk 010,4,5921,18.681,0.1286,0.0922,20.8091,-0.6147,-0.5159,37.3316,44.0298,0.2251,0.0988,3357,5
E02005607,South Norfolk 011,6,11789,14.7414,0.1284,0.0837,17.3826,-0.7821,-0.7602,32.0861,32.3792,0.1969,0.1071,4270,7
E02005608,South Norfolk 012,5,7747,17.36,0.1406,0.0978,16.0989,-0.4852,-0.6717,36.1952,36.9787,0.2191,0.0966,3631,6
E02005609,South Norfolk 013,4,7682,17.3981,0.1754,0.1142,22.9246,-0.4829,-0.4126,28.1463,22.9113,0.293,0.1157,3623,6
E02005610,South Norfolk 014,6,8226,17.4196,0.1282,0.0949,16.8854,-0.6111,-0.8424,38.297,38.8362,0.2382,0.0949,3616,6
E02005611,South Norfolk 015,7,10980,15.4384,0.1807,0.1218,27.5726,-0.3936,-0.3103,16.7884,9.8327,0.2923,0.1307,4097,6
E02005612,North Northamptonshire 002,4,7285,16.7986,0.1794,0.1072,25.8088,-0.026,-0.3718,23.3463,13.4413,0.2718,0.1411,3754,6
E02005613,North Northamptonshire 003,6,9224,24.158,0.2627,0.147,45.2386,0.4796,0.202,12.6112,11.6303,0.4109,0.1981,2363,4
E02005614,North Northamptonshire 006,8,14377,15.2406,0.181,0.0986,21.4791,-0.0455,-0.3912,22.0405,7.1226,0.2745,0.148,4156,7
E02005615,North Northamptonshire 004,6,9472,24.7727,0.2667,0.1505,44.7544,0.4187,0.4702,13.5349,7.844,0.4413,0.158,2255,4
E02005616,North Northamptonshire 005,4,5939,34.6249,0.3518,0.2041,52.3807,0.7727,0.9292,9.6971,12.0067,0.5104,0.2576,1112,2
E02005617,North Northamptonshire 007,7,11358,39.5874,0.3879,0.2205,65.2008,0.9342,1.0406,12.8638,9.6005,0.5478,0.2739,766,2
E02005619,West Northamptonshire 001,3,6373,14.3835,0.093,0.0495,8.2725,-1.2311,-0.5328,41.6317,45.829,0.1686,0.07,4366,7
E02005620,West Northamptonshire 002,5,8606,9.3415,0.0977,0.0679,10.0941,-0.9994,-0.5454,26.6463,14.5237,0.1483,0.067,5755,9
E02005621,West Northamptonshire 004,5,8716,12.9572,0.1005,0.0658,14.1055,-0.7441,-0.8178,34.5811,30.26,0.189,0.0708,4754,7
E02005622,West Northamptonshire 005,5,10040,9.1478,0.0793,0.0563,6.3647,-1.2115,-0.5685,30.3586,25.2499,0.1309,0.0581,5807,9
E02005623,West Northamptonshire 003,6,12401,9.3279,0.1215,0.0627,7.9144,-0.8397,-0.3844,27.3353,10.3344,0.1998,0.0924,5759,9
E02005624,West Northamptonshire 010,7,11470,12.7788,0.1575,0.0907,19.8911,-0.249,-0.1808,21.2927,3.0239,0.2523,0.107,4801,8
E02005625,West Northamptonshire 016,5,9309,19.7347,0.2183,0.1303,33.5401,0.0292,0.2111,14.79,10.9995,0.3507,0.1942,3101,5
E02005626,West Northamptonshire 022,4,7125,25.7333,0.2808,0.1525,43.6322,0.4006,0.0456,21.8824,5.2261,0.4056,0.2625,2113,4
E02005627,West Northamptonshire 027,4,7761,13.6398,0.1465,0.0811,16.3611,-0.5298,-0.2006,28.1103,17.9374,0.2059,0.1321,4561,7
E02005628,West Northamptonshire 042,4,8495,13.2544,0.1221,0.0813,14.5762,-0.7144,-0.7348,35.8726,18.5414,0.1956,0.1068,4664,7
E02005629,North Northamptonshire 001,3,6524,13.9345,0.1334,0.0826,7.8814,-0.7367,-0.9312,37.1182,30.0689,0.2054,0.1011,4477,7
E02005630,North Northamptonshire 010,6,10641,9.0602,0.0923,0.0647,9.763,-0.9725,-0.9422,26.5466,20.7368,0.1471,0.0778,5833,9
E02005631,North Northamptonshire 011,6,11277,12.3505,0.1257,0.0681,15.5232,-0.5411,-0.6276,31.3264,17.8774,0.2114,0.1094,4927,8
E02005632,North Northamptonshire 024,3,6477,14.2392,0.1265,0.0917,18.0835,-0.1964,-0.3612,29.7858,16.3209,0.208,0.1035,4403,7
E02005633,North Northamptonshire 025,6,10135,14.2395,0.172,0.09,25.2379,-0.107,-0.1948,20.6535,6.1361,0.2977,0.1105,4402,7
E02005634,North Northamptonshire 027,5,9464,17.9479,0.2027,0.1206,25.4797,0.2141,-0.0323,17.4417,10.4184,0.3213,0.1702,3500,6
E02005635,North Northamptonshire 035,5,9445,10.215,0.1351,0.0753,15.7623,-0.3364,-0.293,13.7992,9.4858,0.2345,0.0916,5531,9
E02005636,North Northamptonshire 034,6,12321,15.8213,0.2012,0.109,25.9525,-0.0617,0.0667,9.9835,10.0691,0.3022,0.1478,3998,6
E02005637,North Northamptonshire 037,5,9336,27.6996,0.2787,0.163,37.0584,0.521,0.8074,10.6785,28.1871,0.4297,0.2048,1843,3
E02005638,North Northamptonshire 039,6,9869,6.6105,0.0923,0.065,13.8656,-0.4929,-0.6955,13.629,4.607,0.1645,0.0567,6391,10
E02005639,North Northamptonshire 012,3,5838,14.6788,0.1164,0.0799,10.7788,-0.5957,-0.4008,35.5002,32.4785,0.2243,0.0895,4294,7
E02005640,North Northamptonshire 013,8,11830,14.2702,0.152,0.1005,22.7142,-0.0418,-0.234,21.2938,7.2054,0.2538,0.1032,4395,7
E02005641,North Northamptonshire 014,5,8825,19.1002,0.2179,0.1195,30.5945,-0.1103,0.049,20.8699,12.8299,0.3593,0.13,3253,5
E02005642,North Northamptonshire 015,5,8416,9.9001,0.1276,0.0809,12.0148,-0.1675,-0.3622,9.9894,14.5532,0.2144,0.0772,5608,9
E02005643,North Northamptonshire 016,5,8687,38.3506,0.397,0.2363,49.6652,0.9071,0.9831,10.8799,18.6266,0.5341,0.3191,843,2
E02005644,North Northamptonshire 017,4,9190,31.87,0.3227,0.1632,37.0644,0.7286,0.8667,8.9591,45.5776,0.4927,0.2462,1366,2
E02005645,North Northamptonshire 018,7,12887,19.9062,0.2173,0.1276,17.4673,0.259,0.3008,9.6977,23.0837,0.3003,0.2051,3072,5
E02005646,North Northamptonshire 019,5,6494,8.4795,0.1089,0.0728,15.795,-0.2952,-0.6791,11.9995,8.7891,0.1797,0.0654,5987,9
E02005647,North Northamptonshire 022,4,7735,23.8806,0.2674,0.1635,30.1275,0.4561,0.259,10.1802,15.8504,0.4161,0.1989,2419,4
E02005648,North Northamptonshire 021,5,10064,6.9878,0.111,0.0692,8.102,-0.5064,-0.6594,17.9075,2.901,0.19,0.0534,6328,10
E02005650,West Northamptonshire 006,4,7144,12.5459,0.1573,0.09,22.5423,-0.3542,-0.0582,14.3221,10.8575,0.2662,0.0955,4872,8
E02005651,West Northamptonshire 007,4,6471,8.7822,0.1099,0.0699,15.2009,-0.5731,-0.7666,18.5537,12.8144,0.2386,0.0556,5901,9
E02005652,West Northamptonshire 008,4,6782,14.444,0.148,0.1055,20.0211,-0.1198,-0.0941,15.9796,13.4821,0.2224,0.1236,4354,7
E02005653,West Northamptonshire 011,5,9022,28.9378,0.3242,0.166,41.7488,0.2945,0.6401,26.0135,9.3871,0.4658,0.212,1697,3
E02005654,West Northamptonshire 009,5,8763,27.5764,0.3174,0.1586,35.0387,0.2626,0.6491,28.5744,7.1259,0.4544,0.2696,1858,3
E02005655,West Northamptonshire 012,4,6411,14.6339,0.1657,0.1115,17.1232,-0.2329,0.1912,15.0639,16.5951,0.2484,0.1275,4304,7
E02005656,West Northamptonshire 014,4,6700,33.4958,0.3914,0.1912,44.5082,0.4291,0.7934,24.8759,11.0407,0.577,0.3228,1201,2
E02005657,West Northamptonshire 013,4,6677,13.6146,0.1466,0.0934,17.0882,-0.2556,0.1273,13.3868,21.0748,0.2378,0.1304,4567,7
E02005658,West Northamptonshire 015,4,6977,30.3114,0.3381,0.1762,42.9505,0.4288,0.858,14.6084,20.258,0.4666,0.3343,1520,3
E02005659,West Northamptonshire 018,3,6057,14.721,0.1905,0.1128,16.182,0.0889,0.0035,12.9804,10.4964,0.2426,0.1751,4283,7
E02005660,West Northamptonshire 026,4,6573,35.9693,0.3824,0.2026,35.8865,0.6972,0.749,30.1518,9.0678,0.5262,0.3632,1007,2
E02005661,West Northamptonshire 017,4,7107,29.8149,0.3343,0.1702,36.6784,0.4644,0.9065,16.8437,16.1329,0.4155,0.3631,1575,3
E02005662,West Northamptonshire 019,4,6868,17.112,0.1786,0.1007,21.3844,-0.0136,0.3115,9.436,30.9644,0.2807,0.1709,3675,6
E02005663,West Northamptonshire 023,4,5439,6.8907,0.0895,0.0546,11.6557,-0.7518,-1.065,24.5004,5.1648,0.1728,0.057,6349,10
E02005664,West Northamptonshire 025,4,6259,26.3139,0.2461,0.1479,28.2603,0.5679,0.6833,13.5519,37.8122,0.3566,0.2145,2030,3
E02005665,West Northamptonshire 024,5,8413,14.093,0.1751,0.0943,20.577,-0.4579,0.0774,20.2766,11.7334,0.2617,0.1475,4444,7
E02005666,West Northamptonshire 021,5,9139,37.9317,0.4359,0.2106,50.1845,0.7016,0.8551,23.7593,10.6822,0.5425,0.4249,867,2
E02005667,West Northamptonshire 020,4,6894,21.5519,0.2304,0.1491,24.8509,0.3896,0.2637,22.2756,6.1916,0.3278,0.1736,2781,5
E02005668,West Northamptonshire 028,4,6646,10.3434,0.1273,0.0828,15.7216,-0.3148,-0.0405,14.6238,7.7311,0.2171,0.074,5501,9
E02005669,West Northamptonshire 029,4,6092,4.8704,0.0622,0.0503,5.8401,-1.2119,-0.2702,12.4476,15.2202,0.1186,0.0335,6655,10
E02005670,West Northamptonshire 032,5,9777,39.3183,0.3838,0.2023,46.9442,0.806,1.2468,17.9492,35.6748,0.5553,0.4931,788,2
E02005671,West Northamptonshire 030,4,7975,20.3362,0.2179,0.0985,19.8114,-0.0876,0.5891,11.543,47.465,0.3833,0.201,2991,5
E02005672,West Northamptonshire 031,4,8893,29.0412,0.285,0.1267,37.0801,0.3234,0.9898,17.8825,46.759,0.4762,0.3738,1688,3
E02005673,West Northamptonshire 033,4,7848,22.5732,0.2189,0.1203,28.7184,0.0897,0.6147,18.9373,34.5717,0.3369,0.1977,2633,4
E02005674,West Northamptonshire 034,5,9507,28.576,0.2398,0.1604,27.5389,0.8571,0.9211,19.3753,29.5135,0.3442,0.3065,1743,3
E02005675,West Northamptonshire 036,4,6582,27.4935,0.3169,0.166,36.8106,0.3829,0.735,19.5822,5.9032,0.4335,0.291,1866,3
E02005676,West Northamptonshire 038,4,6325,20.7632,0.2414,0.1325,27.8517,0.0011,0.5306,11.0325,14.7366,0.3259,0.2265,2913,5
E02005677,West Northamptonshire 037,5,10371,14.6012,0.1462,0.0912,22.745,-0.2846,0.0382,19.0409,19.8131,0.255,0.1622,4314,7
E02005679,West Northamptonshire 041,6,9113,5.765,0.0924,0.0493,10.0461,-0.8449,-0.9706,19.3107,5.9674,0.1472,0.0641,6526,10
E02005680,West Northamptonshire 044,5,8741,5.8055,0.0969,0.053,5.576,-0.8623,-0.6633,20.0492,4.8606,0.1717,0.0582,6517,10
E02005681,West Northamptonshire 040,5,8567,10.8101,0.1237,0.0764,10.8988,-0.5593,-0.542,28.5861,11.8173,0.1918,0.0945,5374,8
E02005682,West Northamptonshire 043,4,7632,10.2531,0.1199,0.0659,8.2384,-1.0925,-0.7849,32.7209,16.3697,0.1815,0.0896,5520,9
E02005683,West Northamptonshire 046,8,15047,10.1652,0.1016,0.0674,9.1256,-0.7027,-0.5767,33.4537,8.4941,0.1558,0.0893,5543,9
E02005684,West Northamptonshire 045,5,8652,9.7366,0.0816,0.0526,5.2765,-1.139,-1.0424,30.9141,27.7698,0.1164,0.0716,5645,9
E02005685,West Northamptonshire 047,5,10464,9.9893,0.136,0.0695,12.1397,-0.7344,-0.4863,23.7138,7.3229,0.217,0.1117,5588,9
E02005686,West Northamptonshire 048,5,7859,10.8561,0.0858,0.0603,7.6146,-0.8809,-0.8699,33.7617,25.6459,0.1276,0.0769,5357,8
E02005687,West Northamptonshire 049,3,6684,11.8789,0.0963,0.0444,6.0739,-1.2682,-0.847,41.2006,29.2229,0.1903,0.073,5071,8
E02005688,West Northamptonshire 050,5,9912,10.1315,0.1086,0.0659,13.1706,-0.8392,-0.4725,30.0957,9.9571,0.1632,0.0879,5555,9
E02005689,West Northamptonshire 051,6,10950,4.548,0.0735,0.044,6.1217,-0.9705,-1.2084,21.4739,3.1699,0.1096,0.0669,6695,10
E02005690,West Northamptonshire 053,4,5499,11.5464,0.1388,0.081,17.2945,-0.3781,-0.7165,21.6267,13.9677,0.2212,0.1507,5164,8
E02005691,West Northamptonshire 052,3,6675,10.5051,0.0911,0.0493,9.5761,-1.2282,-1.1584,37.516,23.38,0.1489,0.0897,5457,8
E02005692,North Northamptonshire 026,4,7256,17.2035,0.1874,0.1131,24.6166,-0.1832,0.0853,22.7483,13.5861,0.314,0.1375,3657,6
E02005693,North Northamptonshire 028,5,8711,23.9163,0.2882,0.1515,37.1258,0.0485,0.1356,15.638,6.6714,0.4147,0.2124,2412,4
E02005694,North Northamptonshire 029,5,7508,7.1524,0.0848,0.0648,12.7686,-0.5446,-0.6802,16.5978,10.1168,0.1383,0.0634,6303,10
E02005695,North Northamptonshire 030,5,10388,21.9635,0.2475,0.116,36.4978,0.1901,0.3512,9.7916,25.8238,0.3889,0.2322,2728,4
E02005696,North Northamptonshire 031,4,6343,33.927,0.3875,0.2086,49.5634,0.7328,0.5486,18.2866,8.4282,0.5554,0.2962,1167,2
E02005697,North Northamptonshire 032,5,7192,33.8133,0.3374,0.1915,34.4189,0.8164,1.2497,8.5085,32.8382,0.4807,0.3112,1177,2
E02005698,North Northamptonshire 033,4,6065,25.1603,0.2679,0.164,37.049,0.1986,0.4982,12.0236,10.7638,0.3794,0.2153,2197,4
E02005699,North Northamptonshire 036,5,9428,24.0737,0.2598,0.1481,39.8271,0.3251,0.4693,13.846,6.2963,0.3831,0.2328,2379,4
E02005700,North Northamptonshire 038,6,10267,10.7206,0.1234,0.0727,11.2709,-0.4813,-0.4213,23.8102,17.9663,0.2068,0.0979,5401,8
E02005701,North Northamptonshire 040,6,11236,13.8007,0.1423,0.0935,19.7756,-0.3067,-0.5565,25.5266,15.2904,0.2334,0.0999,4515,7
E02005702,Northumberland 004,4,6920,10.8027,0.0943,0.0626,11.7938,-0.5916,-1.2874,33.5188,16.7268,0.1633,0.0786,5380,8
E02005703,Northumberland 005,4,6757,21.5085,0.2232,0.1439,29.7341,0.442,0.2401,13.2955,15.294,0.3497,0.1756,2789,5
E02005704,Northumberland 006,7,12775,19.2127,0.1825,0.1261,22.1781,0.056,-0.288,28.2813,13.7164,0.2878,0.1447,3224,5
E02005705,Northumberland 007,4,7686,17.1072,0.1159,0.0844,8.9121,-0.4971,-0.8858,42.0744,41.6348,0.181,0.0933,3679,6
E02005706,Northumberland 001,6,9227,28.193,0.2801,0.1751,39.6799,0.6227,0.3203,18.858,22.3789,0.3993,0.2146,1785,3
E02005707,Northumberland 002,5,7006,16.6024,0.1304,0.0974,17.6406,-0.1056,-0.8186,30.5297,27.442,0.2456,0.0983,3795,6
E02005708,Northumberland 003,6,10078,20.8794,0.1529,0.1022,22.0343,-0.3468,-0.7327,38.7623,43.7695,0.2735,0.1205,2892,5
E02005709,Northumberland 022,4,6909,57.1053,0.5257,0.3564,60.0662,2.1031,1.3454,8.1874,11.2478,0.6743,0.3898,134,1
E02005710,Northumberland 023,6,9408,36.0382,0.3088,0.2272,25.3309,1.2919,1.0578,5.5393,31.2004,0.4274,0.2215,1002,2
E02005711,Northumberland 024,5,7864,38.5081,0.4016,0.2638,39.9971,1.1505,0.9253,7.0795,11.7906,0.5563,0.2894,826,2
E02005712,Northumberland 025,6,9752,25.0715,0.2617,0.1622,26.3126,0.6349,0.6855,12.5319,8.5746,0.3832,0.176,2205,4
E02005713,Northumberland 026,4,6252,5.2571,0.0666,0.0623,6.5183,-0.3835,-1.0338,13.4393,4.9884,0.1285,0.0423,6602,10
E02005715,Northumberland 029,5,9544,29.4443,0.3393,0.1961,35.1157,0.8043,0.2601,12.7777,12.6573,0.5199,0.2643,1627,3
E02005717,Northumberland 030,5,7418,16.4137,0.1762,0.1286,13.4132,0.2754,-0.0582,19.4063,12.6529,0.2451,0.1524,3845,6
E02005718,Northumberland 031,5,6217,10.6841,0.1074,0.0937,11.4758,0.1504,-0.2722,8.9132,11.4428,0.1793,0.0868,5406,8
E02005719,Northumberland 032,5,8181,22.6806,0.2234,0.1701,21.3644,0.6112,0.4739,16.2257,11.3099,0.3849,0.1807,2612,4
E02005720,Northumberland 008,7,12219,26.898,0.2157,0.1643,35.297,0.6918,0.2603,29.7331,9.3994,0.3741,0.1535,1942,3
E02005721,Northumberland 011,3,5567,20.3681,0.1958,0.1395,14.9898,0.3278,0.3879,22.9359,10.131,0.2592,0.1796,2987,5
E02005722,Northumberland 015,5,9990,12.7859,0.0885,0.0663,3.9057,-0.5824,-0.4705,39.2972,23.3878,0.1368,0.056,4799,7
E02005723,Northumberland 016,4,6048,24.0052,0.2463,0.1911,18.6731,0.745,0.2833,12.235,14.6426,0.3519,0.1826,2393,4
E02005724,Northumberland 018,4,6572,4.8756,0.0563,0.079,1.8259,-0.4471,-1.3521,15.9898,1.624,0.0939,0.0338,6654,10
E02005725,Northumberland 033,4,7426,6.5645,0.0816,0.0683,4.7864,-0.9364,-0.7315,20.7911,5.7196,0.125,0.0628,6402,10
E02005726,Northumberland 034,5,8098,7.5304,0.0511,0.0463,2.3503,-0.9787,-1.4605,33.0742,14.6522,0.0816,0.0478,6203,10
E02005727,Northumberland 019,4,5978,22.7102,0.1544,0.0922,12.0716,-0.346,-1.0525,47.0246,58.5118,0.2592,0.1273,2603,4
E02005728,Northumberland 037,5,6849,23.1269,0.1849,0.1212,22.8105,0.1676,-0.4977,32.337,43.8275,0.316,0.1277,2524,4
E02005729,Northumberland 036,4,5618,12.1704,0.1063,0.0819,4.9115,-0.3935,-0.6785,26.6963,31.3306,0.1462,0.1077,4987,8
E02005730,Northumberland 035,7,12870,12.9873,0.1591,0.1069,12.5389,-0.1582,-0.5092,13.9811,15.2833,0.2201,0.1179,4744,7
E02005731,Northumberland 038,5,10792,16.2403,0.2019,0.1313,16.0305,0.1309,-0.0949,16.6556,6.4501,0.3011,0.1606,3892,6
E02005733,Northumberland 040,6,8349,18.6077,0.1237,0.0801,7.1127,-0.3356,-1.1542,41.3074,54.1779,0.1959,0.0946,3371,5
E02005734,Northumberland 009,4,5837,43.3125,0.3659,0.2659,51.6655,1.283,0.9158,20.6059,20.1594,0.4945,0.2724,570,1
E02005735,Northumberland 010,5,7113,56.9044,0.5032,0.3425,44.5601,1.5869,1.8457,9.5787,37.7112,0.6865,0.2465,141,1
E02005736,Northumberland 013,4,8950,37.2751,0.3683,0.2499,33.3977,1.0439,0.5902,15.4144,8.3029,0.5242,0.2385,913,2
E02005739,Northumberland 017,6,9044,25.6458,0.259,0.1728,28.8853,0.7148,0.1786,17.154,14.1514,0.4202,0.1758,2128,4
E02005740,Northumberland 020,7,10088,34.3166,0.3231,0.219,36.1222,1.0336,0.9171,12.6274,19.7532,0.5143,0.2325,1134,2
E02005741,Northumberland 021,6,8493,16.8726,0.171,0.1243,21.5309,0.2551,0.0942,10.5543,6.2109,0.2724,0.123,3737,6
E02005742,Craven 001,4,7598,13.9292,0.1107,0.0779,10.2197,-1.015,-1.0084,33.0915,40.7804,0.1923,0.0768,4479,7
E02005744,Craven 003,4,7862,12.1004,0.1022,0.0731,15.0337,-0.8934,-1.0079,24.7177,39.097,0.1661,0.0796,5004,8
E02005746,Craven 005,4,6876,11.1347,0.1476,0.0932,7.9368,-0.2753,-0.9541,10.7953,21.4222,0.1866,0.1525,5282,8
E02005747,Craven 006,5,6867,21.4535,0.2514,0.1321,19.9573,0.3308,0.0482,11.4861,34.7097,0.3777,0.2008,2797,5
E02005748,Craven 007,4,8116,11.9277,0.0957,0.0674,6.4361,-0.6469,-0.9718,31.1428,38.0422,0.1556,0.0719,5046,8
E02005749,Craven 008,6,10141,11.1715,0.1202,0.0834,9.8091,-0.3199,-1.0024,19.1951,26.6149,0.1739,0.1114,5273,8
E02005750,Hambleton 001,5,7771,18.0307,0.1898,0.1212,22.6118,-0.6594,-0.6828,25.6684,26.6858,0.3465,0.1503,3488,6
E02005751,Hambleton 002,5,8643,9.7539,0.0747,0.0641,2.7166,-1.1925,-1.0981,33.5121,28.1727,0.131,0.0551,5639,9
E02005752,Hambleton 003,4,7176,16.786,0.1225,0.0788,8.8933,-0.8531,-0.5211,38.6828,42.3013,0.2309,0.1035,3755,6
E02005754,Hambleton 005,5,7460,7.2892,0.0649,0.0602,7.1443,-0.9279,-1.6163,24.9238,17.6506,0.1075,0.0522,6262,10
E02005755,Hambleton 006,4,6853,13.2727,0.1393,0.0813,12.3835,-0.8421,-0.4336,30.0485,21.0303,0.2388,0.1081,4658,7
E02005756,Hambleton 007,3,6480,13.1392,0.0754,0.0528,6.5726,-1.1798,-2.0584,44.5598,38.4718,0.1213,0.0764,4700,7
E02005757,Hambleton 008,5,8696,12.4011,0.1208,0.0773,13.4357,-0.9036,-0.4721,22.4403,29.7034,0.2088,0.0971,4913,8
E02005758,Hambleton 009,5,9801,16.1463,0.1686,0.0944,18.1799,-0.6733,-1.04,31.2407,21.5164,0.2793,0.146,3907,6
E02005759,Hambleton 010,5,9549,11.0087,0.1211,0.0789,7.6775,-0.8433,-1.0918,28.475,20.8685,0.2024,0.0855,5321,8
E02005760,Hambleton 011,3,6229,10.7127,0.078,0.0514,5.3898,-1.0106,-1.4502,40.5108,26.736,0.129,0.0711,5402,8
E02005761,Harrogate 001,4,5511,16.5585,0.0904,0.0612,8.7321,-1.0979,-1.3505,42.5751,55.6563,0.1238,0.0847,3805,6
E02005762,Harrogate 002,4,6498,7.6515,0.1135,0.0678,8.5336,-0.7664,-0.9376,15.0475,15.7945,0.176,0.0755,6186,10
E02005763,Harrogate 003,4,6761,13.9027,0.1039,0.0602,7.5442,-0.8799,-1.3332,41.8256,36.7861,0.1704,0.0823,4489,7
E02005764,Harrogate 004,7,10435,14.6555,0.1752,0.1059,24.1704,-0.3479,-0.3388,15.7868,15.9149,0.2873,0.1299,4296,7
E02005765,Harrogate 005,4,7675,12.5913,0.1346,0.0727,15.5931,-0.7884,-0.4381,31.1144,17.2988,0.2598,0.0898,4854,8
E02005766,Harrogate 006,4,6024,15.9743,0.1122,0.072,12.1693,-1.0855,-1.0512,40.8681,43.0351,0.202,0.0871,3949,6
E02005767,Harrogate 007,4,7592,6.5987,0.0768,0.0502,4.6994,-1.2433,-1.4225,26.1385,17.852,0.1286,0.0449,6394,10
E02005768,Harrogate 008,5,8590,7.4385,0.0957,0.0532,9.5143,-0.8914,-1.3915,27.982,7.6259,0.1826,0.0688,6228,10
E02005769,Harrogate 009,4,7058,16.555,0.1894,0.1159,22.526,-0.0236,0.0048,9.4482,22.7725,0.2542,0.163,3806,6
E02005770,Harrogate 010,7,9078,9.9149,0.1152,0.0815,13.1009,-0.435,-0.6149,12.9796,19.8344,0.1869,0.0747,5602,9
E02005771,Harrogate 011,5,7663,14.4382,0.1765,0.105,23.1564,-0.2707,-0.0077,14.9025,9.0447,0.2535,0.1396,4355,7
E02005772,Harrogate 012,4,6044,4.9634,0.0728,0.0535,3.8764,-0.8135,-1.311,18.2762,12.8692,0.1464,0.0383,6645,10
E02005773,Harrogate 013,6,9165,23.9398,0.2427,0.1516,28.6096,0.4368,0.1804,8.4363,27.4032,0.3526,0.2149,2408,4
E02005774,Harrogate 014,6,9629,14.3666,0.168,0.1019,17.3978,0.0316,0.0035,11.5232,17.9074,0.2491,0.1333,4370,7
E02005775,Harrogate 015,6,9315,13.1647,0.1135,0.0843,7.6455,-0.2914,0.0639,8.8792,43.5204,0.1268,0.141,4691,7
E02005776,Harrogate 016,5,9153,11.6734,0.0856,0.0552,6.5057,-1.0572,-1.1042,37.7904,33.6442,0.127,0.0618,5130,8
E02005777,Harrogate 017,6,8328,4.4997,0.0722,0.0577,6.2184,-0.8548,-1.0842,10.1787,8.3779,0.1029,0.0519,6699,10
E02005778,Harrogate 018,4,6242,12.4674,0.072,0.0568,5.3223,-1.2288,-1.3171,38.0817,44.0809,0.1323,0.0519,4889,8
E02005779,Harrogate 019,5,7481,7.0257,0.0697,0.0546,2.278,-0.9428,-0.5427,5.3719,39.4377,0.0801,0.0633,6321,10
E02005780,Harrogate 020,7,11440,3.7319,0.0684,0.0578,2.8717,-1.2138,-1.2509,11.5667,8.4567,0.0926,0.0449,6767,10
E02005781,Harrogate 021,4,6224,7.4299,0.0636,0.0451,4.2518,-1.1138,-1.3951,26.0292,24.2522,0.1014,0.0439,6231,10
E02005782,Richmondshire 001,6,7459,15.7915,0.0955,0.0616,6.6776,-0.5592,-1.0478,41.3748,48.6795,0.1374,0.0938,4005,6
E02005783,Richmondshire 002,6,8008,12.292,0.1627,0.0998,10.8461,-0.428,-0.5653,17.872,16.8024,0.2797,0.0985,4951,8
E02005784,Richmondshire 003,4,5956,13.222,0.124,0.0768,11.6991,-0.3333,-0.9718,35.187,19.5901,0.206,0.0959,4669,7
E02005785,Richmondshire 004,7,14308,16.121,0.1674,0.0851,23.3382,0.2508,-0.6749,30.2422,5.5612,0.2756,0.1724,3916,6
E02005786,Richmondshire 005,5,5766,19.2191,0.0752,0.0557,10.2144,-1.0145,-1.3007,46.0255,72.6263,0.1482,0.0646,3220,5
E02005787,Richmondshire 006,6,8611,14.7764,0.0974,0.068,11.734,-0.734,-1.2295,37.1083,41.1712,0.1727,0.0768,4258,7
E02005788,Ryedale 001,4,6465,17.273,0.1534,0.0864,17.4743,-0.6161,-1.1735,36.3198,36.7733,0.32,0.0883,3644,6
E02005789,Ryedale 002,6,10737,14.0325,0.1552,0.1006,15.565,-0.5701,-0.8955,25.0552,22.222,0.2926,0.1159,4455,7
E02005790,Ryedale 003,4,7126,16.2747,0.1175,0.0767,12.3966,-0.9441,-1.3875,41.1342,42.5549,0.201,0.092,3884,6
E02005791,Ryedale 004,4,6855,23.2791,0.1719,0.1096,20.4737,-0.4335,-0.8496,44.2067,51.2707,0.2812,0.122,2500,4
E02005794,Ryedale 007,5,9226,16.2959,0.113,0.0617,8.7919,-0.9014,-1.3725,43.528,49.4558,0.1813,0.0996,3877,6
E02005795,Scarborough 001,4,6949,25.3744,0.2313,0.1597,36.2252,0.6569,-0.0507,14.0698,23.8174,0.3251,0.1965,2171,4
E02005796,Scarborough 002,4,6439,26.2014,0.1592,0.1167,20.5439,-0.0452,-0.8076,41.9577,67.6947,0.2226,0.1221,2045,3
E02005797,Scarborough 003,4,6124,24.926,0.2395,0.1401,45.2781,0.3271,-0.0693,18.5767,20.9467,0.362,0.1778,2228,4
E02005798,Scarborough 004,5,8168,17.5198,0.1211,0.0979,16.3452,-0.2214,-0.8856,35.47,37.6581,0.2021,0.0946,3595,6
E02005799,Scarborough 005,6,9414,12.7878,0.1417,0.1015,16.3431,0.007,-0.5871,19.2213,11.3578,0.2171,0.1008,4798,7
E02005800,Scarborough 006,4,7443,50.1159,0.3765,0.2664,57.49,1.1752,1.5272,14.1231,52.1311,0.5323,0.2963,318,1
E02005801,Scarborough 007,4,5607,42.9427,0.4096,0.258,49.0334,1.15,0.9492,16.3389,16.0246,0.5014,0.3116,590,1
E02005802,Scarborough 008,5,7878,30.6016,0.2784,0.1529,33.5718,0.5214,0.488,7.731,64.3014,0.4186,0.1966,1496,3
E02005803,Scarborough 009,6,9256,25.8378,0.2492,0.1541,29.9845,0.7201,0.2506,14.3076,25.9975,0.3452,0.2414,2102,4
E02005804,Scarborough 010,5,7741,36.0136,0.2752,0.2038,33.8639,1.1223,0.8597,10.2372,52.6952,0.4294,0.2414,1003,2
E02005805,Scarborough 011,5,7801,17.1448,0.1626,0.1183,21.4193,0.2636,-0.5238,28.3041,8.0713,0.2635,0.1346,3668,6
E02005806,Scarborough 012,5,8283,39.7746,0.3726,0.2251,46.6373,0.9232,0.3784,33.5936,4.7996,0.4862,0.2842,760,2
E02005807,Scarborough 013,4,6513,15.6638,0.1321,0.0981,16.5125,0.0119,-0.8686,32.4701,19.8659,0.2071,0.0966,4046,6
E02005808,Scarborough 014,7,11439,23.041,0.2157,0.156,30.0636,0.4279,-0.4028,22.6074,22.5231,0.3993,0.1511,2540,4
E02005809,Selby 001,5,7413,11.2649,0.1308,0.0775,13.2312,-0.5754,-0.5736,22.4969,18.444,0.1865,0.1092,5240,8
E02005810,Selby 002,5,9626,11.1934,0.0783,0.0498,4.7913,-1.0889,-1.1163,39.3003,33.3311,0.1168,0.0676,5267,8
E02005811,Selby 003,6,9963,10.01,0.0993,0.0619,8.6135,-0.7243,-0.955,31.3463,18.0416,0.16,0.0878,5586,9
E02005812,Selby 004,7,11859,9.8037,0.1339,0.0838,12.3769,-0.4151,-0.746,18.5787,7.3514,0.2217,0.1077,5628,9
E02005813,Selby 005,9,13320,27.1094,0.2993,0.1666,37.3602,0.3847,0.5693,13.4404,17.4954,0.4318,0.2597,1909,3
E02005814,Selby 006,4,7133,13.6602,0.1758,0.1098,19.2416,-0.2518,-0.6453,16.9632,9.3311,0.28,0.1185,4553,7
E02005815,Selby 007,5,8806,8.6636,0.1029,0.0671,11.1089,-0.7518,-0.9296,26.6733,8.3523,0.2107,0.0484,5933,9
E02005816,Selby 008,5,8868,12.1713,0.1089,0.0822,13.2918,-0.5108,-0.871,32.1877,18.1115,0.1901,0.0792,4986,8
E02005817,Selby 009,4,7626,13.9812,0.1345,0.0968,14.3647,-0.6544,-0.636,32.7372,12.9393,0.2346,0.0845,4467,7
E02005818,Selby 010,4,8999,16.3004,0.1228,0.0843,18.6536,-0.7184,-0.4937,41.7471,24.2667,0.2074,0.0822,3875,6
E02005819,Ashfield 001,4,6420,29.0708,0.2854,0.1965,37.6695,0.4326,0.4921,16.8826,20.729,0.493,0.1674,1681,3
E02005820,Ashfield 002,4,5517,17.8873,0.1921,0.1356,22.2054,0.3551,-0.0641,8.4206,18.083,0.3596,0.1199,3516,6
E02005821,Ashfield 003,4,6747,31.209,0.3271,0.2161,37.0914,0.684,0.3154,13.661,14.5582,0.5,0.2589,1434,3
E02005822,Ashfield 004,5,10245,33.5395,0.3243,0.2098,35.0288,0.9876,0.5537,9.902,29.2242,0.4778,0.2159,1196,2
E02005823,Ashfield 005,5,7819,49.2531,0.458,0.2975,54.5072,1.5803,1.2357,10.0321,18.0527,0.624,0.3583,359,1
E02005824,Ashfield 006,6,9779,17.9806,0.1879,0.1362,23.6145,0.247,-0.032,8.4287,18.0697,0.3359,0.1164,3496,6
E02005825,Ashfield 007,5,7759,29.4177,0.2955,0.2002,34.0736,0.7352,0.0152,15.3045,14.7174,0.4514,0.1706,1632,3
E02005826,Ashfield 008,4,6263,41.6919,0.4537,0.2578,46.3413,1.1057,0.8491,13.9555,19.7722,0.6669,0.3221,654,1
E02005827,Ashfield 009,5,9497,15.9266,0.1684,0.1277,20.2132,0.1939,-0.0962,12.4364,13.2216,0.2842,0.1054,3959,6
E02005828,Ashfield 010,4,7768,18.6377,0.1858,0.1406,26.804,0.2697,-0.2908,17.7235,13.9616,0.2995,0.1284,3368,5
E02005829,Ashfield 011,4,6478,22.2497,0.2118,0.1482,29.5897,0.3517,0.0423,24.0895,14.8657,0.351,0.1475,2683,4
E02005830,Ashfield 012,4,5961,18.8778,0.1812,0.1247,25.6469,0.131,-0.2493,24.1142,21.8708,0.3362,0.1421,3302,5
E02005831,Ashfield 013,8,10617,15.2597,0.1822,0.1204,16.6712,0.198,-0.134,12.0495,8.1607,0.2764,0.1309,4149,7
E02005832,Ashfield 014,5,9458,29.2436,0.2928,0.1782,30.3812,0.5015,0.8055,11.2932,37.4861,0.4616,0.2272,1658,3
E02005833,Ashfield 015,5,7567,11.7559,0.1361,0.1024,16.2499,-0.0611,-0.5354,12.9642,10.4196,0.2589,0.071,5109,8
E02005834,Ashfield 016,5,9206,30.376,0.3101,0.1995,37.5641,0.9747,0.1483,18.1865,7.9501,0.4132,0.2499,1512,3
E02005835,Bassetlaw 001,6,11467,24.1233,0.2476,0.1565,31.4824,0.3133,0.3978,23.5658,11.0344,0.3998,0.1694,2371,4
E02005836,Bassetlaw 002,5,9431,16.2424,0.1306,0.1031,16.65,-0.2829,-0.7085,35.5871,23.8679,0.2147,0.0898,3891,6
E02005837,Bassetlaw 003,3,7754,16.8626,0.1212,0.0898,18.5583,-0.4169,-0.1205,35.9492,29.1176,0.214,0.1068,3739,6
E02005838,Bassetlaw 004,6,8582,27.6511,0.2665,0.1764,39.4522,0.4246,0.2992,23.2963,8.4556,0.4042,0.2029,1848,3
E02005839,Bassetlaw 005,4,6441,18.112,0.2176,0.1422,29.8953,0.1082,-0.315,11.1999,5.2341,0.3629,0.1577,3469,6
E02005840,Bassetlaw 006,5,9887,12.6148,0.1558,0.0899,16.5242,-0.1285,-0.1479,16.2368,9.8746,0.27,0.0937,4843,8
E02005842,Bassetlaw 008,6,9048,22.5939,0.2323,0.1625,31.993,0.2086,0.0271,13.1451,16.9665,0.3828,0.1412,2630,4
E02005843,Bassetlaw 009,4,7380,19.6305,0.2096,0.1291,26.8073,0.0991,-0.2278,19.8336,10.995,0.3545,0.1324,3123,5
E02005844,Bassetlaw 010,5,8931,21.5135,0.232,0.1473,28.7595,0.212,0.2157,15.535,15.8158,0.3488,0.1807,2787,5
E02005846,Bassetlaw 012,4,6921,53.7023,0.4942,0.2708,69.5988,1.3369,1.4426,13.8984,33.5282,0.6807,0.398,221,1
E02005847,Bassetlaw 013,4,7051,24.2592,0.2375,0.1516,37.3481,0.0835,0.5225,13.703,16.8254,0.4026,0.1396,2338,4
E02005848,Bassetlaw 014,4,6412,19.6631,0.1751,0.1241,30.6701,-0.0526,-0.2501,24.9285,20.7544,0.2871,0.1368,3117,5
E02005849,Bassetlaw 015,6,9642,22.9449,0.1653,0.1199,20.5341,-0.1053,-0.3337,36.1281,49.8742,0.282,0.0906,2561,4
E02005850,Broxtowe 001,5,6594,16.1594,0.1553,0.1288,21.8221,0.1633,-0.3269,13.2179,18.7937,0.2741,0.0992,3904,6
E02005851,Broxtowe 002,4,6369,35.9365,0.3814,0.2464,39.7823,0.8454,0.7406,7.6413,21.2121,0.5514,0.267,1012,2
E02005852,Broxtowe 003,5,8435,10.0632,0.1187,0.0949,14.6763,-0.2939,-0.7455,10.2686,14.4461,0.2138,0.0827,5576,9
E02005853,Broxtowe 004,6,9152,13.943,0.1693,0.1265,12.9505,-0.108,-0.547,11.3968,17.0896,0.2534,0.1335,4475,7
E02005856,Broxtowe 007,5,7235,4.5802,0.0752,0.0627,2.3365,-0.957,-0.9176,9.6496,13.8034,0.1042,0.0648,6691,10
E02005857,Broxtowe 008,4,6227,22.9657,0.2751,0.1624,24.3978,0.035,0.4566,7.2805,22.0298,0.4328,0.1549,2557,4
E02005858,Broxtowe 009,5,8296,12.839,0.1762,0.1067,10.62,-0.2663,-0.3489,6.1669,20.1443,0.2719,0.185,4789,7
E02005859,Broxtowe 010,6,9368,17.8107,0.2101,0.1383,19.3021,0.0147,-0.0099,5.9258,22.6981,0.3029,0.1672,3529,6
E02005860,Broxtowe 011,5,9631,13.3442,0.1472,0.0816,9.8617,0.0669,-0.0619,5.2079,34.4245,0.2637,0.1916,4643,7
E02005861,Broxtowe 012,4,5512,13.8716,0.1828,0.1021,15.0682,-0.0911,-0.3341,7.2148,23.241,0.3573,0.1382,4493,7
E02005862,Broxtowe 013,5,7596,18.6157,0.2206,0.1528,18.5899,0.1394,-0.234,9.381,10.6009,0.3019,0.1731,3370,5
E02005863,Broxtowe 014,5,7606,6.7074,0.095,0.0714,3.4948,-0.5062,-0.8068,6.6194,21.5799,0.119,0.0806,6371,10
E02005864,Broxtowe 015,5,8153,3.1922,0.0601,0.0506,3.0928,-0.9121,-1.0001,7.1817,10.369,0.0836,0.0517,6810,10
E02005865,Gedling 001,5,8627,8.5058,0.0999,0.0784,10.3698,-0.7748,-1.0474,22.0175,9.4823,0.1754,0.0643,5977,9
E02005866,Gedling 002,6,9272,13.8217,0.1669,0.1155,17.6626,-0.31,-0.414,17.2159,9.3322,0.266,0.0995,4511,7
E02005868,Gedling 004,5,7401,12.8952,0.1816,0.127,13.6213,-0.2448,-0.5387,4.3633,10.8381,0.2797,0.1104,4771,7
E02005869,Gedling 005,4,5883,27.3168,0.3114,0.1903,32.2286,0.5256,0.2825,4.0291,17.3566,0.4211,0.233,1883,3
E02005870,Gedling 006,4,6656,26.7728,0.3061,0.1887,27.67,0.3193,0.4766,3.9895,30.9029,0.4681,0.1846,1966,3
E02005871,Gedling 007,5,7104,8.6991,0.1237,0.1,11.3666,-0.4456,-0.7675,6.8432,8.4032,0.212,0.0832,5921,9
E02005872,Gedling 008,3,6829,5.2812,0.0772,0.0552,2.9945,-1.0748,-0.7912,21.415,10.8818,0.1063,0.0563,6596,10
E02005873,Gedling 009,7,10071,5.9622,0.0883,0.0694,2.5943,-0.7145,-0.793,4.4447,21.6279,0.1311,0.0671,6493,10
E02005874,Gedling 010,6,8390,6.6754,0.1036,0.0773,4.6593,-0.5427,-0.7828,5.0409,16.4044,0.1508,0.0778,6376,10
E02005875,Gedling 011,5,8284,13.9272,0.191,0.1111,20.8279,-0.1195,-0.4776,9.5302,11.3563,0.3149,0.1209,4480,7
E02005876,Gedling 012,6,8730,14.7416,0.1854,0.1241,13.6575,-0.0853,-0.34,6.2144,21.2813,0.2853,0.1482,4269,7
E02005877,Gedling 013,5,7391,16.8821,0.2124,0.1334,20.0029,-0.0163,-0.1137,5.031,21.9993,0.3375,0.1296,3733,6
E02005878,Gedling 014,7,9688,20.3682,0.251,0.1637,17.2505,0.1366,-0.1266,4.6054,28.8674,0.3469,0.2325,2986,5
E02005879,Gedling 015,5,7263,25.6088,0.2913,0.1808,21.0414,0.4519,0.249,6.6837,32.1231,0.4255,0.2573,2133,4
E02005880,Mansfield 001,4,6397,36.7615,0.3432,0.2281,48.5478,0.9774,0.4019,32.5551,8.9422,0.5459,0.1954,959,2
E02005881,Mansfield 002,4,6234,33.112,0.3011,0.2145,42.7183,0.9486,0.2758,23.3549,14.0118,0.4295,0.2505,1241,2
E02005882,Mansfield 003,5,7846,15.1114,0.1624,0.1334,19.0239,0.2977,-0.5403,11.8784,5.9163,0.2408,0.1189,4181,7
E02005883,Mansfield 004,5,8285,32.2308,0.3371,0.2137,41.7522,0.9025,0.4203,8.5498,16.0471,0.4616,0.3018,1327,2
E02005884,Mansfield 005,4,6012,19.8635,0.2041,0.1418,24.0732,0.4498,0.0636,7.1811,23.802,0.3765,0.0956,3082,5
E02005885,Mansfield 006,5,9111,26.3352,0.2897,0.1908,31.92,0.6983,0.2521,11.9495,13.6516,0.4201,0.2187,2025,3
E02005886,Mansfield 007,7,11377,16.8973,0.1922,0.1278,24.2144,0.3617,-0.2365,11.7927,7.4087,0.3144,0.1172,3730,6
E02005887,Mansfield 008,6,10280,40.9956,0.3641,0.2333,46.7638,1.0251,1.3129,7.8094,41.1289,0.5246,0.2651,687,2
E02005888,Mansfield 009,5,8525,49.6412,0.4356,0.2805,62.1293,1.3268,1.4852,13.9186,29.6282,0.5819,0.3287,336,1
E02005889,Mansfield 010,7,10775,24.0223,0.2623,0.1734,32.5387,0.5079,0.1901,8.2774,11.6656,0.3716,0.2055,2392,4
E02005890,Mansfield 011,4,6541,10.9607,0.1079,0.0891,16.5008,0.1289,-0.3718,10.0195,14.0281,0.1873,0.0562,5338,8
E02005891,Mansfield 012,4,6370,54.4774,0.4916,0.3383,62.1521,1.4562,1.1553,18.1704,13.1048,0.6539,0.3776,199,1
E02005892,Mansfield 013,8,13317,6.5957,0.0794,0.0647,7.0963,-0.3799,-0.6605,12.0401,11.1895,0.1318,0.053,6395,10
E02005893,Newark and Sherwood 001,7,11548,29.7956,0.3037,0.1967,35.2504,0.991,0.1744,19.1685,9.5096,0.4834,0.1989,1577,3
E02005894,Newark and Sherwood 002,7,12158,18.5186,0.199,0.1343,22.9405,0.3295,-0.1738,20.8517,6.0775,0.3279,0.1272,3383,5
E02005895,Newark and Sherwood 003,5,8180,14.8452,0.1,0.0832,9.3091,-0.5681,-0.8136,38.2932,35.2393,0.1626,0.0735,4242,7
E02005896,Newark and Sherwood 004,4,7797,12.0278,0.1071,0.0857,9.9131,-0.5116,-0.9776,31.935,18.5158,0.1658,0.0821,5018,8
E02005897,Newark and Sherwood 005,5,9336,14.1074,0.1494,0.1035,13.4958,-0.241,-0.6252,28.5243,10.4277,0.2402,0.1045,4438,7
E02005898,Newark and Sherwood 006,7,11298,23.8815,0.249,0.1752,29.6887,0.5842,-0.0633,19.3926,9.1364,0.3629,0.1975,2418,4
E02005899,Newark and Sherwood 007,7,11893,30.3654,0.318,0.1787,38.8216,0.5141,0.563,10.2796,32.7112,0.5311,0.2295,1514,3
E02005900,Newark and Sherwood 008,4,7610,6.3628,0.0983,0.0711,3.7016,-0.6743,-1.0532,18.0559,12.1301,0.1644,0.08,6440,10
E02005901,Newark and Sherwood 009,5,9676,19.9536,0.224,0.1306,20.6751,0.0385,0.1806,11.8181,23.5621,0.3729,0.1251,3060,5
E02005902,Newark and Sherwood 010,5,8388,32.6104,0.3412,0.2247,41.5045,0.5903,0.6256,14.4521,8.0887,0.5184,0.2255,1295,2
E02005903,Newark and Sherwood 011,7,10546,15.2904,0.1816,0.1238,17.7499,0.0413,0.0189,14.0393,10.7904,0.3091,0.122,4137,7
E02005904,Newark and Sherwood 012,7,9731,10.487,0.1128,0.0757,8.4922,-0.4798,-0.6538,27.838,12.1266,0.1795,0.0872,5462,8
E02005905,Newark and Sherwood 013,4,6895,8.3636,0.0621,0.0465,6.8786,-0.6882,-0.7892,31.2448,18.858,0.129,0.0674,6015,9
E02005906,Rushcliffe 001,3,7386,8.0426,0.0822,0.0581,3.9653,-1.2812,-0.8801,31.7374,16.8112,0.1431,0.0659,6098,9
E02005907,Rushcliffe 002,6,10475,7.7884,0.144,0.0851,6.1295,-0.8945,-0.7088,12.4787,6.1901,0.2171,0.0996,6156,9
E02005908,Rushcliffe 003,6,9433,7.0789,0.114,0.0769,3.5174,-1.0183,-0.8069,16.027,12.2514,0.1775,0.0732,6310,10
E02005909,Rushcliffe 004,5,8419,5.3812,0.0636,0.0543,0.6747,-1.2998,-0.7083,4.1726,32.0576,0.0601,0.079,6586,10
E02005910,Rushcliffe 005,6,9192,11.277,0.0959,0.0929,1.1627,-0.524,-0.5249,2.5131,45.346,0.09,0.2025,5238,8
E02005911,Rushcliffe 006,5,8619,3.8495,0.082,0.057,0.8186,-1.1783,-0.8155,8.5131,10.242,0.1022,0.0722,6760,10
E02005912,Rushcliffe 007,5,9596,5.1498,0.0977,0.0681,1.8272,-0.9639,-0.5718,6.1985,9.4696,0.106,0.1049,6622,10
E02005913,Rushcliffe 008,6,9209,8.1311,0.1445,0.0908,1.9871,-0.8066,-0.5352,10.2482,8.05,0.1737,0.1378,6064,9
E02005914,Rushcliffe 009,5,8294,13.5415,0.1689,0.1072,17.9352,-0.1529,-0.3499,19.9758,4.7423,0.2694,0.1402,4585,7
E02005915,Rushcliffe 010,3,5770,10.3527,0.0928,0.0732,3.5531,-1.1522,-1.324,36.8404,20.5656,0.1185,0.0756,5497,9
E02005916,Rushcliffe 011,4,7918,7.0365,0.1269,0.0811,4.4225,-0.856,-0.5469,11.6745,9.8146,0.1503,0.1338,6317,10
E02005917,Rushcliffe 012,3,6069,5.2155,0.0466,0.0462,1.021,-1.781,-1.6289,26.1574,19.5113,0.0712,0.0349,6609,10
E02005918,Rushcliffe 013,4,5139,10.3457,0.1406,0.1036,10.7285,-0.8733,-0.8759,17.4976,5.2474,0.2153,0.0951,5498,9
E02005919,Rushcliffe 014,3,7353,11.0828,0.1522,0.0811,7.3852,-1.0221,-0.7375,24.1958,22.3899,0.232,0.1116,5303,8
E02005920,Rushcliffe 015,5,8893,5.184,0.0734,0.0493,3.3878,-1.4479,-1.0872,21.409,15.4911,0.107,0.056,6614,10
E02005921,Cherwell 001,5,7290,13.0379,0.0955,0.0609,6.4235,-1.0825,-0.7351,34.789,39.2053,0.1231,0.125,4724,7
E02005922,Cherwell 002,5,9131,12.0146,0.1573,0.0873,20.1191,-0.5817,-0.1378,22.0364,2.854,0.2381,0.1554,5022,8
E02005923,Cherwell 003,4,5986,22.7032,0.2633,0.1374,40.2801,-0.0262,0.3343,19.8645,11.8178,0.3614,0.273,2606,4
E02005924,Cherwell 004,8,13183,19.8489,0.2167,0.1099,34.8055,-0.1441,0.1814,20.4608,14.1039,0.3544,0.2356,3086,5
E02005925,Cherwell 005,6,8962,29.8849,0.315,0.1683,56.5795,0.1855,0.7144,21.6552,3.9649,0.4429,0.2575,1566,3
E02005926,Cherwell 006,5,9263,9.6465,0.1331,0.0856,16.2993,-0.7803,-0.507,13.1463,9.5134,0.2157,0.0896,5670,9
E02005927,Cherwell 007,4,5855,7.431,0.1171,0.0641,11.9041,-0.6313,-0.4985,16.3492,6.9492,0.199,0.0928,6230,10
E02005928,Cherwell 008,6,11313,7.4882,0.1113,0.0594,10.1346,-1.317,-0.7802,25.7302,4.6149,0.1876,0.0615,6213,10
E02005929,Cherwell 009,5,7482,13.1693,0.1071,0.0588,11.9809,-1.2931,-1.1664,36.5926,36.8396,0.1776,0.0678,4688,7
E02005930,Cherwell 010,6,9527,10.421,0.1107,0.058,8.6503,-1.0981,-1.0938,34.6581,19.5314,0.1549,0.0935,5478,8
E02005931,Cherwell 011,7,11764,11.1392,0.1111,0.0499,12.2228,-1.0583,-0.7814,35.8427,18.5127,0.2038,0.0632,5280,8
E02005932,Cherwell 012,4,6636,5.9099,0.0943,0.0549,10.7396,-0.88,-0.6631,18.7861,3.1186,0.1469,0.0779,6500,10
E02005933,Cherwell 013,5,7805,10.8472,0.1376,0.0754,26.1673,-0.6043,-0.4611,15.4568,4.2091,0.2257,0.1296,5361,8
E02005934,Cherwell 014,6,8863,12.5051,0.1504,0.0894,28.851,-0.6347,-0.3827,16.3097,3.6994,0.2598,0.0933,4879,8
E02005935,Cherwell 015,5,8791,10.4846,0.1329,0.0645,13.5772,-0.5321,-0.3802,20.4262,8.2471,0.2125,0.1259,5463,8
E02005936,Cherwell 016,8,13005,13.4399,0.131,0.0796,10.4407,-0.6952,-0.3393,29.8489,22.4036,0.2048,0.1058,4610,7
E02005937,Cherwell 017,5,6659,8.6171,0.1194,0.0777,14.7918,-0.7567,-0.5078,14.7901,6.8183,0.1724,0.1194,5949,9
E02005938,Cherwell 018,4,5728,7.5404,0.1264,0.0711,16.1432,-0.9924,-0.638,13.1112,6.1636,0.2084,0.0808,6202,10
E02005939,Cherwell 019,4,6946,7.7594,0.1022,0.0645,11.9574,-1.0787,-0.9097,23.242,7.1253,0.1789,0.0706,6163,9
E02005940,Oxford 001,4,6312,8.6621,0.1383,0.0741,4.591,-1.2918,-0.2713,21.3261,12.3401,0.2192,0.0912,5934,9
E02005941,Oxford 002,4,7167,7.2435,0.0963,0.0549,5.6021,-1.7537,-0.9385,16.8364,20.4481,0.1161,0.1016,6274,10
E02005942,Oxford 003,3,6318,2.9349,0.0266,0.0225,1.3468,-2.2424,-1.1277,10.7153,24.3237,0.0288,0.0381,6820,10
E02005943,Oxford 004,4,7383,6.5723,0.1069,0.0509,7.3321,-1.3439,-0.4187,19.8276,10.4082,0.1662,0.1037,6400,10
E02005944,Oxford 005,4,8554,25.1929,0.3106,0.1391,42.0278,-0.0079,0.5438,23.4077,7.1516,0.482,0.2848,2193,4
E02005945,Oxford 006,6,11210,4.7297,0.0756,0.0374,3.6136,-1.2988,-0.7838,15.7169,18.8131,0.1264,0.1051,6673,10
E02005946,Oxford 007,5,8491,7.6331,0.1126,0.0597,8.844,-1.1766,-0.5479,19.0871,12.6382,0.1666,0.1171,6190,10
E02005947,Oxford 008,4,18206,9.2797,0.0471,0.0237,11.6153,-1.0356,-0.0565,20.0288,32.5049,0.2369,0.1776,5768,9
E02005948,Oxford 009,4,6462,7.8776,0.0827,0.0505,7.1559,-1.0883,-0.1288,17.1978,29.8536,0.1685,0.1427,6136,9
E02005949,Oxford 010,4,7630,19.4342,0.2257,0.1023,30.8896,0.0071,0.0422,24.6034,10.8206,0.4297,0.2726,3169,5
E02005950,Oxford 011,7,11376,13.6751,0.103,0.06,16.5914,-0.3314,0.6285,16.0361,34.1237,0.2395,0.2102,4549,7
E02005951,Oxford 012,4,5486,13.298,0.1419,0.0864,11.2578,-0.5313,0.3044,20.8128,22.5877,0.1764,0.186,4652,7
E02005953,Oxford 014,3,6014,10.886,0.1357,0.0669,14.0364,-0.8604,-0.0779,15.2883,22.7675,0.2319,0.1796,5353,8
E02005954,Oxford 015,6,10371,14.6976,0.1738,0.0895,24.7152,-0.4858,0.278,19.8464,11.9397,0.2891,0.155,4290,7
E02005955,Oxford 016,6,11359,28.8214,0.3345,0.1551,47.725,0.1028,0.5866,24.8059,8.4156,0.5129,0.2743,1711,3
E02005956,Oxford 017,4,6585,30.9689,0.3263,0.1696,57.2106,0.3533,0.6104,25.0318,3.3815,0.4579,0.3055,1451,3
E02005957,Oxford 018,4,6802,33.8368,0.3465,0.1849,52.7917,0.3874,0.561,30.7311,2.2846,0.4802,0.3491,1174,2
E02005958,South Oxfordshire 001,4,5324,4.8857,0.0836,0.0496,10.9633,-1.1915,-1.3033,15.9824,9.2302,0.1262,0.0762,6652,10
E02005959,South Oxfordshire 002,4,5910,9.4117,0.0836,0.0593,10.2206,-1.5236,-0.5842,28.6018,25.8236,0.1299,0.069,5735,9
E02005960,South Oxfordshire 003,4,8050,7.4798,0.1224,0.0643,14.1649,-1.0931,-0.7,16.9832,5.7661,0.1863,0.0811,6215,10
E02005961,South Oxfordshire 004,5,6800,9.5325,0.0905,0.0652,8.9955,-1.2621,-0.6933,28.292,21.0464,0.1518,0.072,5708,9
E02005962,South Oxfordshire 005,5,10336,9.4657,0.0957,0.0581,14.3696,-1.3516,-0.8699,32.0112,12.6197,0.172,0.053,5722,9
E02005963,South Oxfordshire 006,6,8280,14.0221,0.1319,0.0829,21.7168,-0.7635,-0.6068,28.5525,22.6528,0.2162,0.1028,4459,7
E02005964,South Oxfordshire 007,5,7525,8.7782,0.0889,0.0593,8.3047,-1.3858,-1.1629,31.0477,19.3739,0.1819,0.0555,5904,9
E02005965,South Oxfordshire 008,3,5521,12.4707,0.1033,0.0566,7.716,-1.6252,-0.5353,36.3385,36.2717,0.1747,0.09,4887,8
E02005966,South Oxfordshire 009,5,8168,4.2848,0.087,0.052,5.1507,-1.3777,-1.0255,18.091,4.6986,0.1517,0.0784,6727,10
E02005967,South Oxfordshire 010,5,9715,10.0852,0.1528,0.0761,19.9573,-0.8303,-0.1316,10.7449,6.0521,0.2499,0.135,5568,9
E02005968,South Oxfordshire 011,5,8460,9.1543,0.0982,0.0557,5.2083,-1.3957,-1.2079,30.6756,19.1694,0.1582,0.0855,5803,9
E02005969,South Oxfordshire 012,6,9909,8.053,0.1168,0.0789,9.6839,-0.9531,-0.6868,15.581,9.693,0.1447,0.105,6091,9
E02005970,South Oxfordshire 013,4,5622,14.1007,0.1913,0.1042,23.2394,-0.4761,0.0443,14.1032,8.6918,0.3303,0.158,4441,7
E02005971,South Oxfordshire 014,4,6376,9.5469,0.1429,0.0836,20.901,-0.7643,-0.3993,10.5903,2.5219,0.2397,0.1139,5702,9
E02005972,South Oxfordshire 015,7,12582,7.5244,0.1163,0.0617,7.9146,-1.3423,-0.8853,24.745,8.2246,0.1582,0.0865,6205,10
E02005973,South Oxfordshire 016,3,5965,7.3296,0.1061,0.0729,8.8837,-1.2125,-0.3989,13.2259,14.4303,0.1428,0.0898,6254,10
E02005974,South Oxfordshire 017,4,6395,5.11,0.0931,0.0571,4.0987,-1.4179,-0.8613,10.7527,14.4263,0.1226,0.0926,6628,10
E02005975,South Oxfordshire 018,6,8325,6.7437,0.0697,0.0479,4.8668,-1.6107,-1.118,30.2526,14.2883,0.0918,0.0605,6366,10
E02005976,South Oxfordshire 019,4,6460,7.4146,0.0597,0.0428,2.3145,-1.9624,-1.1402,31.6666,21.1097,0.0801,0.0594,6235,10
E02005977,South Oxfordshire 020,4,6122,5.9961,0.0899,0.0584,5.3254,-1.3268,-1.1503,24.2097,6.2117,0.1542,0.0675,6487,10
E02005978,Vale of White Horse 001,4,7709,5.7714,0.0812,0.0573,6.3994,-1.5388,-1.082,22.1163,11.2835,0.1458,0.0505,6524,10
E02005979,Vale of White Horse 002,6,10421,5.4117,0.088,0.0566,5.9393,-1.4048,-0.8879,19.4523,9.8493,0.1452,0.0853,6581,10
E02005980,Vale of White Horse 003,7,12077,7.9068,0.103,0.0579,10.5701,-1.1586,-1.2238,26.6481,9.4526,0.1849,0.0807,6131,9
E02005981,Vale of White Horse 004,6,8543,2.5678,0.0512,0.043,4.0276,-1.3574,-1.7907,16.1353,2.5341,0.0779,0.0325,6838,10
E02005982,Vale of White Horse 005,4,5736,4.7624,0.0869,0.0653,5.7687,-1.2091,-1.0655,14.0646,6.3207,0.1371,0.0589,6667,10
E02005983,Vale of White Horse 006,7,11036,13.3491,0.1559,0.1146,15.7696,-0.4781,-0.0598,11.8085,14.3438,0.202,0.1431,4639,7
E02005984,Vale of White Horse 007,4,9621,8.7447,0.1031,0.0579,8.4429,-1.4626,-1.0163,30.6651,15.352,0.1725,0.0621,5910,9
E02005985,Vale of White Horse 008,5,7835,15.8363,0.203,0.1172,31.0545,-0.5838,-0.1322,16.4361,4.0378,0.3092,0.1585,3994,6
E02005986,Vale of White Horse 009,5,9867,13.4031,0.1857,0.0909,15.7564,-0.7629,-0.2619,24.6708,13.1696,0.299,0.1498,4624,7
E02005987,Vale of White Horse 010,6,10665,11.1702,0.1474,0.0836,14.924,-0.9315,-0.7205,28.7597,5.246,0.225,0.0971,5274,8
E02005988,Vale of White Horse 011,5,9645,11.3289,0.1618,0.0825,22.8161,-0.7781,-0.438,20.6792,2.2829,0.2659,0.0915,5223,8
E02005991,Vale of White Horse 014,7,10385,8.6815,0.1358,0.0772,13.094,-0.8196,-0.4263,16.9174,4.9596,0.2474,0.0842,5928,9
E02005992,Vale of White Horse 015,8,14301,10.0242,0.135,0.0727,10.138,-1.0143,-0.7443,25.4751,13.9123,0.2124,0.1219,5581,9
E02005993,West Oxfordshire 001,4,7323,12.9799,0.1554,0.0956,17.0701,-0.3977,-0.1975,21.0785,9.8334,0.2343,0.1183,4749,7
E02005994,West Oxfordshire 002,4,6080,13.7562,0.0953,0.0639,7.4029,-1.0911,-0.8985,38.5581,43.7219,0.1531,0.0889,4526,7
E02005995,West Oxfordshire 003,3,6396,11.3623,0.095,0.0664,6.2982,-1.4808,-0.9153,37.2559,27.1897,0.1498,0.0897,5215,8
E02005996,West Oxfordshire 004,6,9086,8.2578,0.0928,0.0558,4.4992,-1.3062,-0.9748,31.0812,17.978,0.1601,0.0711,6040,9
E02005997,West Oxfordshire 005,4,6075,9.5947,0.1062,0.076,10.2622,-1.1653,-0.8109,29.5965,12.2118,0.1769,0.0749,5679,9
E02005998,West Oxfordshire 006,4,7334,6.0874,0.0849,0.058,5.2465,-1.3231,-1.0838,25.5794,6.9833,0.1408,0.0595,6475,10
E02005999,West Oxfordshire 007,4,6907,9.616,0.1155,0.0694,12.7787,-1.2591,-0.7873,26.9259,14.894,0.214,0.0663,5675,9
E02006000,West Oxfordshire 008,8,11605,7.4695,0.1163,0.0734,14.4611,-0.8337,-0.9135,11.8907,6.2566,0.1658,0.093,6218,10
E02006001,West Oxfordshire 009,4,7561,11.3812,0.179,0.0873,23.0882,-1.0623,-0.683,16.1906,2.0787,0.2711,0.0933,5212,8
E02006002,West Oxfordshire 010,6,10855,13.1186,0.171,0.1015,25.752,-0.4759,-0.0756,8.9135,8.3555,0.2752,0.1142,4704,7
E02006003,West Oxfordshire 011,4,6085,10.6775,0.144,0.0946,12.0252,-0.7902,-0.6497,21.1719,11.6577,0.2179,0.1059,5410,8
E02006004,West Oxfordshire 012,4,8146,10.9841,0.0966,0.0561,9.8606,-1.1544,-1.2335,29.718,32.5991,0.2284,0.0656,5330,8
E02006005,West Oxfordshire 013,5,10230,7.7826,0.12,0.0659,15.2004,-0.8702,-0.5247,19.469,1.7558,0.1939,0.0789,6159,9
E02006006,West Oxfordshire 014,4,5678,9.7429,0.1258,0.0837,20.7406,-0.6099,-0.6359,17.013,2.973,0.16,0.1253,5642,9
E02006007,West Oxfordshire 015,4,7617,11.3924,0.1099,0.0684,12.2179,-1.2027,-1.0268,34.8222,20.6231,0.1639,0.0866,5207,8
E02006008,Shropshire 025,6,10762,12.3203,0.1453,0.0818,8.9537,-0.5406,-0.3287,28.8804,12.241,0.2214,0.1496,4942,8
E02006009,Shropshire 027,4,8281,10.5131,0.0978,0.0634,11.2418,-0.5962,-1.3585,26.1938,24.1589,0.1912,0.091,5454,8
E02006010,Shropshire 029,7,11863,17.578,0.1793,0.1059,20.0144,-0.4235,-0.5685,32.6125,24.7193,0.2841,0.1342,3577,6
E02006011,Shropshire 031,4,5566,11.3822,0.1496,0.1052,12.3662,-0.2835,-0.8578,16.2572,12.1493,0.2265,0.1343,5211,8
E02006012,Shropshire 033,4,6190,15.6692,0.1633,0.1103,19.0821,-0.2768,-0.2525,19.4092,26.571,0.2783,0.1279,4042,6
E02006013,Shropshire 034,5,7988,21.2786,0.1315,0.0808,15.0482,-0.5922,-0.8406,46.8386,55.1035,0.1942,0.1339,2829,5
E02006014,Shropshire 035,5,10119,22.6472,0.1671,0.0995,21.6904,-0.6713,-0.8019,44.6597,46.6478,0.3008,0.1299,2617,4
E02006015,Shropshire 001,6,10115,17.9447,0.2195,0.1291,21.2821,-0.0098,-0.1054,18.7901,15.6672,0.356,0.1682,3502,6
E02006016,Shropshire 002,5,8298,19.5126,0.1472,0.0965,12.7675,-0.4003,-0.7306,44.0618,40.645,0.2953,0.0948,3153,5
E02006017,Shropshire 004,5,8137,16.4231,0.1483,0.0927,16.1202,-0.5295,-0.7787,34.564,26.5743,0.2595,0.1131,3844,6
E02006018,Shropshire 005,7,12651,18.5068,0.2084,0.1329,27.5556,-0.0051,-0.2413,19.2724,12.0552,0.33,0.1402,3386,5
E02006019,Shropshire 008,4,6299,19.3001,0.203,0.1405,19.0728,0.1964,-0.3027,26.4632,13.5809,0.316,0.1527,3201,5
E02006020,Shropshire 009,5,7664,19.5627,0.1193,0.081,21.8201,-0.2221,-0.8176,47.7264,33.8385,0.2226,0.1021,3137,5
E02006021,Shropshire 010,5,8762,16.3266,0.116,0.0748,7.8682,-0.6583,-0.8163,47.0388,32.1729,0.1935,0.0737,3865,6
E02006022,Shropshire 013,4,6161,17.4838,0.1235,0.077,15.7669,-0.4036,-1.1117,46.3272,30.9631,0.2206,0.1022,3601,6
E02006023,Shropshire 003,7,10259,19.9477,0.1961,0.1243,26.5515,-0.1191,-0.7349,31.2691,20.3735,0.2872,0.1539,3064,5
E02006024,Shropshire 006,6,9981,20.8557,0.2559,0.142,34.8203,0.2265,-0.2385,17.8185,6.5039,0.421,0.1986,2899,5
E02006025,Shropshire 007,6,9885,18.825,0.2004,0.1239,25.3944,0.0304,-0.2133,15.0123,23.4182,0.3205,0.1589,3319,5
E02006026,Shropshire 011,5,7472,16.3292,0.1422,0.089,11.483,-0.4344,-0.878,41.6283,25.7395,0.2386,0.1063,3861,6
E02006027,Shropshire 012,4,5585,18.7569,0.121,0.0863,14.7269,-0.4872,-1.0613,42.9973,47.0151,0.2123,0.0823,3337,5
E02006028,Shropshire 014,6,9964,16.3827,0.1456,0.078,11.278,-0.5091,-0.6542,42.7135,29.3479,0.2598,0.1056,3851,6
E02006029,Shropshire 015,5,8322,30.9547,0.329,0.1871,48.028,0.535,0.527,16.8188,8.8107,0.4721,0.2443,1454,3
E02006030,Shropshire 016,5,9221,20.4422,0.218,0.1182,32.3428,0.1188,0.2015,20.5022,8.2043,0.3913,0.1462,2972,5
E02006031,Shropshire 017,4,7977,18.3403,0.2012,0.1282,24.4458,0.2605,0.1465,13.001,15.6806,0.3347,0.1791,3421,5
E02006032,Shropshire 018,6,8684,23.8544,0.2703,0.1634,30.3375,0.4164,0.0199,16.9408,12.4047,0.3908,0.2193,2424,4
E02006033,Shropshire 019,6,8517,13.101,0.1249,0.0889,6.5241,0.0292,0.0391,10.0417,28.6035,0.2306,0.1074,4706,7
E02006034,Shropshire 020,6,10816,8.6939,0.111,0.081,6.1731,-0.3229,-0.5441,20.495,5.5111,0.1488,0.0906,5925,9
E02006035,Shropshire 021,4,6050,11.2911,0.1404,0.1053,11.457,-0.1541,-0.9164,16.5947,8.7925,0.2823,0.0745,5231,8
E02006036,Shropshire 022,4,7117,11.9181,0.1463,0.0924,11.6475,-0.1538,-0.3089,13.2791,18.3321,0.2506,0.1121,5051,8
E02006037,Shropshire 023,6,9945,10.4267,0.1307,0.0827,12.5666,-0.5475,-0.7489,15.7363,12.5549,0.2089,0.1013,5476,8
E02006038,Shropshire 024,5,8517,12.1408,0.1216,0.0891,8.7699,-0.1876,-0.7924,29.0775,13.2591,0.1935,0.1014,4993,8
E02006039,Shropshire 026,5,8274,17.1948,0.1659,0.1063,13.4029,-0.1332,-0.6205,38.693,15.1193,0.2774,0.1167,3658,6
E02006040,Shropshire 028,4,7963,17.39,0.1074,0.0726,10.3726,-0.6369,-1.0263,45.4338,46.4222,0.1651,0.0871,3624,6
E02006041,Shropshire 030,3,5678,23.4905,0.1541,0.1066,13.8214,-0.5303,-0.9021,49.2635,56.6711,0.3049,0.0942,2473,4
E02006042,Shropshire 032,3,5687,13.9727,0.1412,0.0968,7.432,-0.4995,-0.6892,30.6365,26.8659,0.27,0.1003,4472,7
E02006043,Shropshire 036,4,6702,24.9999,0.195,0.1042,24.712,-0.3871,-0.8321,45.2021,49.1096,0.3679,0.1354,2214,4
E02006044,Shropshire 037,4,6195,22.2274,0.1298,0.0772,13.0861,-0.9838,-1.2795,51.1241,65.0919,0.3084,0.0761,2684,4
E02006045,Shropshire 038,8,10708,19.5611,0.2185,0.1394,22.2839,0.076,-0.3268,21.6234,18.3727,0.3681,0.1607,3138,5
E02006046,Shropshire 039,6,9104,19.9018,0.1563,0.0966,15.7,-0.4281,-0.7946,37.1924,48.8168,0.2793,0.1064,3073,5
E02006047,Mendip 001,5,8893,16.681,0.1381,0.0938,14.7838,-0.5794,-0.5608,34.307,35.2582,0.2278,0.0996,3772,6
E02006048,Mendip 002,4,7283,15.3527,0.147,0.0977,14.6119,-0.4632,-0.9945,32.9936,25.0929,0.2066,0.1217,4122,7
E02006049,Mendip 003,5,7160,6.4654,0.0966,0.0691,12.2866,-0.7508,-0.9656,16.3441,3.4443,0.168,0.0535,6421,10
E02006050,Mendip 004,5,8819,24.031,0.2695,0.1731,29.5987,0.0504,0.613,12.292,18.8701,0.3762,0.2048,2389,4
E02006051,Mendip 005,5,8764,14.0599,0.1518,0.0876,13.8621,-0.6814,-0.7466,30.3145,24.3471,0.2997,0.074,4448,7
E02006052,Mendip 006,4,7801,14.1819,0.118,0.0873,12.3008,-0.7154,-0.7141,30.674,35.8649,0.1937,0.0853,4420,7
E02006053,Mendip 007,7,11276,16.3451,0.2062,0.1267,25.3066,-0.1559,-0.282,16.4544,9.1154,0.2774,0.145,3857,6
E02006054,Mendip 008,5,8369,16.3736,0.1942,0.1416,17.3492,-0.2568,0.0211,14.2613,13.0452,0.3058,0.1196,3853,6
E02006055,Mendip 009,5,8974,18.1007,0.1976,0.1229,29.4534,-0.3107,-0.2119,23.3471,11.3108,0.2998,0.1692,3473,6
E02006056,Mendip 010,5,7872,19.3628,0.1366,0.0884,21.7143,-0.508,-0.5939,44.2399,35.2284,0.222,0.0899,3184,5
E02006057,Mendip 011,4,7624,24.2284,0.2632,0.1945,23.1201,0.0616,0.4361,19.9592,12.1285,0.4093,0.1757,2345,4
E02006058,Mendip 012,5,8843,12.1201,0.1222,0.0942,13.4239,-0.788,-0.9696,26.598,13.8741,0.2025,0.0717,4999,8
E02006059,Mendip 013,3,6898,16.6822,0.1013,0.0724,10.9584,-1.2466,-0.5694,47.0643,41.1248,0.1737,0.0655,3771,6
E02006060,Mendip 014,5,8348,18.8196,0.2324,0.1476,22.0293,-0.1568,-0.025,20.018,11.6243,0.2922,0.2012,3322,5
E02006061,Sedgemoor 001,5,9437,12.2535,0.124,0.094,13.6272,-0.5814,-0.3301,24.8512,16.3102,0.1783,0.0889,4958,8
E02006062,Sedgemoor 002,6,11151,17.1445,0.1292,0.1052,19.7664,-0.3252,-0.3945,36.113,18.4739,0.2277,0.0857,3669,6
E02006063,Sedgemoor 003,4,7063,12.0016,0.0851,0.0603,7.177,-1.0546,-1.0061,37.2726,37.0432,0.1562,0.0556,5027,8
E02006064,Sedgemoor 004,5,7628,23.2957,0.2079,0.153,28.4045,0.3316,-0.0802,25.2688,24.6307,0.3594,0.1618,2498,4
E02006065,Sedgemoor 005,5,9084,34.8015,0.3394,0.2075,44.5924,0.621,0.6194,26.5559,10.1074,0.4921,0.2306,1095,2
E02006066,Sedgemoor 006,4,8593,21.5505,0.1686,0.1152,29.299,-0.2444,-0.1446,40.0215,26.0455,0.3066,0.1157,2782,5
E02006067,Sedgemoor 007,5,7143,18.0545,0.1122,0.0797,17.3674,-0.4703,-0.8651,45.8948,36.7202,0.1711,0.0932,3482,6
E02006068,Sedgemoor 008,5,7821,38.3669,0.3865,0.2242,62.2231,0.7137,0.6839,19.9911,14.131,0.5359,0.2749,841,2
E02006069,Sedgemoor 009,5,10528,30.1089,0.2649,0.1647,48.7083,0.4151,1.0506,15.655,24.3289,0.3967,0.2208,1542,3
E02006070,Sedgemoor 010,6,9122,15.6817,0.1706,0.0936,29.0845,-0.0678,-0.3922,22.7915,12.6169,0.2888,0.1125,4034,6
E02006071,Sedgemoor 011,6,9731,9.6989,0.1134,0.0757,16.8536,-0.4874,-0.4481,17.5577,11.1046,0.1591,0.1022,5658,9
E02006072,Sedgemoor 012,6,9346,17.6374,0.1167,0.0813,15.9096,-0.4978,-0.6457,42.1295,39.7345,0.2344,0.0742,3560,6
E02006073,Sedgemoor 013,5,7837,40.9877,0.3919,0.2255,57.9261,0.896,1.2885,20.1395,17.9685,0.567,0.2905,688,2
E02006074,Sedgemoor 014,8,12018,17.1129,0.1873,0.1028,21.6096,-0.1701,-0.0646,29.0962,11.6342,0.313,0.1244,3674,6
E02006075,South Somerset 001,3,5421,17.1114,0.1159,0.0818,15.7173,-1.1755,-0.9293,44.2409,35.9911,0.1745,0.101,3676,6
E02006076,South Somerset 002,5,9299,16.6178,0.1412,0.0872,16.6591,-0.7601,-0.7232,38.0511,28.6142,0.2881,0.078,3790,6
E02006077,South Somerset 003,3,6403,17.6483,0.1839,0.1104,20.6192,-0.5371,-0.3412,35.4933,17.0773,0.3431,0.1216,3558,6
E02006078,South Somerset 004,4,6446,16.284,0.1401,0.0925,15.5226,-0.6473,-0.2624,38.1215,21.7824,0.2538,0.0964,3881,6
E02006079,South Somerset 005,4,8394,18.2511,0.1662,0.1037,17.8397,-0.6172,-0.2609,39.6598,18.9712,0.2517,0.1355,3440,6
E02006080,South Somerset 006,4,7135,16.1034,0.1304,0.0684,10.9455,-0.6973,-1.1178,40.7195,40.2107,0.2101,0.1446,3920,6
E02006081,South Somerset 007,4,5873,19.4453,0.1433,0.0984,16.1929,-0.3504,-0.7873,42.8491,37.6921,0.252,0.0952,3167,5
E02006082,South Somerset 008,4,7073,18.0097,0.1688,0.1068,19.5533,-0.472,-0.7283,36.6815,26.4111,0.2992,0.1125,3493,6
E02006083,South Somerset 009,4,5755,21.0904,0.173,0.1177,22.824,-0.3152,-0.3328,43.5323,18.8754,0.3362,0.1077,2859,5
E02006084,South Somerset 010,4,7473,19.0435,0.1416,0.1082,14.1588,-0.6436,-0.6062,41.636,35.7801,0.2552,0.0934,3267,5
E02006085,South Somerset 011,5,7774,14.3851,0.1749,0.1054,18.5297,-0.2829,-0.2353,24.2547,4.1849,0.2687,0.1289,4365,7
E02006086,South Somerset 012,5,7713,10.3438,0.1271,0.0891,10.8818,-0.4648,-0.5331,20.0671,7.9726,0.179,0.102,5500,9
E02006087,South Somerset 013,4,6023,23.9824,0.2692,0.1676,27.8995,0.2093,0.0947,21.7399,3.764,0.3583,0.1883,2397,4
E02006088,South Somerset 014,5,7960,29.6256,0.316,0.1874,42.5064,0.3751,0.6927,22.0057,8.0563,0.4526,0.2602,1604,3
E02006089,South Somerset 015,5,7314,28.8205,0.2625,0.17,28.5698,0.4584,1.1487,18.4004,29.1804,0.4076,0.1945,1712,3
E02006090,South Somerset 016,4,7180,16.0274,0.1907,0.1235,16.1575,-0.0726,0.2254,15.9657,13.6332,0.2957,0.1274,3933,6
E02006091,South Somerset 017,8,9915,18.8095,0.1425,0.0942,16.7905,-0.4841,-0.5962,43.4264,32.0375,0.2423,0.1188,3325,5
E02006092,South Somerset 018,4,6669,8.0126,0.0968,0.0748,8.5314,-0.6133,-1.0626,22.1638,9.0305,0.1695,0.0558,6104,9
E02006093,South Somerset 019,5,8848,16.269,0.1588,0.1,18.2581,-0.3194,-0.5719,28.8878,26.4685,0.2827,0.0978,3885,6
E02006094,South Somerset 020,4,5460,18.9526,0.1458,0.0958,13.1468,-0.5616,-0.4392,39.4135,45.0033,0.242,0.1243,3291,5
E02006095,South Somerset 021,5,8278,17.4151,0.185,0.1245,24.5634,-0.3893,-0.5529,25.7387,18.6292,0.3059,0.126,3620,6
E02006096,South Somerset 022,5,7504,19.2274,0.2278,0.1246,30.8633,-0.1142,-0.2713,24.4527,3.5125,0.3846,0.1436,3216,5
E02006097,South Somerset 023,4,6949,28.6401,0.2998,0.1825,39.01,0.2719,0.5777,24.4883,15.2152,0.4488,0.1757,1737,3
E02006098,South Somerset 024,4,7447,17.3708,0.1093,0.0805,12.0671,-0.9031,-1.1513,43.9494,44.4716,0.1949,0.0855,3630,6
E02006099,Somerset West and Taunton 006,4,7259,16.3246,0.1205,0.087,18.1284,-0.4466,-0.5862,41.8774,19.2013,0.1917,0.0722,3866,6
E02006100,Somerset West and Taunton 007,5,8367,13.4221,0.1357,0.0875,17.8605,-0.2265,-0.1866,21.7128,15.3848,0.1962,0.1109,4619,7
E02006101,Somerset West and Taunton 013,3,5878,17.0827,0.1448,0.0916,14.1173,-0.5039,-1.0258,37.9483,36.0882,0.2261,0.1116,3686,6
E02006102,Somerset West and Taunton 010,5,6961,33.8001,0.3295,0.1986,59.3146,0.667,0.5625,20.6679,8.0675,0.4667,0.27,1178,2
E02006103,Somerset West and Taunton 009,5,8125,16.3118,0.1098,0.0849,15.5967,-0.4809,-0.6528,39.0597,32.6332,0.1721,0.0826,3873,6
E02006104,Somerset West and Taunton 008,6,10981,12.1896,0.152,0.088,16.9468,-0.3263,-0.2293,21.902,4.3595,0.2477,0.0924,4980,8
E02006105,Somerset West and Taunton 011,6,11462,18.7993,0.1634,0.1085,20.6727,0.1582,0.7239,14.02,29.724,0.2538,0.1142,3327,5
E02006106,Somerset West and Taunton 012,5,10134,15.024,0.1731,0.1045,16.983,0.101,-0.3356,25.8366,4.4019,0.2623,0.1413,4204,7
E02006107,Somerset West and Taunton 014,5,8391,37.5074,0.3864,0.2223,46.6265,0.9074,0.8991,18.3881,8.1154,0.5125,0.3187,896,2
E02006108,Somerset West and Taunton 015,5,8689,20.1147,0.2,0.1482,14.0467,0.276,0.1609,15.2792,20.2738,0.2936,0.1697,3024,5
E02006109,Somerset West and Taunton 016,5,8166,5.4567,0.0712,0.0614,3.5228,-0.7207,-1.1282,21.9219,6.3396,0.1113,0.0477,6572,10
E02006110,Somerset West and Taunton 018,6,10591,20.5731,0.2326,0.1415,25.6197,0.2516,0.1896,18.9369,12.4365,0.3319,0.1933,2944,5
E02006111,Somerset West and Taunton 017,6,10765,12.8508,0.1225,0.0848,16.099,-0.4665,-0.8998,25.5563,23.3308,0.2267,0.0834,4787,7
E02006112,Somerset West and Taunton 019,4,8472,12.7066,0.078,0.0662,5.3695,-0.8049,-0.7033,37.8208,31.1114,0.1014,0.073,4819,8
E02006113,Somerset West and Taunton 001,4,7509,23.3585,0.2209,0.1477,29.0882,0.3719,0.0634,25.432,24.7922,0.3418,0.166,2490,4
E02006114,Somerset West and Taunton 002,4,6409,26.9052,0.2154,0.1467,28.9145,0.1867,-0.2071,41.3081,27.6691,0.3978,0.1518,1941,3
E02006115,Somerset West and Taunton 003,5,7626,29.5232,0.2952,0.1751,36.1221,0.2801,-0.2501,35.8095,24.0246,0.5139,0.1881,1619,3
E02006116,Somerset West and Taunton 004,5,7980,23.0719,0.1273,0.0984,24.4509,-0.4143,-0.9004,46.466,51.8535,0.2428,0.0876,2532,4
E02006117,Somerset West and Taunton 005,3,5594,26.6884,0.1877,0.1086,25.1778,-0.2058,-0.552,45.4304,61.1315,0.3351,0.1412,1979,3
E02006118,Cannock Chase 001,5,7401,9.1002,0.0928,0.0791,16.1128,-0.1344,-0.8886,13.9487,11.6256,0.1681,0.0644,5818,9
E02006119,Cannock Chase 002,5,8231,26.8867,0.2869,0.1743,36.8828,0.6869,0.2648,10.9537,16.664,0.4151,0.2118,1946,3
E02006120,Cannock Chase 003,5,9293,19.8807,0.2303,0.1342,33.0313,0.3867,-0.4269,16.4169,8.9632,0.4007,0.1551,3078,5
E02006121,Cannock Chase 004,4,6059,19.969,0.2281,0.1446,28.1699,0.3996,-0.4246,17.8437,5.5293,0.3401,0.1872,3056,5
E02006122,Cannock Chase 005,5,8171,16.9394,0.1964,0.1255,21.3117,0.2321,0.1049,12.5377,10.8597,0.3389,0.1476,3717,6
E02006123,Cannock Chase 006,4,6324,15.0634,0.1683,0.1056,16.1955,0.2637,-0.5927,25.655,6.8902,0.2813,0.1505,4194,7
E02006124,Cannock Chase 007,5,7257,35.3745,0.3707,0.2402,48.9253,1.0431,0.2209,14.376,6.7957,0.5096,0.3119,1046,2
E02006125,Cannock Chase 008,5,7316,26.3621,0.2878,0.1833,37.0543,0.6117,0.06,10.8368,15.457,0.4515,0.2208,2016,3
E02006126,Cannock Chase 009,5,8344,13.5858,0.1551,0.1087,19.7445,0.0584,-0.6974,14.7994,11.7073,0.2297,0.1315,4571,7
E02006127,Cannock Chase 010,4,7081,7.22,0.1111,0.0644,11.0763,-0.2942,-1.1403,14.3767,6.6679,0.1907,0.0738,6278,10
E02006128,Cannock Chase 011,5,8482,16.8464,0.1822,0.1375,17.0776,0.2131,-0.1454,9.8197,16.0407,0.284,0.1422,3745,6
E02006129,Cannock Chase 012,5,8455,30.6766,0.326,0.2002,40.1175,0.9435,0.3549,11.1649,18.2792,0.5042,0.2682,1484,3
E02006130,Cannock Chase 013,4,8730,19.2767,0.2095,0.1332,29.1178,0.261,-0.1184,20.4645,8.1968,0.3189,0.1663,3205,5
E02006131,East Staffordshire 001,5,7850,14.3886,0.1012,0.0697,13.2028,-0.3771,-1.3098,35.0764,34.7549,0.1762,0.0769,4363,7
E02006132,East Staffordshire 002,4,7201,14.9159,0.1743,0.0942,25.8858,0.0247,-0.6553,22.7347,4.905,0.2895,0.1198,4226,7
E02006133,East Staffordshire 003,4,7047,12.9142,0.1532,0.0976,12.6015,0.0516,-0.3145,14.2284,15.2033,0.2536,0.1199,4765,7
E02006134,East Staffordshire 004,6,10533,8.7163,0.1138,0.0714,9.202,-0.4182,-1.0542,22.8191,8.8222,0.1834,0.0808,5916,9
E02006135,East Staffordshire 005,5,7657,7.3762,0.0929,0.0722,8.0617,-0.2874,-1.1233,17.9358,6.6657,0.1624,0.0631,6246,10
E02006136,East Staffordshire 006,6,8878,12.9488,0.0659,0.064,6.1245,-0.2698,-1.1517,38.7161,32.5352,0.1342,0.0503,4756,7
E02006137,East Staffordshire 007,5,9340,24.7303,0.2789,0.1526,33.9411,0.5895,-0.1719,16.159,19.3668,0.4103,0.211,2265,4
E02006138,East Staffordshire 008,4,8062,31.8737,0.3523,0.1724,50.4714,0.4641,0.3946,15.4923,25.3659,0.4787,0.2759,1365,2
E02006139,East Staffordshire 009,4,8635,32.2481,0.3667,0.1617,51.1541,0.4514,0.1381,16.832,36.3192,0.5228,0.3208,1324,2
E02006140,East Staffordshire 010,5,8318,24.3887,0.2603,0.1579,29.3798,0.5467,0.049,17.5191,15.9082,0.3948,0.162,2322,4
E02006141,East Staffordshire 011,7,12475,32.2846,0.3628,0.1534,49.0687,0.6394,0.385,17.1093,32.9715,0.5245,0.325,1317,2
E02006142,East Staffordshire 012,3,5324,5.1393,0.0732,0.0613,7.3557,-0.5436,-0.9624,13.9734,7.7283,0.1334,0.0477,6625,10
E02006143,East Staffordshire 013,5,10047,11.253,0.1997,0.078,10.5796,-0.3256,-0.6706,21.9899,5.7282,0.378,0.0902,5248,8
E02006144,East Staffordshire 014,5,8206,31.8333,0.3339,0.1982,42.0023,0.9221,0.52,13.2733,13.96,0.4941,0.2645,1372,2
E02006145,East Staffordshire 015,4,6119,6.9359,0.0762,0.0576,2.7612,-0.6265,-1.2299,23.7275,17.9314,0.1127,0.0651,6338,10
E02006146,Lichfield 001,5,8999,13.0333,0.1386,0.0944,15.4564,-0.2119,-0.8119,26.7396,14.2212,0.2234,0.1132,4728,7
E02006147,Lichfield 002,5,8862,9.1765,0.1116,0.0728,5.3731,-0.6014,-0.979,28.7678,12.2491,0.2013,0.0807,5795,9
E02006148,Lichfield 003,4,7152,8.5154,0.079,0.0766,7.7282,-0.5975,-0.8033,25.1788,12.7845,0.1567,0.0504,5974,9
E02006149,Lichfield 004,6,10747,22.7659,0.2795,0.1665,26.6915,0.2969,0.26,8.4863,9.8721,0.3822,0.2292,2596,4
E02006150,Lichfield 005,7,11382,7.2135,0.1,0.0786,8.6724,-0.4761,-1.1292,9.3293,7.4996,0.1667,0.0687,6283,10
E02006151,Lichfield 006,6,10074,15.3632,0.1831,0.1271,22.9077,-0.172,-0.2504,14.0885,8.5653,0.2848,0.1485,4120,7
E02006152,Lichfield 007,5,10885,7.9676,0.1514,0.0862,5.6243,-0.7824,-0.6463,9.005,9.4146,0.2504,0.095,6117,9
E02006153,Lichfield 008,5,9513,10.6188,0.1076,0.0717,6.3527,-0.5733,-0.8608,30.1421,20.3745,0.1866,0.0721,5424,8
E02006154,Lichfield 009,6,9680,8.7889,0.0946,0.0816,14.8243,-0.412,-0.6926,16.8357,9.8149,0.1441,0.0695,5896,9
E02006155,Lichfield 010,4,5817,26.4464,0.3205,0.183,37.2535,0.5143,0.1253,13.2044,9.6192,0.4692,0.2506,2004,3
E02006156,Lichfield 011,5,7854,9.5183,0.0776,0.093,8.7668,-0.784,-0.9743,23.5019,13.7652,0.1259,0.061,5712,9
E02006157,Lichfield 012,4,7372,18.642,0.1868,0.1243,25.0817,-0.1635,-0.2519,26.993,17.8462,0.3615,0.1257,3367,5
E02006158,Newcastle-under-Lyme 001,6,8148,10.0659,0.0951,0.0684,11.6489,-0.1485,-0.5669,24.2553,13.8863,0.1826,0.073,5573,9
E02006159,Newcastle-under-Lyme 002,4,5677,26.8232,0.2924,0.1882,31.2605,0.7542,0.2212,15.6541,13.6961,0.4429,0.1967,1961,3
E02006160,Newcastle-under-Lyme 003,6,8783,24.367,0.2549,0.1536,30.9762,0.6561,0.159,21.9445,12.1661,0.4064,0.213,2326,4
E02006161,Newcastle-under-Lyme 004,5,6669,11.2305,0.1168,0.095,15.1253,0.0876,-0.6884,18.9885,6.4558,0.2697,0.0786,5253,8
E02006162,Newcastle-under-Lyme 005,5,8277,18.3587,0.1626,0.1085,17.5993,0.1899,-0.2848,27.3828,30.7223,0.2767,0.1283,3416,5
E02006163,Newcastle-under-Lyme 006,5,8065,23.7033,0.2574,0.1622,31.5115,0.7369,0.1113,13.0725,10.1105,0.3955,0.1864,2449,4
E02006164,Newcastle-under-Lyme 007,5,7249,36.2289,0.3732,0.2114,48.6186,1.0808,0.3464,18.8905,19.8226,0.5752,0.2986,991,2
E02006165,Newcastle-under-Lyme 008,5,7506,17.7518,0.1762,0.1194,15.5818,0.4935,-0.0995,8.6922,32.7949,0.2416,0.1863,3542,6
E02006166,Newcastle-under-Lyme 009,5,6988,9.5791,0.0946,0.0752,7.4226,-0.0587,-0.5631,6.3948,31.8269,0.1601,0.0723,5684,9
E02006167,Newcastle-under-Lyme 010,6,10289,29.4281,0.3239,0.1892,33.7624,0.9526,0.4971,15.1784,8.7565,0.4348,0.3169,1630,3
E02006168,Newcastle-under-Lyme 011,5,8711,29.2775,0.247,0.1783,22.8606,1.1277,0.8645,12.0867,32.2174,0.3543,0.2477,1654,3
E02006169,Newcastle-under-Lyme 012,3,7979,16.6736,0.1622,0.098,18.823,-0.0632,-0.4014,23.8954,16.2882,0.2594,0.1604,3775,6
E02006170,Newcastle-under-Lyme 013,4,5252,14.733,0.1485,0.0979,13.1572,-0.0907,-0.832,29.8375,18.3717,0.2481,0.1337,4274,7
E02006171,Newcastle-under-Lyme 014,6,9081,15.9564,0.1837,0.1274,17.1888,0.2284,-0.408,13.25,10.6174,0.2687,0.1226,3955,6
E02006172,Newcastle-under-Lyme 015,6,9594,5.6864,0.0753,0.0679,4.9221,-0.55,-1.2036,17.5265,5.5862,0.1125,0.0602,6539,10
E02006173,Newcastle-under-Lyme 016,4,7136,12.0447,0.0898,0.0685,6.4546,-0.4851,-0.7228,38.508,20.0503,0.1828,0.062,5015,8
E02006174,South Staffordshire 001,6,11159,11.7046,0.139,0.1004,11.4845,-0.4832,-0.7325,20.3637,16.0222,0.2265,0.1066,5127,8
E02006175,South Staffordshire 002,4,6910,19.5886,0.2268,0.1338,26.473,-0.0123,-0.1404,23.398,14.1659,0.3771,0.1853,3132,5
E02006176,South Staffordshire 003,5,7482,16.6796,0.1412,0.1009,11.8011,-0.308,-0.6378,34.5769,31.7147,0.2497,0.1003,3774,6
E02006177,South Staffordshire 004,7,9777,10.5635,0.1366,0.0986,14.7616,-0.3552,-0.7793,14.9906,11.3041,0.2282,0.0976,5440,8
E02006178,South Staffordshire 005,5,7648,17.8335,0.196,0.1368,27.7785,-0.0697,-0.1312,18.306,11.0172,0.2946,0.1747,3525,6
E02006179,South Staffordshire 006,4,9258,12.5536,0.1056,0.0726,18.9597,-0.0992,-0.662,28.5827,12.1826,0.2992,0.1169,4867,8
E02006180,South Staffordshire 007,4,6943,23.5701,0.2596,0.1634,26.4404,0.1779,0.1328,24.2001,13.9977,0.4032,0.2097,2466,4
E02006181,South Staffordshire 008,4,5746,19.124,0.2477,0.1771,19.4495,0.0673,-0.3881,11.5676,8.5661,0.3798,0.189,3247,5
E02006182,South Staffordshire 009,5,7198,5.2487,0.0858,0.0632,4.2348,-0.7202,-1.1606,15.8618,9.5036,0.1431,0.0767,6605,10
E02006185,South Staffordshire 012,5,7212,17.5802,0.2305,0.1326,23.7809,0.0251,-0.3435,15.7153,10.2541,0.3418,0.1909,3575,6
E02006186,South Staffordshire 013,7,12696,8.97,0.1021,0.0744,10.5624,-0.8098,-0.6444,22.0973,13.3842,0.1844,0.0733,5852,9
E02006187,South Staffordshire 014,5,7194,10.6044,0.1198,0.0893,7.1378,-0.4402,-0.7529,25.4428,15.3631,0.2048,0.0966,5429,8
E02006188,Stafford 001,4,5894,12.2953,0.1188,0.094,10.214,-0.295,-0.3764,26.9794,12.0165,0.202,0.07,4949,8
E02006189,Stafford 002,5,7158,12.8544,0.1151,0.0871,10.0115,-0.3345,-0.4354,28.1661,23.3011,0.2111,0.0825,4785,7
E02006190,Stafford 003,6,11465,15.3786,0.1921,0.119,17.5309,0.0153,0.0047,13.0227,11.9593,0.3082,0.1312,4117,7
E02006191,Stafford 004,5,8112,7.1954,0.0759,0.0613,4.5326,-0.7602,-1.4673,25.7804,13.5049,0.1382,0.0471,6287,10
E02006192,Stafford 005,5,9272,12.2091,0.0956,0.0678,9.4386,-0.6309,-0.8896,34.8786,25.3251,0.1717,0.0674,4972,8
E02006193,Stafford 006,4,7840,7.3146,0.106,0.0669,8.2912,-0.5084,-1.3114,20.4232,7.8653,0.1925,0.056,6259,10
E02006194,Stafford 007,5,8550,20.0421,0.2442,0.1406,27.3571,0.3071,-0.1129,15.3712,9.451,0.37,0.1505,3041,5
E02006195,Stafford 008,5,8880,9.1525,0.0955,0.0707,6.158,-0.6925,-1.0921,28.7509,15.0085,0.1609,0.0673,5805,9
E02006196,Stafford 009,4,7225,19.2573,0.2198,0.1366,21.3082,0.5104,0.1078,9.7051,15.6143,0.34,0.2058,3210,5
E02006197,Stafford 010,6,9545,23.8882,0.2448,0.1682,20.6684,0.6117,0.3241,8.5705,24.7228,0.3246,0.242,2416,4
E02006198,Stafford 011,6,9150,6.9884,0.0948,0.0674,6.5219,-0.4585,-1.2934,18.926,11.3545,0.1617,0.0673,6327,10
E02006199,Stafford 012,5,8658,9.1035,0.1127,0.0811,5.2738,-0.4183,-0.5509,16.8886,14.8103,0.2402,0.045,5817,9
E02006200,Stafford 013,5,7720,33.8546,0.3852,0.2297,42.9525,0.7954,0.4141,15.5507,8.7027,0.6234,0.2511,1172,2
E02006201,Stafford 014,7,12084,3.3607,0.0506,0.0474,3.5689,-0.9134,-1.3291,18.311,5.0519,0.0826,0.0285,6797,10
E02006202,Stafford 015,5,9374,11.4667,0.0968,0.0703,9.3134,-0.8486,-0.941,33.292,25.0289,0.1679,0.0804,5189,8
E02006203,Stafford 016,4,7717,24.0547,0.2763,0.1803,25.2417,0.3723,0.1768,18.2231,9.3469,0.4091,0.1996,2380,4
E02006204,Staffordshire Moorlands 001,5,7510,25.0797,0.2387,0.15,35.7364,0.1069,0.0016,19.8129,29.1853,0.3546,0.1595,2204,4
E02006205,Staffordshire Moorlands 002,4,7175,9.3725,0.0609,0.0638,5.5028,-0.7225,-1.1266,26.0194,32.2571,0.0929,0.0549,5746,9
E02006206,Staffordshire Moorlands 003,5,7999,25.1786,0.2915,0.1738,29.0057,0.4986,0.4527,9.7017,16.3658,0.4016,0.2349,2195,4
E02006207,Staffordshire Moorlands 004,4,6270,9.2482,0.1081,0.0825,11.6835,-0.4669,-0.7181,16.8991,17.3225,0.2076,0.067,5779,9
E02006208,Staffordshire Moorlands 005,5,7935,24.7592,0.2337,0.1594,26.0061,0.3466,0.3194,6.9148,45.7086,0.3572,0.1821,2260,4
E02006209,Staffordshire Moorlands 006,6,10588,7.9472,0.0836,0.0667,11.3887,-0.5476,-1.0568,19.9154,17.1237,0.1186,0.0759,6119,9
E02006210,Staffordshire Moorlands 007,3,5280,18.9018,0.0863,0.071,12.8645,-0.9874,-1.0084,45.0592,62.0536,0.1295,0.0762,3298,5
E02006211,Staffordshire Moorlands 008,4,6276,8.8616,0.0745,0.0703,8.9444,-0.6973,-0.8604,24.859,22.8007,0.1231,0.0583,5877,9
E02006212,Staffordshire Moorlands 009,5,7785,7.6366,0.0742,0.0701,10.2614,-0.6586,-0.8637,21.9111,13.3562,0.1227,0.0565,6188,10
E02006213,Staffordshire Moorlands 010,4,6555,20.0293,0.173,0.1146,20.5252,-0.0435,-0.397,31.8469,30.1855,0.2915,0.1418,3046,5
E02006214,Staffordshire Moorlands 011,4,6158,18.36,0.2008,0.1367,22.3109,0.1594,-0.3268,13.4851,19.9531,0.3392,0.1425,3415,5
E02006215,Staffordshire Moorlands 012,5,8065,11.8435,0.1046,0.0847,12.717,-0.4317,-0.3439,23.5214,23.6147,0.1916,0.0771,5081,8
E02006216,Staffordshire Moorlands 013,5,8308,8.6478,0.0883,0.0711,9.5877,-0.5378,-1.1623,23.5154,17.6428,0.1454,0.0649,5939,9
E02006217,Tamworth 001,6,10605,11.6745,0.1601,0.0933,17.2499,-0.2052,-0.7541,16.0157,7.1557,0.2723,0.1171,5129,8
E02006218,Tamworth 002,5,8787,29.1204,0.327,0.1888,33.4971,0.6614,0.1996,15.4421,24.1804,0.506,0.2777,1673,3
E02006219,Tamworth 003,5,8643,19.2711,0.2176,0.1347,29.762,-0.0126,-0.2033,18.5342,9.9222,0.3424,0.1509,3206,5
E02006220,Tamworth 004,5,7458,17.7161,0.194,0.1311,27.8715,0.0786,-0.0568,11.5368,16.2507,0.3206,0.1591,3548,6
E02006221,Tamworth 005,4,5721,14.7029,0.1668,0.0997,18.822,0.0475,-0.1591,14.8582,15.4863,0.2858,0.1109,4288,7
E02006222,Tamworth 006,5,6889,25.9109,0.2689,0.1593,42.2947,0.4515,-0.1683,15.3661,18.7973,0.3846,0.2346,2093,4
E02006223,Tamworth 007,5,6692,47.9505,0.5124,0.2817,60.4547,1.1733,0.78,22.1522,8.791,0.6572,0.4373,394,1
E02006224,Tamworth 008,5,7532,13.491,0.1595,0.1019,22.1386,-0.0987,-0.5484,20.9814,4.5167,0.2619,0.1219,4597,7
E02006225,Tamworth 009,5,7330,9.2447,0.1033,0.0759,16.3612,-0.3136,-1.1291,18.6276,11.2553,0.1795,0.0733,5780,9
E02006226,Tamworth 010,6,9982,18.0445,0.191,0.1224,29.0274,0.1304,-0.0296,18.6637,9.6813,0.291,0.1286,3484,6
E02006227,Babergh 001,3,6541,17.8982,0.1584,0.0962,16.3376,-0.9832,-0.9162,39.7215,37.064,0.3652,0.0909,3511,6
E02006228,Babergh 002,3,6208,14.9753,0.1276,0.0804,18.4625,-0.8605,-0.966,36.8668,25.894,0.24,0.0685,4216,7
E02006229,Babergh 003,3,6294,13.1362,0.1531,0.0953,17.8525,-0.6182,-0.5024,25.8313,14.8574,0.2611,0.1066,4701,7
E02006230,Babergh 004,7,11210,14.1352,0.1673,0.0976,18.0664,-0.4495,-0.7138,24.9997,15.679,0.2915,0.1116,4432,7
E02006231,Babergh 005,6,9111,11.7432,0.121,0.0784,18.4043,-0.6858,-0.4004,24.0027,15.9047,0.1971,0.0973,5113,8
E02006232,Babergh 006,4,6396,14.597,0.1563,0.0884,13.505,-0.7092,-0.7561,36.1395,20.5651,0.2928,0.1073,4317,7
E02006233,Babergh 007,8,11783,21.8978,0.2381,0.1414,31.3741,0.1291,0.4025,17.0749,15.9675,0.406,0.1578,2738,4
E02006234,Babergh 008,6,9999,20.4145,0.226,0.1272,31.2567,-0.1741,0.1717,27.8175,3.9982,0.3677,0.145,2980,5
E02006235,Babergh 009,4,8260,14.739,0.1036,0.0681,9.034,-1.1377,-0.8093,39.7512,44.0747,0.1712,0.0745,4271,7
E02006236,Babergh 010,7,10630,9.4635,0.0995,0.0659,10.5732,-0.9534,-0.963,30.929,12.9404,0.1758,0.0722,5723,9
E02006237,Babergh 011,4,7855,14.629,0.11,0.0767,12.9064,-0.9724,-1.0182,39.653,35.4618,0.1876,0.088,4306,7
E02006238,West Suffolk 002,5,9823,23.9551,0.1968,0.1265,44.4725,0.1047,-0.2179,35.2831,11.8954,0.2893,0.1765,2405,4
E02006239,West Suffolk 001,5,8838,16.328,0.0801,0.0453,33.5661,-1.0494,-1.6051,43.2561,24.6547,0.164,0.1147,3862,6
E02006240,West Suffolk 003,6,10530,16.6299,0.1255,0.0757,30.0874,-0.4997,-0.4747,36.6561,23.6951,0.1863,0.1317,3789,6
E02006241,West Suffolk 004,5,8939,21.1208,0.2212,0.1238,34.3059,0.0955,0.1221,25.1083,6.4131,0.3278,0.189,2854,5
E02006242,West Suffolk 007,6,10875,13.4653,0.1206,0.0622,19.9628,-0.6708,-0.4703,35.7853,18.0199,0.1853,0.1076,4601,7
E02006243,West Suffolk 008,6,9542,15.1282,0.194,0.0961,17.537,-0.3485,-0.0156,22.0184,14.7501,0.2899,0.1889,4178,7
E02006245,Ipswich 001,5,8319,27.6766,0.2967,0.1644,43.0739,0.3675,0.1854,23.0315,5.2385,0.4215,0.2411,1846,3
E02006246,Ipswich 002,5,7419,9.0174,0.1176,0.0745,15.6718,-0.3004,-0.5842,13.406,9.5103,0.1862,0.0726,5843,9
E02006247,Ipswich 003,5,9164,29.6506,0.3089,0.1754,41.7703,0.5739,0.2787,23.2082,17.3108,0.5001,0.1931,1596,3
E02006248,Ipswich 004,5,8394,16.5491,0.1977,0.1243,19.3692,0.0764,-0.3829,14.1749,15.5137,0.2701,0.1761,3807,6
E02006249,Ipswich 005,5,8372,12.9844,0.1505,0.0911,10.9489,-0.5552,-0.2623,13.3013,29.2831,0.241,0.1218,4747,7
E02006250,Ipswich 006,5,9969,38.1034,0.3559,0.1913,48.7884,0.5583,1.053,21.9345,44.7277,0.5289,0.2982,854,2
E02006251,Ipswich 007,7,10777,29.7506,0.2842,0.1611,30.8159,0.5703,0.7771,16.3341,41.1533,0.4895,0.2825,1583,3
E02006252,Ipswich 008,5,9797,13.4335,0.1708,0.0878,16.8514,0.0975,-0.2528,12.8557,19.2092,0.2317,0.1716,4613,7
E02006253,Ipswich 009,5,7524,7.2652,0.0805,0.0639,11.7303,-0.5605,-0.5667,10.1723,16.7844,0.1242,0.0572,6270,10
E02006254,Ipswich 010,5,9484,35.9623,0.3725,0.2113,48.4088,0.8338,0.6784,22.8709,16.1423,0.5618,0.259,1009,2
E02006255,Ipswich 011,5,8087,17.3534,0.1899,0.1052,23.6421,-0.0156,0.1515,15.1243,25.4549,0.3385,0.1437,3632,6
E02006256,Ipswich 012,6,9775,36.8673,0.3587,0.2028,48.6334,0.7937,0.8033,24.8764,21.845,0.5462,0.2806,946,2
E02006257,Ipswich 013,5,6705,28.4083,0.3034,0.1855,43.9257,0.5159,0.3244,16.514,6.6747,0.4306,0.2198,1756,3
E02006258,Ipswich 014,6,9574,30.5483,0.3347,0.1795,47.4397,0.6558,0.3891,15.2423,9.9593,0.4747,0.2371,1503,3
E02006259,Ipswich 015,5,7166,35.2269,0.3446,0.2165,47.8491,0.5369,0.4405,25.1,9.3271,0.4932,0.19,1062,2
E02006260,Ipswich 016,6,8769,30.2962,0.3412,0.1858,48.2703,0.4622,0.3532,15.3302,6.942,0.473,0.262,1521,3
E02006261,Mid Suffolk 001,4,8076,15.2311,0.1173,0.0853,15.1711,-0.8014,-0.8094,35.7621,35.4972,0.1821,0.0929,4158,7
E02006262,Mid Suffolk 002,6,9213,16.3143,0.1142,0.0792,16.7016,-0.7846,-1.1994,40.5765,40.1352,0.2015,0.0841,3872,6
E02006263,Mid Suffolk 003,4,7595,16.3927,0.111,0.0763,12.7329,-0.8976,-1.384,46.004,37.6547,0.1945,0.0794,3848,6
E02006264,Mid Suffolk 004,5,9443,10.5611,0.1362,0.0712,9.0866,-0.7506,-0.8076,30.6028,12.2172,0.26,0.0684,5441,8
E02006265,Mid Suffolk 005,4,7513,14.8533,0.1352,0.0854,16.8308,-0.5948,-0.8565,36.1479,24.23,0.2661,0.0913,4240,7
E02006266,Mid Suffolk 006,5,10109,15.9932,0.1535,0.0951,20.6108,-0.4682,-0.7194,34.9742,18.2276,0.2937,0.0951,3940,6
E02006267,Mid Suffolk 007,4,8442,13.9197,0.0977,0.063,8.8903,-1.0286,-1.1156,38.6385,43.8349,0.162,0.0749,4482,7
E02006268,Mid Suffolk 008,4,6274,28.682,0.2906,0.1952,35.6044,0.6163,0.5161,20.7925,5.9621,0.429,0.2106,1731,3
E02006269,Mid Suffolk 009,4,8156,10.037,0.0961,0.0717,12.2809,-0.6271,-0.765,28.7303,10.814,0.1422,0.0711,5580,9
E02006270,Mid Suffolk 010,7,12832,12.2064,0.145,0.0851,16.4785,-0.3179,-0.3827,20.5006,13.5094,0.2447,0.0964,4973,8
E02006271,Mid Suffolk 011,5,10243,12.3107,0.1163,0.0715,14.4661,-0.4304,-1.1217,33.0322,13.9392,0.1961,0.0986,4944,8
E02006272,Mid Suffolk 012,5,7830,11.8282,0.1122,0.0739,13.5214,-0.3408,-0.6827,30.4003,15.9754,0.194,0.0869,5084,8
E02006273,West Suffolk 005,5,6848,16.6316,0.129,0.0875,23.6762,-0.5042,-0.7633,38.0681,25.5566,0.2265,0.0896,3787,6
E02006274,West Suffolk 006,4,6655,15.3034,0.1205,0.066,15.5017,-0.5757,-1.0344,39.4028,29.8756,0.212,0.0975,4135,7
E02006275,West Suffolk 009,5,7018,28.6901,0.3168,0.1667,51.4117,0.4526,0.5933,15.4761,5.2083,0.452,0.2661,1729,3
E02006276,West Suffolk 016,4,8859,12.536,0.1575,0.0859,15.263,-0.8536,-0.6042,29.0865,11.8093,0.2782,0.0794,4875,8
E02006277,West Suffolk 012,6,7592,5.0936,0.0992,0.0544,7.327,-0.7141,-1.0104,16.1541,2.643,0.1671,0.0893,6631,10
E02006278,West Suffolk 011,6,8534,15.833,0.1606,0.1047,17.0629,-0.1441,0.5064,7.8416,25.989,0.2642,0.1331,3995,6
E02006279,West Suffolk 014,6,8757,14.1942,0.1543,0.1114,20.9667,-0.2591,-0.2669,15.9111,8.5628,0.235,0.0927,4415,7
E02006280,West Suffolk 010,5,9879,13.4455,0.1071,0.0717,10.8185,-0.5513,-1.2927,36.5231,32.379,0.2037,0.0644,4607,7
E02006281,West Suffolk 013,6,8221,11.7288,0.131,0.1004,13.4891,-0.0908,-0.278,12.0338,14.0663,0.2119,0.1006,5117,8
E02006282,West Suffolk 017,3,6504,14.2737,0.1145,0.0697,10.9325,-0.9103,-0.8364,40.144,33.8747,0.1993,0.0933,4390,7
E02006283,West Suffolk 018,4,8062,13.4613,0.0933,0.0575,13.9855,-0.8931,-0.4623,39.8469,27.767,0.1894,0.0763,4603,7
E02006284,West Suffolk 019,4,7905,19.9536,0.2204,0.1318,25.369,-0.0081,0.3012,24.1507,4.7431,0.2867,0.1861,3061,5
E02006285,West Suffolk 021,4,7589,15.804,0.1814,0.0986,24.8969,-0.4801,-0.0344,27.6266,2.147,0.2511,0.1814,4002,6
E02006286,West Suffolk 020,6,11499,20.2861,0.2101,0.1256,37.0516,-0.1659,0.2112,23.3671,7.9327,0.3227,0.1417,3002,5
E02006287,East Suffolk 016,3,6254,21.7899,0.1254,0.0882,21.0384,-0.6203,-0.7442,50.3478,50.1798,0.2925,0.0719,2754,5
E02006288,East Suffolk 017,5,10118,16.8496,0.1192,0.0708,14.074,-0.6534,-1.2098,44.7401,35.6515,0.2089,0.0831,3743,6
E02006289,East Suffolk 018,5,9868,21.0477,0.2071,0.134,29.0252,-0.0082,-0.2752,30.1686,17.1021,0.3736,0.1088,2869,5
E02006290,East Suffolk 019,5,8244,20.8967,0.2121,0.1272,33.6027,0.1193,-0.4438,25.7302,18.7759,0.3924,0.1448,2887,5
E02006291,East Suffolk 020,4,7728,13.6472,0.1477,0.0967,13.7503,-0.3625,-0.718,31.1498,9.0432,0.2667,0.0887,4558,7
E02006292,East Suffolk 021,3,6875,12.3757,0.0942,0.0727,9.3554,-0.8224,-1.1631,37.0504,30.9442,0.1551,0.0563,4919,8
E02006293,East Suffolk 023,6,11134,15.7275,0.1105,0.0701,15.5957,-0.4394,-1.0287,42.6501,27.9449,0.1981,0.0967,4023,6
E02006294,East Suffolk 022,4,7902,14.3633,0.1583,0.1104,13.6214,-0.0488,-0.4819,22.1955,16.7661,0.2628,0.1003,4372,7
E02006295,East Suffolk 024,5,9374,8.7812,0.1133,0.0812,12.4201,-0.3479,-0.9139,19.5824,4.7371,0.1866,0.0906,5902,9
E02006296,East Suffolk 025,8,13140,7.5424,0.0915,0.0576,8.4535,-0.442,-1.1166,25.4146,5.4365,0.1405,0.0736,6200,10
E02006297,East Suffolk 026,5,8090,4.6284,0.0576,0.0479,6.4147,-0.7667,-1.1404,19.6357,7.7729,0.1131,0.0406,6686,10
E02006298,East Suffolk 027,6,9167,14.2727,0.1337,0.0915,28.4164,-0.1081,-0.9887,25.7916,8.5918,0.2266,0.0925,4391,7
E02006299,East Suffolk 028,5,8163,8.4756,0.0903,0.0683,16.2298,-0.297,-1.2195,18.0647,11.2857,0.2159,0.0474,5988,9
E02006300,East Suffolk 029,5,8100,30.7596,0.3161,0.1874,53.6533,0.6687,0.2233,18.3544,10.2531,0.4826,0.2467,1470,3
E02006301,East Suffolk 030,4,6354,21.5555,0.2007,0.1345,31.1344,0.3558,-0.0222,15.5011,32.7442,0.3338,0.1456,2780,5
E02006302,East Suffolk 001,5,6589,14.7291,0.119,0.1042,16.3597,-0.0562,-0.5352,28.5506,18.1201,0.1712,0.0898,4277,7
E02006303,East Suffolk 002,5,7920,43.7559,0.4263,0.2747,51.2067,0.9924,0.828,20.4886,9.908,0.5433,0.3557,558,1
E02006304,East Suffolk 003,5,8338,19.3785,0.217,0.1536,26.1431,0.2325,-0.3948,20.2656,7.6314,0.3828,0.1355,3180,5
E02006305,East Suffolk 004,6,9635,51.8532,0.4808,0.2997,53.562,1.1451,1.3442,14.8661,46.3064,0.6531,0.2747,269,1
E02006306,East Suffolk 005,5,7306,26.1384,0.2605,0.1871,32.5594,0.4544,0.2582,17.2002,21.805,0.4296,0.1688,2060,4
E02006307,East Suffolk 007,5,7436,9.1077,0.1051,0.0895,14.2338,-0.3116,-0.9952,17.6953,7.8236,0.1682,0.0659,5816,9
E02006308,East Suffolk 006,5,7514,51.615,0.4583,0.3297,42.4289,1.355,1.164,16.6993,45.8836,0.5579,0.3689,284,1
E02006309,East Suffolk 009,5,6678,35.1952,0.3474,0.2384,45.5631,0.8254,0.3639,17.8199,15.6206,0.5303,0.2361,1065,2
E02006310,East Suffolk 008,4,8183,15.3921,0.1923,0.1223,22.4599,-0.174,-0.3722,20.2004,2.9669,0.289,0.1417,4109,6
E02006311,East Suffolk 010,5,8287,23.1194,0.2509,0.1647,28.0292,0.1965,-0.0059,14.8118,23.3921,0.4006,0.1713,2525,4
E02006312,East Suffolk 011,5,8476,14.2709,0.1367,0.0951,20.1897,-0.3932,-0.9527,28.4387,16.9834,0.2629,0.0846,4394,7
E02006313,East Suffolk 012,6,9960,20.0509,0.208,0.1473,30.7816,0.0604,-0.3858,19.645,17.2273,0.3604,0.1414,3038,5
E02006314,East Suffolk 013,4,7231,21.3015,0.1792,0.1276,23.6472,-0.1217,-0.483,34.8677,28.0489,0.3259,0.1037,2824,5
E02006315,East Suffolk 014,3,5879,19.2061,0.1667,0.1189,27.4945,-0.3707,-0.6405,33.1759,27.1113,0.314,0.1025,3226,5
E02006316,East Suffolk 015,4,7140,22.0364,0.2071,0.1422,26.0205,-0.0544,-0.9056,39.0399,16.3042,0.4155,0.1176,2715,4
E02006317,Elmbridge 001,4,6478,8.3817,0.1296,0.0782,6.6033,-1.1748,-0.0701,13.7447,16.3634,0.1785,0.1014,6009,9
E02006318,Elmbridge 002,4,7078,4.6809,0.0721,0.0415,0.5771,-1.9542,-0.3425,9.8628,24.9773,0.1258,0.0459,6679,10
E02006319,Elmbridge 003,4,7234,15.3861,0.2229,0.1173,15.1924,-0.488,0.1088,16.6236,13.9483,0.3071,0.206,4114,6
E02006320,Elmbridge 004,4,7399,19.0346,0.25,0.126,24.69,-0.4857,0.2757,21.8171,11.961,0.358,0.1855,3269,5
E02006321,Elmbridge 005,4,6569,4.4139,0.0636,0.0441,0.4836,-1.7236,-0.5498,8.2865,25.8706,0.075,0.0723,6707,10
E02006322,Elmbridge 006,4,6713,6.3893,0.1072,0.0706,1.7186,-1.5642,-0.1808,6.039,21.6847,0.1224,0.1191,6436,10
E02006323,Elmbridge 007,5,7774,8.2447,0.1188,0.0695,4.5372,-1.2937,0.248,13.3527,16.9328,0.1638,0.1199,6043,9
E02006324,Elmbridge 008,5,8020,9.879,0.1554,0.0754,10.9283,-1.1678,-0.3115,15.3612,10.6983,0.2127,0.1122,5611,9
E02006325,Elmbridge 009,5,9182,3.6354,0.053,0.038,0.6067,-2.0019,-0.7757,10.1197,21.6318,0.0662,0.0354,6774,10
E02006326,Elmbridge 010,4,7799,7.6006,0.1497,0.0652,3.8424,-1.2218,-0.1231,9.42,16.4425,0.2096,0.1515,6194,10
E02006327,Elmbridge 011,4,6892,4.0852,0.0598,0.0439,0.8956,-1.9988,-0.765,19.1629,12.1597,0.066,0.0606,6742,10
E02006328,Elmbridge 012,6,9561,8.1785,0.122,0.0673,2.5754,-1.5337,0.0378,16.402,19.0506,0.1487,0.1334,6056,9
E02006329,Elmbridge 013,4,7139,7.4922,0.0895,0.0546,6.6226,-1.7569,-0.3636,18.3326,17.6377,0.1201,0.0854,6210,10
E02006330,Elmbridge 014,6,10097,9.9224,0.1695,0.0744,9.3473,-0.9768,-0.3115,12.8624,15.5,0.1732,0.2105,5600,9
E02006331,Elmbridge 015,4,7244,4.9824,0.0825,0.0548,3.1538,-1.476,-0.7878,15.5202,12.2699,0.093,0.093,6643,10
E02006332,Elmbridge 016,4,6654,5.3643,0.0635,0.0376,1.9524,-2.0354,-0.8589,26.3959,10.9583,0.0939,0.0523,6589,10
E02006333,Elmbridge 017,6,10116,11.6478,0.1443,0.0767,13.2453,-1.3374,-0.2588,20.571,14.6404,0.1909,0.1472,5140,8
E02006334,Elmbridge 018,5,8350,3.8171,0.0402,0.031,2.1977,-2.4485,-0.9573,24.5386,7.6153,0.0442,0.0397,6762,10
E02006335,Epsom and Ewell 001,5,7912,5.7802,0.1111,0.0581,6.7796,-1.4336,-0.7356,10.924,15.3117,0.1732,0.0975,6523,10
E02006336,Epsom and Ewell 002,4,7111,15.6629,0.1968,0.1093,21.8035,-0.4728,0.305,15.3816,9.9017,0.2812,0.1665,4047,6
E02006337,Epsom and Ewell 003,5,8893,2.7703,0.0633,0.0394,4.0494,-1.5617,-0.8992,7.7964,10.3784,0.085,0.0541,6829,10
E02006338,Epsom and Ewell 004,4,6829,5.2562,0.0901,0.0597,5.9836,-1.2832,-0.4253,8.4015,14.1629,0.1364,0.0736,6603,10
E02006339,Epsom and Ewell 005,5,10973,12.3993,0.1669,0.096,12.5282,-0.8649,0.3335,16.8749,9.2313,0.2316,0.1367,4915,8
E02006341,Epsom and Ewell 007,6,10393,10.6819,0.1534,0.0864,9.5114,-0.8794,-0.0314,10.0116,18.4512,0.2202,0.1247,5407,8
E02006342,Epsom and Ewell 008,5,8354,10.5731,0.148,0.0738,6.9778,-0.7785,0.1351,11.2707,22.4777,0.2081,0.1759,5435,8
E02006343,Epsom and Ewell 009,6,9104,4.738,0.0696,0.0512,3.5261,-1.3236,-0.7455,14.4497,13.6083,0.0843,0.0649,6670,10
E02006344,Guildford 001,6,8728,10.9862,0.0907,0.0549,8.7759,-1.1753,-0.3666,32.2881,21.3505,0.1567,0.0708,5329,8
E02006345,Guildford 002,4,7724,9.7317,0.0873,0.0524,15.5844,-0.9425,-1.1885,31.4088,13.2186,0.1648,0.161,5648,9
E02006346,Guildford 003,7,10026,4.4357,0.0537,0.0374,2.6328,-1.7399,-1.1034,24.7042,7.9243,0.0763,0.042,6705,10
E02006347,Guildford 004,5,7212,8.122,0.1115,0.0666,9.3829,-1.259,-0.696,22.049,12.8557,0.196,0.0815,6065,9
E02006348,Guildford 005,6,8666,10.5129,0.1316,0.0779,10.3951,-0.8273,-0.3316,24.1936,9.9932,0.2269,0.0821,5455,8
E02006349,Guildford 006,4,8078,6.3473,0.1088,0.059,5.3117,-0.9642,-0.3027,15.0279,10.8491,0.1685,0.0972,6442,10
E02006350,Guildford 007,4,6399,24.5606,0.2846,0.1565,41.4881,0.2611,0.3839,17.5439,7.1055,0.4173,0.2466,2297,4
E02006351,Guildford 008,5,8446,6.9981,0.1199,0.0682,5.4273,-1.0022,-0.7998,17.5602,9.2163,0.1487,0.1353,6325,10
E02006352,Guildford 009,4,6223,7.8006,0.1085,0.0603,12.0546,-0.8306,-0.2837,12.1725,10.969,0.1815,0.1372,6152,9
E02006353,Guildford 010,4,6100,18.7539,0.2236,0.1236,28.0163,-0.3392,0.3112,21.0446,12.5696,0.3448,0.2041,3338,5
E02006354,Guildford 011,5,9594,2.3731,0.0487,0.038,0.3699,-1.9417,-0.7525,13.271,10.5339,0.0666,0.0339,6842,10
E02006355,Guildford 012,4,10436,13.5736,0.148,0.0733,21.1387,-0.6712,-0.2484,17.2016,12.8207,0.3001,0.1811,4578,7
E02006356,Guildford 013,6,11839,11.7963,0.1306,0.0706,3.9791,-0.5996,0.4684,13.4061,32.9601,0.2108,0.1549,5094,8
E02006357,Guildford 014,4,7842,8.787,0.1423,0.0743,13.1955,-1.0089,-0.4584,18.9959,6.0603,0.2401,0.0969,5898,9
E02006358,Guildford 015,4,9089,6.5403,0.0824,0.0404,2.5316,-0.9551,-0.2216,11.852,17.5009,0.1875,0.1959,6409,10
E02006359,Guildford 016,4,6208,3.7288,0.0533,0.04,0.5626,-1.8103,-0.8518,11.239,15.6414,0.0552,0.0712,6768,10
E02006360,Guildford 017,5,8171,8.8673,0.0798,0.0612,3.7873,-1.082,-0.7918,29.5996,23.5848,0.104,0.0948,5874,9
E02006361,Guildford 018,3,5597,11.105,0.0887,0.0567,7.0586,-1.5684,-0.5653,36.3584,25.4975,0.1423,0.0723,5293,8
E02006362,Mole Valley 001,5,6867,4.2476,0.0791,0.0537,2.3871,-1.3807,-1.1287,15.5394,9.3097,0.111,0.0682,6731,10
E02006363,Mole Valley 002,4,6066,4.8314,0.0737,0.0541,2.1101,-1.1422,-0.8728,17.8794,12.5108,0.0933,0.0668,6661,10
E02006364,Mole Valley 003,4,7883,18.519,0.2261,0.126,22.8422,-0.1614,0.105,19.3725,18.9693,0.3646,0.1797,3382,5
E02006365,Mole Valley 004,4,6306,6.4306,0.0952,0.0732,3.7237,-1.1286,-0.6256,14.7154,14.3414,0.1384,0.0654,6429,10
E02006366,Mole Valley 005,5,8050,3.9556,0.0497,0.0413,4.5089,-1.696,-0.979,20.3423,5.3555,0.0757,0.0326,6751,10
E02006367,Mole Valley 006,4,5929,8.0563,0.1073,0.0754,6.2535,-1.229,-1.059,23.577,5.0822,0.1609,0.0642,6087,9
E02006368,Mole Valley 007,4,5725,7.9446,0.0965,0.074,8.0049,-1.0695,-0.5669,22.3385,6.4378,0.1372,0.0716,6120,9
E02006369,Mole Valley 008,4,6289,10.2525,0.0845,0.0608,8.6606,-1.0345,-0.5934,29.471,27.4244,0.0995,0.0956,5522,9
E02006370,Mole Valley 009,4,6403,6.9463,0.0806,0.0488,2.92,-1.1528,-0.3694,12.501,29.6951,0.1124,0.0788,6337,10
E02006371,Mole Valley 010,4,7297,7.7756,0.1244,0.0734,4.5219,-0.7869,-0.078,9.002,18.2018,0.1806,0.1115,6162,9
E02006372,Mole Valley 011,4,6338,17.2166,0.1946,0.1103,25.0249,-0.5371,-0.0438,25.5387,13.7438,0.2702,0.1372,3653,6
E02006373,Mole Valley 012,4,7515,13.5291,0.1091,0.0651,9.962,-1.1918,-0.4228,36.2219,34.517,0.1764,0.0784,4591,7
E02006374,Mole Valley 013,4,7184,15.5538,0.1274,0.0855,17.4822,-0.7379,-0.1156,36.8752,22.7507,0.2157,0.0958,4069,6
E02006375,Reigate and Banstead 001,4,6820,3.7676,0.0644,0.0496,5.7785,-1.2365,-0.6739,13.2331,8.2797,0.08,0.0464,6765,10
E02006376,Reigate and Banstead 002,6,9235,7.1324,0.0906,0.0668,8.1607,-0.7818,-0.1622,10.0325,14.8696,0.1566,0.0696,6306,10
E02006377,Reigate and Banstead 003,4,6262,4.9201,0.0786,0.0562,7.3371,-1.1905,-0.4199,13.2318,8.6921,0.1164,0.0518,6649,10
E02006378,Reigate and Banstead 004,5,8902,8.3001,0.0983,0.0649,8.8621,-1.0302,-0.1682,23.7007,10.3742,0.1413,0.0618,6026,9
E02006379,Reigate and Banstead 005,4,7107,19.4366,0.2445,0.1361,27.6647,-0.1086,0.4017,18.5899,4.5721,0.3298,0.2288,3168,5
E02006380,Reigate and Banstead 006,5,7108,5.1502,0.0645,0.0447,5.573,-1.0585,-0.839,22.2048,10.2142,0.0941,0.0468,6621,10
E02006381,Reigate and Banstead 007,4,7310,7.9158,0.0794,0.0495,7.8653,-1.4792,-0.6427,30.6183,10.5454,0.1349,0.0529,6130,9
E02006382,Reigate and Banstead 008,4,6950,17.8638,0.2117,0.1199,20.1207,-0.1438,0.1998,19.2768,14.4966,0.2751,0.2181,3521,6
E02006383,Reigate and Banstead 009,6,10379,4.9098,0.056,0.0394,2.5371,-1.2576,-0.7613,17.4701,19.8112,0.0775,0.0585,6651,10
E02006384,Reigate and Banstead 010,6,11252,12.7845,0.1814,0.098,11.5903,-0.4414,-0.044,12.35,15.382,0.2595,0.1748,4800,7
E02006385,Reigate and Banstead 011,7,11537,9.8849,0.1361,0.0727,6.5795,-0.6243,-0.017,16.7421,17.7884,0.2001,0.1313,5610,9
E02006386,Reigate and Banstead 012,5,8504,5.9765,0.0903,0.06,1.7213,-1.0257,-0.8296,12.5036,22.1839,0.113,0.0978,6490,10
E02006387,Reigate and Banstead 013,4,6823,11.3884,0.1728,0.0998,8.7865,-0.3861,-0.3302,17.3029,9.72,0.2148,0.1568,5209,8
E02006388,Reigate and Banstead 014,5,9540,11.89,0.1384,0.0751,12.7846,-0.5039,-0.2322,22.0231,22.6498,0.2074,0.1163,5064,8
E02006389,Reigate and Banstead 015,5,7548,15.3246,0.1667,0.0929,18.8049,-0.4484,-0.1294,26.5332,18.1587,0.2281,0.1351,4130,7
E02006390,Reigate and Banstead 016,6,11097,13.0893,0.1694,0.0876,21.1627,-0.4859,-0.2474,19.1536,6.2874,0.2737,0.0947,4714,7
E02006391,Reigate and Banstead 017,4,7855,5.6609,0.0941,0.0532,9.6697,-1.1825,-0.7373,17.2492,7.3372,0.1368,0.0697,6545,10
E02006392,Reigate and Banstead 018,6,9445,15.7804,0.1908,0.106,21.6196,-0.387,0.1783,16.3679,19.0939,0.3052,0.1343,4007,6
E02006393,Runnymede 001,4,7091,9.7438,0.1231,0.0623,7.122,-0.5608,-0.0291,18.4597,21.979,0.2531,0.1109,5641,9
E02006394,Runnymede 002,6,12266,11.4636,0.1031,0.0487,14.8189,-1.1558,-0.1181,25.0356,15.5185,0.2062,0.1326,5190,8
E02006395,Runnymede 003,6,9791,15.078,0.1776,0.0877,21.963,-0.5476,-0.0585,22.29,22.677,0.2895,0.1844,4189,7
E02006396,Runnymede 004,4,6199,14.222,0.1222,0.0725,15.4263,-0.6737,0.1213,30.0737,25.6836,0.1871,0.1064,4408,7
E02006397,Runnymede 005,4,6322,6.0525,0.067,0.0443,8.7918,-1.6006,-0.6334,25.1564,10.9378,0.1156,0.0374,6482,10
E02006398,Runnymede 006,5,8704,15.3687,0.1929,0.1043,14.3063,-0.3366,0.2952,17.3182,21.1641,0.3179,0.1636,4118,7
E02006399,Runnymede 007,7,12312,13.035,0.1531,0.0903,12.3397,-0.4643,0.142,18.4508,21.432,0.245,0.1109,4726,7
E02006400,Runnymede 008,4,5734,12.8509,0.1367,0.0824,12.9089,-0.4751,-0.3402,28.1177,16.1212,0.2373,0.1228,4786,7
E02006401,Runnymede 009,5,10745,15.4254,0.1907,0.1033,15.8897,-0.3654,0.2837,19.8544,16.8378,0.3174,0.1134,4100,6
E02006402,Runnymede 010,7,9905,8.7319,0.0973,0.068,8.3179,-0.7381,-0.3178,20.5345,14.3737,0.1524,0.0756,5913,9
E02006403,Spelthorne 001,4,6836,28.1414,0.2595,0.1465,35.1558,0.0342,0.8528,30.807,29.8482,0.3976,0.1757,1795,3
E02006404,Spelthorne 002,4,7811,25.6505,0.2942,0.1462,36.0815,0.1085,0.66,25.1132,12.552,0.4544,0.2275,2127,4
E02006405,Spelthorne 003,7,11693,12.4048,0.1382,0.0887,11.706,-0.4753,0.0454,19.1468,19.8844,0.2495,0.0743,4908,8
E02006406,Spelthorne 004,6,9241,14.7609,0.1695,0.0938,10.5738,-0.4902,0.5093,19.4842,25.2457,0.2819,0.1686,4266,7
E02006407,Spelthorne 005,6,9303,12.7298,0.1509,0.0833,17.953,-0.6523,-0.0651,20.5594,18.8599,0.2292,0.1277,4813,8
E02006408,Spelthorne 006,5,8870,13.1533,0.1533,0.0855,19.7651,-0.4825,-0.3253,24.5834,14.2571,0.2539,0.1203,4694,7
E02006409,Spelthorne 007,4,6756,19.2517,0.211,0.1381,22.1132,0.0333,0.2458,21.8912,13.1162,0.2833,0.2167,3211,5
E02006410,Spelthorne 008,5,8768,20.888,0.2371,0.1275,29.245,-0.1599,0.4412,22.0104,18.2367,0.3636,0.1564,2890,5
E02006411,Spelthorne 009,4,7146,5.4947,0.084,0.0556,5.737,-1.2033,-0.5506,18.9606,10.0154,0.1556,0.06,6567,10
E02006412,Spelthorne 010,4,7726,7.9235,0.1306,0.064,6.2398,-1.1469,-0.2018,15.4179,16.3869,0.2222,0.0819,6128,9
E02006413,Spelthorne 011,4,6419,12.1497,0.1448,0.0873,13.7939,-0.5444,-0.0282,19.3721,19.0683,0.2335,0.1091,4989,8
E02006414,Spelthorne 012,4,6206,13.662,0.1377,0.0924,16.8626,-0.5023,-0.2971,26.6959,18.1126,0.233,0.0946,4552,7
E02006415,Spelthorne 013,4,6883,7.9426,0.0821,0.0596,6.2773,-1.1111,-0.087,18.784,26.1882,0.1372,0.0573,6122,9
E02006416,Surrey Heath 001,6,8373,10.0855,0.0935,0.0667,8.9301,-1.4369,-0.5158,29.8002,13.3443,0.1765,0.0641,5567,9
E02006417,Surrey Heath 002,4,6177,10.4947,0.1301,0.0802,12.5254,-1.2661,0.0304,21.1608,14.0571,0.2179,0.088,5460,8
E02006418,Surrey Heath 003,4,6561,4.302,0.0525,0.0448,4.9854,-2.0596,-0.8898,21.1404,8.4437,0.0748,0.0394,6721,10
E02006419,Surrey Heath 004,5,8265,17.5384,0.2319,0.1295,29.4055,-0.719,0.2289,13.6065,8.2384,0.3312,0.229,3588,6
E02006420,Surrey Heath 005,5,7857,4.8273,0.0747,0.0491,4.3702,-1.8802,-0.8036,14.9029,8.267,0.1237,0.0502,6662,10
E02006421,Surrey Heath 006,5,10350,5.2551,0.0732,0.0443,5.2103,-1.4346,-0.7643,24.4319,5.8447,0.121,0.0514,6604,10
E02006422,Surrey Heath 007,4,6137,3.4294,0.0691,0.043,3.11,-1.9259,-1.0735,19.4668,5.2821,0.1123,0.0387,6793,10
E02006423,Surrey Heath 008,6,11262,12.4007,0.1943,0.0998,16.3254,-0.9295,-0.0288,8.5554,14.8724,0.3041,0.1872,4914,8
E02006424,Surrey Heath 009,4,6484,3.5141,0.0548,0.0434,4.9876,-1.964,-0.9918,16.3707,11.4095,0.076,0.0421,6789,10
E02006425,Surrey Heath 010,4,6609,8.2962,0.1353,0.0771,12.0449,-1.3165,-0.5293,10.2259,13.4183,0.2145,0.1,6027,9
E02006426,Surrey Heath 011,4,5737,3.8855,0.0844,0.0496,6.1705,-1.576,-0.8694,11.8193,7.4314,0.1452,0.0651,6756,10
E02006427,Surrey Heath 012,4,7454,7.7926,0.1126,0.0647,10.2978,-1.4482,-0.236,19.8721,11.7395,0.1947,0.0788,6154,9
E02006429,Tandridge 002,5,8484,9.0818,0.1276,0.0732,10.769,-0.9827,-0.2323,15.319,14.3317,0.1941,0.0956,5824,9
E02006430,Tandridge 003,5,9482,11.1852,0.1516,0.0967,14.0317,-0.3664,-0.097,15.3921,7.0738,0.2101,0.108,5269,8
E02006431,Tandridge 004,6,11792,10.5033,0.1366,0.0756,11.7049,-1.0127,-0.3377,21.4134,14.1038,0.2095,0.0939,5458,8
E02006432,Tandridge 005,3,5767,8.9007,0.1032,0.074,7.3714,-0.5608,-0.2451,16.0313,15.5621,0.1113,0.0966,5865,9
E02006433,Tandridge 006,6,9739,7.355,0.0691,0.0467,4.3825,-1.5072,-0.4348,25.0916,21.8695,0.0962,0.0652,6248,10
E02006434,Tandridge 007,4,6608,15.8842,0.164,0.0925,23.7036,-0.5047,0.0291,26.8722,10.0137,0.247,0.134,3974,6
E02006435,Tandridge 008,4,6001,19.1116,0.1604,0.1025,15.0717,-0.4711,0.0653,40.1013,26.9277,0.2554,0.1042,3250,5
E02006436,Tandridge 009,4,6160,18.9796,0.1655,0.0938,17.7426,-0.4138,0.2358,43.3048,15.2269,0.272,0.1085,3286,5
E02006437,Tandridge 010,5,8387,13.0367,0.122,0.0704,11.5783,-0.8197,-0.1454,35.7138,15.8367,0.1778,0.0974,4725,7
E02006438,Tandridge 011,5,8747,16.8259,0.1423,0.0922,24.8501,-0.7398,-0.1754,33.8263,23.5758,0.242,0.0934,3750,6
E02006439,Waverley 001,4,6371,6.7206,0.1252,0.0698,7.961,-1.378,-0.4511,13.9811,9.9322,0.1948,0.1055,6367,10
E02006440,Waverley 002,5,7409,6.7825,0.1072,0.0605,10.9857,-1.5853,-0.7321,15.7254,7.7116,0.1526,0.0898,6357,10
E02006441,Waverley 003,5,8710,9.8124,0.1463,0.0829,8.9943,-0.7977,-0.1705,11.8232,18.5317,0.2436,0.1361,5626,9
E02006442,Waverley 004,4,6449,3.5729,0.05,0.0415,1.0986,-1.9523,-1.0334,19.5176,11.6331,0.0638,0.0473,6782,10
E02006443,Waverley 005,5,7430,12.4013,0.173,0.1013,12.6825,-0.4313,0.0981,12.7443,11.0921,0.2317,0.1843,4912,8
E02006444,Waverley 006,5,7235,6.8619,0.1164,0.0706,5.7448,-1.3498,-0.9072,17.4662,6.5485,0.1399,0.1189,6352,10
E02006445,Waverley 007,5,8743,5.1757,0.0839,0.061,2.3032,-1.1346,-0.9291,12.6054,12.2267,0.1212,0.0748,6617,10
E02006446,Waverley 008,4,7005,6.9339,0.0755,0.054,5.6993,-1.2047,-0.9705,26.3981,12.9086,0.0967,0.0754,6339,10
E02006447,Waverley 009,4,6906,6.3927,0.091,0.0535,5.516,-1.6753,-1.1971,26.74,6.1609,0.1178,0.0714,6434,10
E02006448,Waverley 010,5,7484,8.1032,0.1107,0.073,9.5374,-1.2001,-0.8143,15.9616,6.6604,0.1474,0.0772,6074,9
E02006449,Waverley 011,5,7018,10.9413,0.1118,0.0854,8.7829,-0.8583,-0.2452,25.6731,16.391,0.1466,0.109,5340,8
E02006450,Waverley 012,5,7284,10.9948,0.0784,0.0527,4.5576,-1.0514,-0.4125,32.3594,32.5024,0.0994,0.0853,5327,8
E02006451,Waverley 013,7,12359,7.695,0.1118,0.0725,11.0601,-1.0008,-0.9323,19.8949,4.1349,0.1827,0.0764,6176,10
E02006453,Waverley 015,5,8437,11.7727,0.11,0.0623,12.1702,-1.1673,-0.904,33.8979,26.1024,0.2052,0.0861,5104,8
E02006454,Waverley 016,4,6832,5.7534,0.0816,0.0538,5.4163,-1.2771,-0.7337,20.2036,10.4892,0.0923,0.0818,6529,10
E02006455,Waverley 017,4,6158,8.6367,0.1281,0.072,9.043,-0.6154,-0.6548,18.9747,11.7671,0.1681,0.1181,5942,9
E02006456,Woking 001,5,8038,12.4035,0.1311,0.078,14.4709,-0.3757,-0.1304,22.8021,20.2134,0.1997,0.1172,4910,8
E02006457,Woking 002,5,9437,4.2668,0.059,0.0395,1.2161,-1.2463,-0.8957,18.6405,13.9399,0.0916,0.0482,6729,10
E02006458,Woking 003,6,9303,4.7916,0.0713,0.0556,2.4441,-0.9088,-0.7695,15.0674,8.7416,0.1055,0.0554,6666,10
E02006459,Woking 004,5,10707,26.1919,0.3315,0.136,33.1041,0.0146,0.2577,33.2441,15.9765,0.508,0.3116,2047,3
E02006460,Woking 005,7,9214,15.875,0.2257,0.1069,17.2493,-0.2068,-0.2229,20.615,6.2195,0.3197,0.1848,3978,6
E02006461,Woking 006,4,6810,6.6515,0.0944,0.0572,3.4807,-0.9979,-0.4202,20.1642,14.0662,0.1576,0.0567,6382,10
E02006462,Woking 007,5,8259,12.0138,0.1506,0.0821,9.4294,-0.3715,0.4204,17.7941,12.2385,0.2283,0.1119,5023,8
E02006463,Woking 008,6,10895,9.7857,0.1333,0.0728,5.0512,-0.516,-0.0376,14.4153,21.6213,0.2093,0.1724,5632,9
E02006464,Woking 009,4,6774,10.0917,0.1341,0.0809,8.5652,-0.4877,-0.1569,15.8238,9.4172,0.1723,0.1519,5563,9
E02006465,Woking 010,4,6215,4.2975,0.0773,0.048,1.486,-1.0329,-0.9608,16.2784,13.3783,0.0944,0.0658,6723,10
E02006466,Woking 011,6,11363,17.5616,0.231,0.1083,18.7328,-0.0353,0.4538,20.4339,8.2568,0.3333,0.2105,3581,6
E02006467,Woking 012,5,7275,5.932,0.0775,0.0504,2.6307,-0.8863,-0.3355,20.5041,13.1755,0.1316,0.0621,6495,10
E02006468,North Warwickshire 001,6,11230,15.676,0.1589,0.101,23.4005,-0.1016,-0.4392,26.2669,15.119,0.2742,0.1235,4036,6
E02006469,North Warwickshire 002,5,8775,23.475,0.2231,0.1303,39.7539,0.2071,-0.27,28.6107,22.5115,0.32,0.1862,2477,4
E02006470,North Warwickshire 003,7,11861,27.126,0.2532,0.1693,38.2256,0.5352,0.1705,17.7488,19.9304,0.4118,0.167,1907,3
E02006471,North Warwickshire 004,4,6871,14.6506,0.1135,0.0812,23.4927,-0.4467,-0.46,30.1808,25.4484,0.1978,0.0883,4299,7
E02006472,North Warwickshire 005,6,10191,24.0509,0.2432,0.1339,32.7202,0.1965,0.1412,28.0426,23.8097,0.4186,0.1535,2382,4
E02006473,North Warwickshire 006,6,10656,12.9142,0.1286,0.091,17.9198,-0.1229,-0.4883,14.4755,26.7415,0.207,0.101,4766,7
E02006474,North Warwickshire 007,4,6363,21.5493,0.1512,0.0978,23.9296,-0.0057,0.0513,37.0327,40.1121,0.258,0.1329,2783,5
E02006475,Nuneaton and Bedworth 001,6,10022,11.7422,0.1602,0.0827,9.1602,0.0262,-0.0275,17.1206,8.1594,0.2706,0.0944,5114,8
E02006476,Nuneaton and Bedworth 002,5,9642,37.1794,0.3521,0.2028,56.3744,0.7568,0.9917,22.5519,12.4256,0.5034,0.2771,925,2
E02006477,Nuneaton and Bedworth 003,6,9243,9.6478,0.1278,0.0761,6.7666,-0.2211,-0.1591,16.3895,10.5926,0.2374,0.0601,5669,9
E02006478,Nuneaton and Bedworth 004,5,8600,17.755,0.2004,0.1112,24.8093,0.3193,-0.0904,22.0798,5.8977,0.3488,0.1014,3540,6
E02006479,Nuneaton and Bedworth 005,5,9185,36.5874,0.3557,0.2145,39.3189,0.7414,0.933,11.4048,43.1571,0.4746,0.3121,969,2
E02006480,Nuneaton and Bedworth 006,5,7503,31.5488,0.2954,0.1925,43.2068,0.6461,0.6728,12.7971,21.7267,0.4169,0.2443,1404,3
E02006481,Nuneaton and Bedworth 007,5,7299,33.5386,0.3178,0.1966,47.2794,0.7587,0.6051,16.5733,20.0066,0.4833,0.2047,1198,2
E02006482,Nuneaton and Bedworth 008,4,7286,16.9576,0.1905,0.1178,22.6899,0.3509,-0.2548,14.7063,16.3709,0.3112,0.1118,3711,6
E02006483,Nuneaton and Bedworth 009,5,8105,34.6056,0.3464,0.2046,49.7572,0.7379,0.5569,13.1072,29.0558,0.4745,0.3202,1115,2
E02006484,Nuneaton and Bedworth 010,5,7645,23.5491,0.238,0.1558,27.952,0.5013,0.2063,18.4073,21.1907,0.3733,0.1742,2467,4
E02006485,Nuneaton and Bedworth 011,5,6609,5.3201,0.0586,0.0574,6.8456,-0.4455,-1.4007,19.8168,6.6686,0.1006,0.0415,6592,10
E02006486,Nuneaton and Bedworth 012,5,7023,20.9819,0.1919,0.1502,29.3863,0.5468,0.0829,14.7213,14.6926,0.2932,0.1366,2879,5
E02006487,Nuneaton and Bedworth 013,5,6857,36.7801,0.3285,0.229,50.8929,1.1196,0.6256,13.1207,20.8032,0.4862,0.2628,956,2
E02006488,Nuneaton and Bedworth 014,4,6160,15.5746,0.1364,0.1052,21.4733,0.1402,-0.3064,22.8945,17.475,0.2902,0.0835,4065,6
E02006489,Nuneaton and Bedworth 015,5,7933,25.8803,0.2699,0.159,36.3163,0.696,0.0191,16.856,18.1559,0.4129,0.2083,2098,4
E02006490,Nuneaton and Bedworth 016,4,7772,23.4981,0.223,0.1463,34.227,0.5638,0.1688,23.1534,13.5878,0.3562,0.1516,2471,4
E02006493,Rugby 002,7,10624,15.0774,0.1833,0.1021,21.9098,-0.131,-0.2114,17.3483,7.2087,0.2729,0.1618,4190,7
E02006494,Rugby 003,4,7265,28.7222,0.2844,0.1727,35.7024,0.8503,0.5256,14.1815,26.3811,0.3838,0.2525,1726,3
E02006495,Rugby 004,5,7852,12.4983,0.131,0.0891,16.2313,-0.3021,-0.428,24.752,14.2073,0.2419,0.0816,4882,8
E02006496,Rugby 005,4,7172,20.3686,0.2071,0.108,30.6803,0.0171,0.3135,9.5534,39.7689,0.2977,0.2186,2985,5
E02006497,Rugby 006,4,8123,21.2241,0.2365,0.13,32.1984,0.1572,0.3554,11.8062,24.7438,0.347,0.201,2840,5
E02006498,Rugby 007,8,13816,12.9847,0.1632,0.0951,17.0425,-0.2366,-0.2829,20.9663,6.9345,0.2475,0.0986,4746,7
E02006499,Rugby 008,4,6346,5.0398,0.0797,0.0554,7.597,-0.5829,-1.0562,10.9544,12.3356,0.1113,0.0473,6638,10
E02006500,Rugby 009,4,6390,17.5639,0.2001,0.1154,20.8515,0.0955,0.2589,12.7459,20.6806,0.3297,0.1474,3580,6
E02006501,Rugby 010,5,10255,11.0075,0.1355,0.0883,12.991,-0.3345,-0.3722,16.5391,13.7894,0.1893,0.0945,5322,8
E02006502,Rugby 011,7,11096,11.7177,0.1532,0.0971,17.9758,-0.2376,-0.7967,13.5767,9.1824,0.2244,0.1248,5120,8
E02006503,Rugby 012,6,10683,10.3971,0.1108,0.0726,6.2332,-0.7332,-0.5352,28.2438,18.8265,0.1626,0.0826,5487,9
E02006504,Stratford-on-Avon 001,3,5883,9.9023,0.0788,0.0538,6.3102,-1.2972,-0.4391,31.0488,32.2754,0.1377,0.0629,5607,9
E02006505,Stratford-on-Avon 002,4,7024,11.797,0.1181,0.0708,7.1458,-0.7806,-0.8232,26.9015,34.2368,0.1879,0.0954,5092,8
E02006506,Stratford-on-Avon 003,4,6067,12.5839,0.1785,0.1067,12.292,-0.2887,-0.2865,14.6236,12.3127,0.2784,0.1304,4857,8
E02006507,Stratford-on-Avon 004,6,11606,9.3311,0.1303,0.0755,9.633,-0.5895,-0.4402,21.099,10.1208,0.2153,0.1047,5758,9
E02006508,Stratford-on-Avon 005,7,11523,11.6013,0.117,0.07,8.8953,-0.8545,-0.4811,33.5489,17.5038,0.1901,0.0862,5157,8
E02006509,Stratford-on-Avon 006,4,5912,14.1866,0.1964,0.1112,14.7066,-0.3662,-0.339,16.0958,14.8355,0.3055,0.1561,4417,7
E02006510,Stratford-on-Avon 007,3,7198,10.7807,0.1311,0.0704,6.2551,-0.9603,-0.6961,29.3301,24.1027,0.2811,0.0597,5385,8
E02006511,Stratford-on-Avon 008,8,10889,11.8847,0.1394,0.0889,11.136,-0.6184,-0.7955,26.8903,15.1268,0.2239,0.1002,5068,8
E02006512,Stratford-on-Avon 009,7,12512,14.3933,0.1931,0.1137,15.6726,-0.3106,0.1646,11.254,9.3854,0.3058,0.1472,4360,7
E02006513,Stratford-on-Avon 010,5,8721,6.3075,0.1071,0.0678,4.605,-0.8879,-0.6096,16.7247,5.1404,0.181,0.0604,6448,10
E02006514,Stratford-on-Avon 011,5,8943,9.1304,0.1252,0.0887,6.2312,-0.6116,-0.2,9.69,15.1151,0.1754,0.097,5810,9
E02006515,Stratford-on-Avon 012,5,11660,11.9033,0.143,0.083,9.5193,-0.6589,-0.5111,28.5442,15.8166,0.2478,0.1028,5054,8
E02006516,Stratford-on-Avon 013,5,9887,14.2858,0.115,0.0688,8.0748,-0.9983,-0.8801,35.8118,42.1804,0.21,0.0922,4387,7
E02006517,Stratford-on-Avon 014,6,10232,14.4145,0.1448,0.0876,9.1692,-0.6029,-0.5534,34.5737,25.0578,0.2447,0.102,4358,7
E02006518,Stratford-on-Avon 015,5,10516,12.9297,0.1368,0.0719,10.0687,-1.0783,-0.7539,30.3518,28.1431,0.2641,0.0977,4759,7
E02006519,Warwick 001,5,8157,6.2731,0.0839,0.0528,2.8393,-0.9158,-0.6099,13.2991,20.2248,0.1252,0.0837,6452,10
E02006520,Warwick 002,5,8392,4.235,0.0705,0.0501,2.0821,-0.8883,-0.8166,14.1104,8.6481,0.1065,0.0595,6732,10
E02006521,Warwick 003,5,7383,5.0948,0.0852,0.0657,3.4694,-0.855,-1.0166,9.9354,8.8829,0.1146,0.0743,6630,10
E02006522,Warwick 004,4,5972,13.0091,0.0777,0.0433,3.0094,-1.2894,-0.7053,39.0723,47.4094,0.1448,0.0503,4735,7
E02006523,Warwick 005,7,13407,9.1896,0.0843,0.0636,7.8559,-0.889,-1.0766,27.3535,20.831,0.1414,0.0648,5793,9
E02006524,Warwick 006,4,5493,22.7818,0.2545,0.1535,33.9248,0.1637,0.269,13.6346,8.557,0.3544,0.2382,2591,4
E02006525,Warwick 007,8,13275,6.631,0.0808,0.0573,2.5446,-0.6795,-0.5608,8.2179,22.1038,0.106,0.117,6386,10
E02006526,Warwick 008,6,8455,13.2097,0.1562,0.1146,14.3558,0.0033,-0.3883,11.7669,12.8376,0.2013,0.1444,4673,7
E02006527,Warwick 009,6,9466,8.9016,0.0954,0.0641,4.583,-0.567,-0.327,8.3367,28.8102,0.148,0.0971,5864,9
E02006528,Warwick 010,7,11387,15.2728,0.1566,0.0945,15.1601,0.0723,0.2446,11.4414,29.2586,0.24,0.1885,4144,7
E02006529,Warwick 011,7,12723,12.7636,0.1718,0.1001,15.2512,-0.2438,-0.0229,10.2995,12.4869,0.2465,0.1684,4806,8
E02006530,Warwick 012,8,13951,10.1981,0.1709,0.0847,5.5448,-0.5037,-0.3269,12.7557,13.3846,0.2675,0.0941,5537,9
E02006531,Warwick 013,6,10509,20.6093,0.2181,0.1112,33.6034,0.2379,0.5015,13.0613,22.5041,0.3229,0.3196,2937,5
E02006532,Warwick 014,5,12221,9.4481,0.1378,0.0738,6.8824,-0.974,-0.5306,27.3919,7.6366,0.2304,0.076,5727,9
E02006533,Warwick 015,5,10442,8.4417,0.1217,0.0773,12.5411,-0.4272,-0.4841,14.6004,5.998,0.1892,0.1086,5997,9
E02006534,Adur 001,6,9175,12.9637,0.1766,0.1107,18.9984,-0.49,-0.2495,8.8949,13.9131,0.2502,0.122,4753,7
E02006535,Adur 002,5,7321,5.6009,0.097,0.0626,6.3237,-1.0087,-1.0759,10.8364,10.8327,0.1469,0.0594,6551,10
E02006536,Adur 003,5,7494,10.8452,0.1257,0.0853,23.4612,-0.6272,-0.4678,14.3414,9.8513,0.191,0.0883,5364,8
E02006537,Adur 004,7,10532,22.5365,0.2709,0.1645,30.6385,0.0669,0.25,12.5982,16.2223,0.3688,0.2497,2638,4
E02006538,Adur 005,5,9286,9.7989,0.1393,0.0907,7.6953,-0.8092,-0.1457,13.4951,15.8704,0.2341,0.0914,5630,9
E02006539,Adur 006,5,7310,18.7395,0.1997,0.1351,34.6288,-0.0171,-0.2048,13.9261,14.9692,0.3094,0.1351,3343,5
E02006540,Adur 007,4,5793,22.254,0.2583,0.1471,36.5475,0.0393,-0.0731,19.2414,14.6342,0.3892,0.2033,2681,4
E02006541,Adur 008,5,7814,17.2436,0.1998,0.1222,25.4599,-0.12,-0.201,16.1999,19.7699,0.3326,0.1434,3650,6
E02006542,Arun 001,4,5703,16.0972,0.1219,0.0757,11.4402,-0.4196,-0.2501,40.1946,29.8058,0.202,0.1058,3923,6
E02006543,Arun 002,4,5651,17.4392,0.1634,0.1034,18.4579,-0.2973,-0.5435,38.2995,15.1211,0.3158,0.1133,3614,6
E02006544,Arun 003,6,11982,14.9991,0.1581,0.0894,13.2907,-0.1573,-0.3584,36.3072,7.4082,0.2889,0.1048,4210,7
E02006545,Arun 004,7,12411,28.368,0.2938,0.1579,37.9606,0.4308,0.2582,31.423,9.465,0.4372,0.1897,1762,3
E02006546,Arun 005,6,11079,14.7709,0.1665,0.1021,21.1794,-0.2636,-0.1589,23.2195,7.3051,0.2959,0.1266,4262,7
E02006547,Arun 006,4,6902,20.6056,0.2088,0.1113,27.9666,0.0631,-0.0762,34.4227,12.3805,0.3711,0.1153,2938,5
E02006548,Arun 007,6,9789,15.3465,0.1677,0.1024,22.617,-0.1274,-0.4207,26.3511,9.8742,0.2913,0.1001,4125,7
E02006549,Arun 008,4,6248,8.3015,0.0726,0.0773,12.2807,-0.4871,-0.9564,25.1362,4.2099,0.1644,0.0435,6025,9
E02006550,Arun 009,6,9531,18.2582,0.1821,0.1196,26.7378,0.0396,-0.2243,27.2824,10.6282,0.3282,0.1081,3439,6
E02006551,Arun 010,5,7884,10.2529,0.1003,0.0941,11.3521,-0.271,-1.1811,23.8464,9.6048,0.2461,0.0661,5521,9
E02006552,Arun 011,4,7440,37.8295,0.3141,0.2084,38.643,0.8078,1.0556,32.1122,36.6246,0.469,0.2481,876,2
E02006553,Arun 012,6,9944,15.394,0.1696,0.0951,24.9227,0.0527,-0.1327,22.6889,8.7418,0.2845,0.1242,4108,6
E02006554,Arun 013,4,6635,15.4827,0.1334,0.0995,22.2857,-0.0181,-0.6994,33.576,7.8733,0.2644,0.099,4085,6
E02006555,Arun 014,5,7740,28.8691,0.3004,0.1685,39.6551,0.5624,0.4027,23.9579,17.1755,0.4792,0.2698,1705,3
E02006556,Arun 015,6,10629,12.9931,0.1433,0.0922,19.6427,-0.1176,-0.4803,23.7111,6.2156,0.2342,0.0711,4741,7
E02006557,Arun 016,5,7911,30.1514,0.3144,0.1751,45.076,0.6013,0.6049,21.0908,14.7621,0.4821,0.2696,1533,3
E02006558,Arun 017,6,10932,34.8872,0.3038,0.1713,42.6218,0.9031,0.9645,27.4314,28.985,0.5336,0.2407,1090,2
E02006559,Arun 018,5,8246,8.6663,0.0807,0.078,13.2468,-0.4293,-0.9895,24.7694,4.5467,0.2024,0.0486,5930,9
E02006560,Arun 019,6,9724,15.9724,0.1553,0.0996,24.0475,-0.0191,-0.5785,31.9277,5.9221,0.3023,0.1071,3951,6
E02006561,Chichester 001,4,6841,12.0452,0.1005,0.0639,10.4726,-0.5508,-0.7254,32.552,26.1919,0.1366,0.0964,5014,8
E02006562,Chichester 002,4,6195,13.7526,0.0958,0.0529,8.6617,-0.9669,-0.9898,44.5446,32.9027,0.1719,0.0577,4527,7
E02006563,Chichester 003,4,5781,17.325,0.109,0.0678,9.0732,-0.772,-0.9574,41.9671,54.3007,0.1797,0.0976,3638,6
E02006564,Chichester 004,5,8094,12.9654,0.1566,0.0899,15.3772,-0.625,-0.7547,26.3876,18.0115,0.2418,0.1344,4752,7
E02006565,Chichester 005,6,8114,16.9346,0.1306,0.0759,14.1304,-0.5695,-0.9212,35.6126,45.7895,0.2184,0.0999,3719,6
E02006566,Chichester 006,5,8519,13.7348,0.1392,0.0845,12.0142,-0.5143,-0.6589,31.2531,19.5062,0.2625,0.0853,4531,7
E02006567,Chichester 007,5,7697,16.7806,0.1762,0.0938,16.8603,-0.4296,-0.3592,31.2003,24.2546,0.3411,0.1059,3758,6
E02006568,Chichester 008,7,12663,20.7037,0.2408,0.1366,27.0699,0.1847,0.1184,18.3017,11.2929,0.4071,0.1831,2924,5
E02006569,Chichester 009,5,9893,10.2369,0.11,0.0673,13.6451,-0.8455,-0.9094,27.3913,11.5986,0.2142,0.0715,5524,9
E02006570,Chichester 010,5,9193,15.2292,0.1807,0.1033,15.2223,0.0036,0.3209,11.5199,20.711,0.3011,0.1771,4159,7
E02006571,Chichester 011,4,8824,10.3841,0.1573,0.0837,6.4261,-0.6448,-0.364,23.1397,9.2898,0.3094,0.0766,5490,9
E02006572,Chichester 012,7,11837,19.8755,0.2292,0.1102,27.9348,-0.1509,-0.2017,30.4077,11.8655,0.3726,0.1638,3081,5
E02006573,Chichester 013,7,11737,14.6253,0.1626,0.1029,19.5027,-0.4186,-0.5546,28.7336,10.9973,0.3134,0.1015,4307,7
E02006574,Chichester 014,7,10812,19.4571,0.1811,0.1218,33.0909,0.1911,-0.2643,28.2998,6.0839,0.3628,0.1308,3166,5
E02006575,Crawley 001,5,9198,25.0007,0.3089,0.14,35.6722,0.0852,0.3624,28.4525,7.3111,0.4956,0.2335,2213,4
E02006576,Crawley 002,6,11271,12.3537,0.1652,0.0707,12.7515,-0.8071,-0.4574,30.5916,8.7194,0.2751,0.0907,4926,8
E02006577,Crawley 003,5,9205,22.2883,0.2737,0.1406,30.1772,0.0921,0.572,19.2258,9.152,0.4023,0.2296,2670,4
E02006578,Crawley 004,6,13003,22.8101,0.2795,0.127,29.1898,-0.0884,0.2451,27.9135,14.2287,0.4489,0.2309,2584,4
E02006579,Crawley 005,5,8299,16.2615,0.1998,0.1021,22.0038,-0.3526,-0.0163,22.1748,17.5921,0.3221,0.1586,3887,6
E02006580,Crawley 006,5,8326,16.442,0.2092,0.1109,22.7246,-0.2266,0.0203,23.1934,7.6481,0.3372,0.151,3837,6
E02006581,Crawley 007,5,11274,25.9089,0.283,0.1677,26.8631,0.2018,0.8097,23.6091,13.1869,0.4059,0.2539,2094,4
E02006582,Crawley 008,4,7812,7.207,0.0807,0.0417,6.223,-1.3986,-0.551,31.8348,6.6639,0.149,0.0436,6284,10
E02006583,Crawley 009,6,9368,15.2434,0.1839,0.0996,17.3234,-0.4602,-0.2857,28.6657,9.007,0.2776,0.1669,4155,7
E02006584,Crawley 010,5,7613,28.7064,0.3215,0.1592,38.7179,0.3531,0.4253,34.9664,3.522,0.4643,0.2754,1727,3
E02006585,Crawley 011,5,8304,21.0092,0.2688,0.1277,33.2811,-0.0127,0.4648,19.5405,6.2462,0.43,0.1751,2876,5
E02006586,Crawley 012,5,7778,25.9406,0.3045,0.1329,43.6486,0.1079,0.2295,29.8517,11.6363,0.4807,0.2231,2091,4
E02006587,Crawley 013,5,8249,31.4338,0.3547,0.178,44.0562,0.2582,0.7273,29.6156,5.0621,0.5099,0.3163,1415,3
E02006588,Horsham 001,7,10848,11.6405,0.1504,0.0834,10.7586,-0.7912,-0.1633,24.1677,13.7302,0.2415,0.1081,5143,8
E02006589,Horsham 002,8,11478,3.9115,0.074,0.0512,3.9549,-1.1086,-1.3967,16.0002,5.6106,0.1223,0.0506,6755,10
E02006590,Horsham 003,5,8905,9.5278,0.1327,0.0831,7.0779,-0.907,-0.5927,20.3529,14.7998,0.2152,0.0899,5709,9
E02006591,Horsham 004,5,8316,7.7806,0.1234,0.0792,8.0544,-0.7812,-0.4584,11.1241,13.1366,0.1825,0.0941,6160,9
E02006592,Horsham 005,4,6710,11.7919,0.0949,0.0627,8.1001,-1.1473,-0.8675,36.6386,28.2282,0.1672,0.0645,5095,8
E02006593,Horsham 006,7,11485,14.4588,0.1822,0.1188,10.6743,-0.2021,0.0973,11.8908,16.2862,0.2483,0.1568,4351,7
E02006594,Horsham 007,7,11087,6.63,0.1165,0.066,6.3502,-0.9289,-0.4726,16.0713,4.7199,0.1598,0.1095,6387,10
E02006595,Horsham 008,5,9117,6.4261,0.0538,0.0454,4.1182,-1.5688,-1.0249,25.3638,21.6651,0.0984,0.0326,6430,10
E02006596,Horsham 009,6,9326,5.4021,0.0965,0.0555,6.4108,-1.0907,-0.9173,20.1692,2.9914,0.1461,0.0815,6582,10
E02006597,Horsham 010,6,12869,10.4202,0.1402,0.0743,10.8705,-1.0059,-0.1947,25.2655,10.0411,0.2312,0.0948,5479,8
E02006598,Horsham 011,4,5446,12.9977,0.104,0.0544,9.6311,-1.0687,-1.0329,37.7762,36.9278,0.2225,0.0605,4739,7
E02006599,Horsham 012,4,6937,6.0119,0.0529,0.0405,6.2756,-1.8659,-1.3178,29.4223,13.1303,0.1108,0.0391,6485,10
E02006600,Horsham 013,6,9920,16.2901,0.1748,0.1035,23.3985,-0.6201,-0.068,26.0732,19.1847,0.3243,0.133,3880,6
E02006601,Horsham 014,5,8980,13.4618,0.1529,0.089,16.1745,-0.9208,-0.6301,30.6229,17.3706,0.2442,0.1204,4602,7
E02006602,Horsham 015,5,8871,9.4008,0.1074,0.0622,12.1566,-1.3817,-0.9063,31.7117,10.9568,0.1703,0.0618,5737,9
E02006603,Horsham 016,5,8474,8.1346,0.1039,0.0659,8.1162,-1.1663,-1.1489,26.3163,14.9547,0.1881,0.0754,6063,9
E02006604,Mid Sussex 001,8,13559,12.1822,0.1773,0.0883,16.9286,-0.5877,-0.1641,16.2408,11.7873,0.2645,0.1435,4985,8
E02006605,Mid Sussex 002,4,7018,8.186,0.0977,0.0542,10.3949,-1.1589,-0.3546,26.9182,11.6485,0.1593,0.0796,6054,9
E02006606,Mid Sussex 003,5,8316,5.7923,0.0981,0.048,8.5709,-1.4722,-0.9708,22.0494,6.0843,0.1778,0.0551,6520,10
E02006607,Mid Sussex 004,5,8032,4.3567,0.0821,0.0462,6.445,-1.3984,-1.1012,17.5231,6.172,0.1447,0.0432,6712,10
E02006608,Mid Sussex 005,4,6355,8.0124,0.0916,0.0536,11.0847,-1.242,-0.8444,30.3769,5.6022,0.1506,0.0623,6105,9
E02006609,Mid Sussex 006,4,6921,12.2325,0.098,0.0572,4.5888,-1.4623,-0.7815,40.2952,33.0964,0.1498,0.0715,4966,8
E02006610,Mid Sussex 007,5,8058,12.1839,0.1387,0.0719,6.7498,-0.8787,-0.4355,29.381,26.3399,0.2275,0.0918,4984,8
E02006611,Mid Sussex 008,6,11497,3.8714,0.0741,0.0517,2.3557,-1.4274,-1.5621,19.8396,5.2922,0.1063,0.0545,6758,10
E02006612,Mid Sussex 009,7,12001,6.3851,0.105,0.0532,4.7767,-0.8253,-0.5643,18.3157,9.5344,0.1383,0.1268,6437,10
E02006613,Mid Sussex 010,5,7734,13.6707,0.1975,0.1007,16.8821,-0.5432,-0.4065,21.5177,7.0877,0.2672,0.2025,4550,7
E02006614,Mid Sussex 011,8,13217,8.7108,0.1296,0.073,6.6072,-1.0574,-0.7558,24.1244,7.7186,0.1912,0.0974,5918,9
E02006615,Mid Sussex 012,4,7123,6.4194,0.1157,0.0634,8.6792,-1.0448,-0.8773,17.7351,4.2534,0.1916,0.0875,6431,10
E02006616,Mid Sussex 013,6,10059,9.1552,0.136,0.0774,13.0284,-0.694,-0.3477,17.234,5.9108,0.2252,0.0839,5802,9
E02006617,Mid Sussex 014,6,9218,15.0251,0.1974,0.1076,19.3148,-0.1767,-0.012,13.94,13.6468,0.2697,0.1712,4203,7
E02006618,Mid Sussex 015,4,6514,1.8295,0.0572,0.0393,3.6615,-1.6184,-1.4469,12.9068,2.8882,0.0954,0.0363,6854,10
E02006619,Mid Sussex 016,5,9198,12.9943,0.1264,0.0741,9.6036,-1.1987,-0.097,33.216,22.8067,0.1803,0.0818,4740,7
E02006620,Mid Sussex 017,6,10190,5.1871,0.0948,0.0602,3.5621,-1.4611,-0.9294,16.0225,9.8243,0.1273,0.0772,6612,10
E02006621,Worthing 001,5,7677,6.4508,0.0709,0.0639,8.949,-0.547,-0.995,21.974,4.4393,0.1172,0.0569,6427,10
E02006622,Worthing 002,5,7907,13.795,0.1713,0.1134,14.4718,-0.0863,-0.3626,15.3306,14.8143,0.2806,0.114,4516,7
E02006623,Worthing 003,5,8088,22.1532,0.2617,0.1577,30.4382,0.2242,-0.0005,21.0321,8.6979,0.3947,0.1799,2695,4
E02006624,Worthing 004,5,7382,4.6032,0.0712,0.0533,4.2631,-0.7352,-0.5564,9.9717,12.0248,0.0946,0.0571,6689,10
E02006625,Worthing 005,5,8021,11.2277,0.1407,0.0847,13.0243,-0.1898,-0.3823,13.121,19.5023,0.1911,0.1232,5255,8
E02006626,Worthing 006,6,10362,24.4408,0.3008,0.1574,27.9768,0.4448,0.2813,21.7599,7.5438,0.4167,0.2536,2318,4
E02006627,Worthing 007,6,9662,13.2721,0.1717,0.1076,14.2595,-0.216,-0.0886,14.8593,11.7479,0.2831,0.1466,4659,7
E02006628,Worthing 008,5,9017,18.3348,0.2183,0.1202,16.5462,0.0558,0.3383,12.4724,29.3429,0.3062,0.2065,3424,5
E02006629,Worthing 009,5,7715,21.4702,0.2533,0.154,21.3944,0.2754,-0.0567,17.2981,21.3431,0.3422,0.2121,2794,5
E02006630,Worthing 010,5,9011,22.829,0.2479,0.1599,16.8334,0.489,0.3139,13.5992,28.7924,0.4206,0.2162,2582,4
E02006631,Worthing 011,6,10399,25.6828,0.2446,0.1613,20.0409,0.493,0.8008,15.9465,36.2717,0.3954,0.208,2122,4
E02006632,Worthing 012,5,8357,8.0864,0.1133,0.0712,5.5866,-0.4465,-0.4787,11.862,21.9916,0.1867,0.0848,6079,9
E02006633,Worthing 013,5,8424,8.2612,0.1049,0.0828,9.3874,-0.4179,-0.8582,14.4942,10.1643,0.1875,0.0709,6038,9
E02006634,Wiltshire 012,5,8589,11.6629,0.0962,0.0603,5.9779,-1.233,-1.0302,37.8036,32.2637,0.1294,0.0971,5135,8
E02006635,Wiltshire 019,5,9183,11.4743,0.1416,0.09,20.3599,-0.6585,-0.8275,18.9927,10.9468,0.2251,0.1109,5185,8
E02006636,Wiltshire 024,4,7016,17.7411,0.1392,0.0934,10.9553,-0.6492,-0.6185,35.6513,46.7921,0.2098,0.1104,3546,6
E02006637,Wiltshire 025,7,11053,11.9581,0.1755,0.1006,16.3298,-0.3706,-0.3423,15.9176,5.2023,0.2959,0.1035,5037,8
E02006638,Wiltshire 026,4,6407,21.3514,0.2281,0.1664,22.8845,0.1321,0.2331,13.5432,18.0998,0.3963,0.1435,2817,5
E02006639,Wiltshire 028,5,8437,15.7809,0.122,0.0811,13.5187,-0.6608,-0.6091,35.5657,39.9849,0.2089,0.09,4006,6
E02006640,Wiltshire 029,4,7378,15.3441,0.0955,0.0657,9.0068,-1.1222,-0.868,41.732,46.3251,0.12,0.0926,4127,7
E02006641,Wiltshire 034,5,8378,13.4508,0.1265,0.0754,12.1255,-0.7376,-0.8398,30.3238,33.5536,0.1945,0.09,4606,7
E02006642,Wiltshire 038,3,5726,17.177,0.1125,0.0777,11.4757,-0.999,-1.0285,46.4448,42.5063,0.1875,0.0886,3663,6
E02006644,Wiltshire 001,4,6920,12.2218,0.1181,0.0824,13.3534,-0.8773,-0.8341,31.183,19.5892,0.1979,0.0848,4968,8
E02006645,Wiltshire 002,4,7956,10.8097,0.1296,0.0736,10.7383,-0.9841,-0.9524,25.6226,20.9693,0.2104,0.0868,5375,8
E02006646,Wiltshire 003,5,8310,8.7316,0.1152,0.0669,12.9303,-0.7529,-0.9469,24.0844,6.7721,0.1854,0.087,5914,9
E02006647,Wiltshire 004,4,6290,11.6369,0.0726,0.0552,5.3552,-1.2235,-1.4375,40.2899,37.3055,0.1381,0.0496,5145,8
E02006648,Wiltshire 005,4,6326,10.7317,0.0746,0.0527,5.5008,-1.0134,-1.2232,32.6808,40.1928,0.111,0.0733,5399,8
E02006649,Wiltshire 006,4,7718,12.9191,0.1738,0.1052,17.0035,-0.1939,-0.4264,12.0541,9.5383,0.2483,0.1615,4764,7
E02006650,Wiltshire 007,7,14409,8.4282,0.0893,0.0574,10.2812,-0.6574,-1.4239,24.0158,16.202,0.1708,0.0974,5999,9
E02006651,Wiltshire 008,4,7413,12.4145,0.0824,0.0605,4.6153,-1.5029,-0.8373,37.6304,41.1393,0.1438,0.0609,4907,8
E02006652,Wiltshire 009,6,9898,9.556,0.1291,0.0827,14.1115,-0.7582,-0.6283,10.0096,11.5724,0.2068,0.0819,5698,9
E02006653,Wiltshire 010,7,9886,10.2797,0.137,0.0895,18.2765,-0.3457,-0.8155,12.3274,5.6291,0.204,0.1,5514,9
E02006654,Wiltshire 011,6,9592,18.7109,0.2141,0.1471,23.2396,0.0031,0.071,10.6344,11.8511,0.3026,0.1727,3350,5
E02006655,Wiltshire 013,5,8505,11.8343,0.1085,0.0695,8.9089,-0.8522,-0.92,33.9621,26.5558,0.2221,0.0674,5082,8
E02006656,Wiltshire 014,5,6637,6.5387,0.1082,0.0734,10.6313,-0.5554,-1.1752,13.4924,3.6388,0.1752,0.0863,6411,10
E02006657,Wiltshire 015,6,11111,17.738,0.2259,0.1298,31.3806,-0.0621,-0.3696,15.5118,7.2351,0.3494,0.1644,3547,6
E02006658,Wiltshire 016,5,8028,10.8503,0.1481,0.0906,15.2358,-0.3769,-0.5101,15.1284,8.4702,0.2596,0.1029,5358,8
E02006659,Wiltshire 017,5,8384,9.0719,0.1041,0.0691,5.8788,-0.8502,-1.2067,29.4846,13.9975,0.1521,0.0912,5829,9
E02006660,Wiltshire 018,8,13931,12.5936,0.1581,0.1018,16.5773,-0.5096,-0.8649,21.1451,13.6641,0.2602,0.1114,4853,8
E02006661,Wiltshire 045,5,10280,10.7422,0.092,0.0417,14.1833,-0.5774,-1.4024,33.3607,18.7954,0.1502,0.2132,5394,8
E02006662,Wiltshire 046,4,7477,11.5306,0.1474,0.0806,21.6918,-0.4832,-0.5071,23.6388,2.8481,0.24,0.1131,5169,8
E02006663,Wiltshire 048,8,13177,14.9784,0.1796,0.0957,24.092,0.0488,-0.0663,18.6997,6.2088,0.3006,0.1464,4215,7
E02006664,Wiltshire 049,4,6395,11.2269,0.0939,0.0683,8.7229,-0.7374,-1.3342,35.1594,23.7249,0.1522,0.0735,5257,8
E02006665,Wiltshire 050,4,6797,18.3869,0.1519,0.1009,15.6581,-0.6579,-0.5971,36.9274,37.4767,0.3021,0.0973,3410,5
E02006666,Wiltshire 051,4,6857,11.5342,0.1589,0.1068,12.4558,-0.375,-0.544,13.9875,4.9684,0.227,0.104,5167,8
E02006667,Wiltshire 052,4,7982,27.7413,0.3216,0.1774,42.1627,0.2762,0.4556,21.2726,4.6142,0.4704,0.1833,1839,3
E02006668,Wiltshire 053,4,5804,10.0887,0.1369,0.0963,10.6516,-0.4235,-0.4284,9.8649,12.6982,0.2105,0.1102,5564,9
E02006669,Wiltshire 054,6,10367,16.6062,0.1404,0.0895,11.4292,-0.5464,-0.6166,35.6125,35.5827,0.1938,0.1217,3793,6
E02006670,Wiltshire 055,4,7038,12.0913,0.1286,0.092,12.8664,-0.2027,-0.0697,6.5706,29.6598,0.1714,0.1204,5007,8
E02006671,Wiltshire 056,4,6052,16.581,0.1652,0.1194,15.1641,0.1666,-0.0073,4.4023,32.0785,0.2511,0.1125,3802,6
E02006672,Wiltshire 057,6,9726,12.6072,0.1575,0.086,13.1341,-0.2659,-0.4335,22.8022,10.2912,0.2543,0.1092,4846,8
E02006673,Wiltshire 058,3,5047,13.5084,0.1427,0.1009,12.1345,-0.341,0.1288,9.0645,22.3396,0.194,0.1253,4594,7
E02006674,Wiltshire 059,4,5974,17.248,0.1965,0.1209,20.6243,-0.1019,-0.0065,9.723,13.7398,0.2909,0.1227,3649,6
E02006675,Wiltshire 060,5,8003,10.4747,0.0746,0.0597,7.4898,-1.086,-1.0819,37.4383,21.8979,0.1158,0.0616,5468,8
E02006676,Wiltshire 061,4,6104,16.9272,0.1276,0.0782,9.6994,-0.7793,-0.9433,38.5431,49.8719,0.203,0.1079,3722,6
E02006677,Wiltshire 062,5,8000,9.4206,0.0851,0.0595,6.159,-0.8648,-0.9131,33.0369,15.6259,0.1298,0.0691,5731,9
E02006678,Wiltshire 020,5,7902,17.1313,0.1958,0.1203,32.4339,-0.2246,-0.3229,18.9891,8.6899,0.3487,0.108,3673,6
E02006679,Wiltshire 021,8,13112,11.6439,0.1321,0.0845,15.6179,-0.4999,-0.9202,26.3208,10.2521,0.2212,0.0713,5141,8
E02006680,Wiltshire 022,5,7565,19.695,0.2091,0.1312,29.8032,0.0183,0.1242,15.8962,14.4375,0.3143,0.1744,3104,5
E02006681,Wiltshire 023,4,5918,9.6669,0.0908,0.0736,3.075,-0.94,-1.1611,30.7027,24.4951,0.1225,0.0807,5666,9
E02006682,Wiltshire 027,7,10561,8.8693,0.1243,0.092,5.5118,-0.5677,-0.7073,16.4985,12.6119,0.1689,0.0928,5873,9
E02006683,Wiltshire 030,4,8105,11.1316,0.148,0.0905,12.7387,-0.4866,-0.428,21.1712,9.3248,0.249,0.0859,5286,8
E02006684,Wiltshire 031,4,6895,25.2593,0.2635,0.1708,30.2565,0.4884,0.2457,14.0723,19.638,0.3648,0.1943,2185,4
E02006685,Wiltshire 032,6,10112,12.3583,0.1584,0.097,15.4807,-0.2365,0.0567,13.4125,7.2236,0.2546,0.0951,4924,8
E02006686,Wiltshire 033,3,5410,22.0427,0.2474,0.1638,29.8744,-0.2271,-0.3183,15.1026,3.3602,0.3833,0.1933,2711,4
E02006687,Wiltshire 035,4,8157,18.5463,0.2346,0.1437,25.7102,-0.0509,0.1118,10.825,7.6686,0.3109,0.1826,3378,5
E02006688,Wiltshire 036,4,5515,15.0919,0.173,0.116,16.9128,-0.0413,-0.1515,12.8801,18.494,0.2531,0.1418,4187,7
E02006689,Wiltshire 037,4,7046,12.0363,0.108,0.0734,12.1752,-0.6479,-0.7329,28.803,29.1202,0.1874,0.0598,5016,8
E02006690,Wiltshire 039,5,7107,13.7602,0.1339,0.0986,13.063,-0.4345,-0.8181,27.9822,22.7317,0.2251,0.077,4523,7
E02006692,Wiltshire 042,4,5819,12.2353,0.1486,0.0857,20.1285,-0.2682,-0.7823,20.7362,7.4742,0.2261,0.2118,4964,8
E02006693,Wiltshire 043,4,6557,13.5407,0.1596,0.1082,15.7872,-0.4278,-0.0387,22.5629,6.3944,0.2842,0.0935,4586,7
E02006694,Wiltshire 044,4,6138,15.4767,0.1742,0.1153,16.4754,-0.0641,-0.0519,18.8211,14.9053,0.2854,0.1406,4088,6
E02006695,Wiltshire 047,5,6372,16.8832,0.1035,0.0699,7.1693,-0.7095,-0.8233,40.9513,55.2465,0.1651,0.0837,3732,6
E02006696,Bromsgrove 001,4,7408,3.6494,0.065,0.0449,2.2344,-1.5499,-0.8239,17.9644,11.1604,0.0854,0.0491,6772,10
E02006697,Bromsgrove 002,5,7422,11.8118,0.0989,0.0739,6.1367,-0.9241,-0.5319,28.0792,36.8386,0.1529,0.0763,5090,8
E02006698,Bromsgrove 003,4,6482,11.2004,0.1327,0.1005,16.6031,-0.2423,-0.4299,7.672,13.8371,0.2385,0.0713,5265,8
E02006699,Bromsgrove 004,4,6006,10.9957,0.1337,0.094,12.6489,-0.5229,-0.3484,14.1075,11.6857,0.1789,0.1038,5324,8
E02006700,Bromsgrove 005,4,6520,8.425,0.099,0.0787,6.6103,-0.6434,-0.4587,18.2931,17.3458,0.1758,0.0656,6001,9
E02006701,Bromsgrove 006,4,7459,4.7534,0.0659,0.0496,3.4385,-1.3162,-0.7464,19.9088,10.4674,0.1008,0.0396,6668,10
E02006702,Bromsgrove 007,4,6044,18.6645,0.2206,0.1405,26.7299,-0.2169,0.2065,15.5811,13.6772,0.3826,0.1144,3359,5
E02006703,Bromsgrove 008,5,8094,6.0049,0.0818,0.0656,4.3082,-0.7608,-0.7372,16.2253,11.1192,0.1267,0.0638,6486,10
E02006704,Bromsgrove 009,4,7032,11.1174,0.1117,0.0765,8.0422,-0.7516,-0.5401,24.4219,29.7159,0.1542,0.1017,5288,8
E02006705,Bromsgrove 010,4,7493,16.4847,0.2074,0.1268,22.8905,-0.1797,-0.2576,7.2418,15.6097,0.3012,0.1582,3823,6
E02006706,Bromsgrove 011,4,7062,15.5376,0.1615,0.1332,18.5566,-0.2435,0.1938,6.1584,15.0917,0.2354,0.1246,4073,6
E02006707,Bromsgrove 012,4,6700,2.0673,0.0538,0.0439,2.4125,-1.271,-1.257,7.9605,7.3005,0.0687,0.0451,6851,10
E02006708,Bromsgrove 013,5,8049,23.1004,0.279,0.1649,33.148,0.0663,0.4574,8.9751,9.056,0.4025,0.2005,2526,4
E02006709,Bromsgrove 014,5,8384,10.2211,0.0917,0.0848,8.0761,-0.5429,-0.8323,21.3714,13.288,0.1277,0.0722,5528,9
E02006710,Malvern Hills 001,4,8496,19.2007,0.1526,0.0945,14.6716,-0.7719,-0.9545,40.8603,44.3003,0.2936,0.0926,3228,5
E02006711,Malvern Hills 002,4,8671,13.9169,0.1094,0.0731,5.6713,-1.0163,-0.8463,36.8098,41.43,0.1521,0.1024,4484,7
E02006712,Malvern Hills 003,4,7854,12.119,0.1296,0.0791,6.1661,-0.8753,-0.9816,34.8317,22.6144,0.2626,0.0623,5000,8
E02006713,Malvern Hills 004,4,6340,16.8234,0.1944,0.1381,20.1927,-0.0837,-0.0775,11.6106,17.7447,0.2817,0.1502,3751,6
E02006714,Malvern Hills 005,4,6076,14.5484,0.1301,0.0905,9.0922,-0.6386,-0.5202,30.8965,34.5047,0.2458,0.0936,4332,7
E02006715,Malvern Hills 006,5,8852,11.6099,0.1558,0.1032,11.4479,-0.4951,-0.4485,16.1787,13.6156,0.2323,0.1138,5153,8
E02006716,Malvern Hills 007,4,6551,36.4448,0.4038,0.2377,43.6512,0.7128,0.8981,14.3804,7.5902,0.6039,0.2877,977,2
E02006717,Malvern Hills 008,3,7167,13.426,0.1433,0.0841,12.0115,-0.6252,-0.5208,33.7397,18.0631,0.2435,0.1061,4616,7
E02006718,Malvern Hills 009,4,6221,15.2769,0.1947,0.1291,12.5841,0.0119,-0.3561,15.7907,10.8352,0.3555,0.1279,4143,7
E02006719,Malvern Hills 010,5,7545,7.2189,0.0805,0.0691,4.4572,-1.0611,-0.7525,18.119,21.3608,0.1552,0.0553,6280,10
E02006720,Malvern Hills 011,4,7297,19.1823,0.1381,0.0986,13.2004,-0.4894,-0.4634,37.3393,45.0444,0.1843,0.1206,3236,5
E02006721,Redditch 001,4,6674,9.5224,0.1339,0.081,17.1878,-0.4293,-0.8168,14.5203,4.4419,0.238,0.0645,5710,9
E02006722,Redditch 002,4,5424,35.2795,0.3842,0.2119,52.4306,0.7633,0.6157,16.3341,12.3514,0.5267,0.3638,1055,2
E02006723,Redditch 003,6,9410,26.1142,0.2913,0.1724,34.8759,0.3134,0.1606,19.0806,4.4353,0.4055,0.2158,2065,4
E02006724,Redditch 004,4,7040,37.831,0.4047,0.2064,52.7804,0.605,0.8868,15.2076,34.9201,0.5667,0.4049,875,2
E02006725,Redditch 005,4,5498,25.1636,0.2813,0.1711,35.1398,0.3695,-0.0914,17.0078,7.2329,0.4002,0.2543,2196,4
E02006726,Redditch 006,4,6267,20.892,0.2473,0.1292,33.1148,0.1254,0.2001,14.1187,17.9053,0.4019,0.1643,2889,5
E02006727,Redditch 007,4,5950,11.3485,0.1461,0.086,19.3945,-0.2106,-0.3082,13.2774,10.9345,0.2464,0.0998,5219,8
E02006728,Redditch 008,5,7767,8.1369,0.1109,0.0729,11.2143,-0.4973,-1.0159,18.6294,8.1181,0.1722,0.0917,6062,9
E02006729,Redditch 009,5,7745,16.4859,0.1937,0.1224,27.4896,0.0267,-0.5565,17.6572,7.315,0.2847,0.1535,3822,6
E02006730,Redditch 010,4,6819,35.6242,0.3653,0.2064,59.5095,0.7051,0.7304,17.0229,6.6958,0.5346,0.2535,1032,2
E02006731,Redditch 011,4,5575,19.8776,0.2164,0.1389,29.8578,0.0959,-0.2571,18.0431,9.3806,0.3173,0.201,3080,5
E02006732,Redditch 012,5,6967,8.4203,0.098,0.0795,11.5961,-0.4867,-1.0064,20.4406,6.5929,0.1417,0.0757,6002,9
E02006733,Redditch 013,4,5993,10.3768,0.1179,0.0783,10.3288,-0.7506,-0.9327,24.6825,19.0864,0.1828,0.1192,5491,9
E02006734,Worcester 001,5,8200,8.1121,0.0933,0.0621,3.0529,-0.6069,-0.8412,23.9825,18.7047,0.1472,0.0722,6071,9
E02006735,Worcester 002,4,5576,53.7455,0.5265,0.3039,63.9837,1.1673,1.489,27.9535,5.3101,0.7134,0.3868,220,1
E02006736,Worcester 003,4,6411,8.0514,0.1009,0.0649,10.4615,-0.5163,-0.9522,23.4651,6.7296,0.197,0.084,6092,9
E02006737,Worcester 004,5,8295,14.4959,0.165,0.0977,14.8184,-0.1652,0.0621,19.9731,20.8552,0.2661,0.1389,4344,7
E02006738,Worcester 005,6,9271,40.1298,0.4232,0.2205,54.609,0.713,0.9973,22.023,15.496,0.6097,0.3249,737,2
E02006739,Worcester 006,4,5705,8.082,0.0914,0.0626,8.2485,-0.3766,-1.1004,24.1049,13.4586,0.1739,0.0891,6081,9
E02006740,Worcester 007,5,7279,22.7433,0.2051,0.1174,16.9806,0.3317,0.7353,19.0325,42.6883,0.3263,0.2213,2600,4
E02006741,Worcester 008,3,6316,8.6026,0.1256,0.0653,7.9249,-0.3027,-0.4995,21.2712,5.8732,0.2169,0.0906,5952,9
E02006742,Worcester 009,5,9082,24.2306,0.2648,0.1434,31.1717,0.0526,0.2663,26.902,14.2601,0.3966,0.2176,2343,4
E02006743,Worcester 010,4,7105,23.9087,0.2982,0.1417,33.1591,0.1032,0.3246,21.0541,9.4966,0.4878,0.2097,2415,4
E02006744,Worcester 011,5,7560,25.6696,0.2496,0.1446,26.3543,0.2407,0.4131,19.0377,37.8921,0.367,0.262,2125,4
E02006745,Worcester 012,5,8803,10.9806,0.1387,0.0853,10.3589,-0.5377,-0.5435,21.7907,15.583,0.2127,0.0999,5332,8
E02006746,Worcester 013,5,9000,11.0224,0.1515,0.0848,13.7442,-0.4901,-0.283,17.0393,10.9705,0.2554,0.1151,5317,8
E02006747,Worcester 014,4,5516,6.1591,0.0836,0.0609,7.0964,-0.645,-0.9754,23.5486,2.5143,0.1688,0.0538,6467,10
E02006748,Wychavon 001,5,9215,16.4341,0.1596,0.0996,15.4157,-0.2794,-0.429,31.0248,27.3951,0.2902,0.1027,3839,6
E02006749,Wychavon 002,4,5424,31.165,0.3355,0.1952,52.0719,0.471,0.2039,20.7124,8.9863,0.4859,0.2598,1437,3
E02006750,Wychavon 003,3,5514,15.823,0.1844,0.1191,22.9746,-0.1354,-0.2275,15.0954,11.0638,0.3207,0.1439,3997,6
E02006751,Wychavon 004,4,5816,19.6785,0.2271,0.1505,26.0158,0.2427,0.0423,10.9582,11.694,0.3212,0.1866,3113,5
E02006752,Wychavon 005,5,8618,5.9248,0.1048,0.0597,6.6292,-0.7309,-1.0979,19.5461,2.9633,0.1876,0.0541,6496,10
E02006753,Wychavon 006,3,7468,13.9776,0.1322,0.0849,10.3566,-0.6723,-0.7178,32.4784,28.9931,0.2083,0.0936,4471,7
E02006754,Wychavon 007,4,5900,16.7819,0.0951,0.0891,6.3284,-0.691,-0.748,42.2685,45.4201,0.1693,0.0715,3756,6
E02006755,Wychavon 008,4,5885,10.4815,0.0694,0.0518,4.537,-1.0676,-0.9156,40.2553,24.487,0.1184,0.0541,5465,8
E02006756,Wychavon 009,4,7022,12.6212,0.1585,0.0795,13.8697,-0.587,-0.661,29.11,13.0839,0.2825,0.0889,4840,8
E02006757,Wychavon 010,5,7317,16.6338,0.1335,0.0873,17.6194,-0.3426,-0.5818,38.8533,26.1608,0.2688,0.1013,3786,6
E02006758,Wychavon 011,4,6528,15.8786,0.1679,0.0915,20.5665,-0.3472,-0.274,35.4723,6.8622,0.3124,0.1018,3977,6
E02006759,Wychavon 012,5,8402,18.4014,0.2343,0.1279,26.9233,-0.0177,-0.2488,18.633,8.9737,0.4172,0.1442,3406,5
E02006760,Wychavon 013,6,9092,16.828,0.1672,0.1122,21.037,-0.2697,-0.3763,32.846,10.2054,0.2831,0.1097,3749,6
E02006761,Wychavon 014,4,6427,29.1597,0.2925,0.153,45.7135,0.271,1.1657,13.9608,21.256,0.394,0.3026,1671,3
E02006762,Wychavon 015,4,7324,15.2068,0.1915,0.1092,23.9826,-0.2146,-0.1951,18.7996,6.6247,0.3446,0.1039,4164,7
E02006763,Wychavon 016,4,8488,10.2248,0.1558,0.0837,19.5538,-0.6087,-0.44,15.3618,3.5163,0.2757,0.0676,5526,9
E02006764,Wychavon 017,3,5845,18.4311,0.2121,0.1222,36.1839,-0.0466,0.1742,17.1833,4.1031,0.3488,0.1351,3400,5
E02006765,Wychavon 018,4,6428,12.447,0.121,0.0824,15.3093,-0.6874,-0.8223,31.1106,17.8871,0.2069,0.1037,4897,8
E02006766,Wychavon 019,6,7831,12.3053,0.0853,0.07,7.2833,-0.8423,-1.0091,35.2367,34.1729,0.1534,0.068,4947,8
E02006767,Wyre Forest 001,6,9907,17.2634,0.1742,0.1076,15.5037,-0.4462,-0.5118,31.7311,27.5463,0.2593,0.1495,3647,6
E02006768,Wyre Forest 002,5,6982,15.6865,0.1674,0.1211,24.3462,-0.0414,-0.3971,15.9296,13.6869,0.2589,0.1086,4033,6
E02006769,Wyre Forest 003,5,7088,11.6654,0.1348,0.088,13.3203,-0.1569,-0.5978,11.9184,25.6744,0.2426,0.0981,5133,8
E02006770,Wyre Forest 004,5,8363,39.5092,0.4238,0.2402,45.6314,0.7575,1.2382,11.3384,19.6913,0.6242,0.2768,771,2
E02006771,Wyre Forest 005,4,6807,19.8256,0.1627,0.1224,23.1587,-0.1343,-0.1013,29.7152,30.9308,0.2554,0.1309,3090,5
E02006772,Wyre Forest 006,4,6804,19.6845,0.2101,0.1404,27.8466,0.0693,-0.0284,14.3832,15.9503,0.3098,0.1917,3108,5
E02006773,Wyre Forest 007,6,8282,24.4946,0.2705,0.1637,29.212,0.3895,0.2211,12.7116,20.813,0.4111,0.2245,2305,4
E02006774,Wyre Forest 008,5,7541,21.7603,0.2442,0.1396,28.0177,0.1248,0.1681,11.8402,27.7777,0.3965,0.1956,2757,5
E02006775,Wyre Forest 009,4,6171,44.3644,0.4441,0.2701,63.9184,0.9222,0.8128,16.8565,8.9889,0.5557,0.3899,538,1
E02006776,Wyre Forest 010,5,6334,13.5732,0.1587,0.1065,17.9399,-0.1966,-0.6931,20.7105,7.6198,0.2893,0.115,4579,7
E02006777,Wyre Forest 011,5,7222,19.1897,0.1276,0.0931,16.199,-0.3002,-0.475,34.5238,46.0309,0.2695,0.086,3231,5
E02006778,Wyre Forest 012,5,7333,14.2929,0.1594,0.0968,23.5615,-0.1489,-0.6246,22.2255,11.5098,0.2733,0.0988,4385,7
E02006779,Wyre Forest 013,4,7596,21.0156,0.2127,0.1428,28.608,0.1062,0.178,19.3669,18.5399,0.3783,0.1562,2874,5
E02006780,Wyre Forest 014,4,5876,27.8902,0.246,0.1706,46.1233,0.2765,0.0861,28.5583,9.0266,0.4487,0.1516,1825,3
E02006781,Isles of Scilly 001,1,2281,12.65,0.06,0.031,5.069,-3.1,-1.481,29.579,68.618,0.118,0.04,4831,8
E02006782,Bromley 040,5,8080,16.6457,0.2068,0.1199,12.6106,-0.5123,-0.1027,20.7011,27.5416,0.2859,0.1578,3781,6
E02006783,Lewisham 037,5,7718,35.6874,0.3906,0.2094,29.2914,0.6438,0.668,34.7667,25.8695,0.5272,0.3967,1024,2
E02006784,Lewisham 038,5,7983,32.1897,0.3522,0.1867,22.9261,0.557,0.6545,36.0029,24.6812,0.4701,0.3909,1332,2
E02006785,Bexley 029,4,6752,17.9468,0.1905,0.1171,21.0762,-0.3226,0.2678,19.2348,23.4071,0.2643,0.183,3501,6
E02006786,Greenwich 033,4,7536,29.5568,0.3368,0.1768,20.6876,0.3205,0.6119,31.2771,28.9262,0.4792,0.2688,1616,3
E02006787,Bromley 041,5,7806,10.4015,0.1218,0.0798,7.2544,-0.9523,-0.3538,14.6084,27.8132,0.1701,0.1351,5484,8
E02006788,Croydon 045,5,7399,28.02,0.3272,0.1826,21.0413,0.1147,0.3148,25.4924,29.6378,0.4398,0.3049,1808,3
E02006789,Bromley 042,4,6722,13.5831,0.1231,0.0875,25.4436,-0.7141,-0.2269,26.4262,14.9851,0.1921,0.0709,4572,7
E02006790,Tandridge 012,4,7717,11.7756,0.1277,0.0826,16.7697,-0.7216,0.0133,20.6068,16.6239,0.193,0.0904,5103,8
E02006791,Ealing 040,4,7476,13.2893,0.1593,0.0809,2.5758,-0.6192,-0.3851,29.0154,32.0573,0.203,0.2781,4655,7
E02006792,Hounslow 029,5,9014,14.2719,0.136,0.0756,4.5458,-1.0229,-0.1236,29.2211,43.8185,0.1984,0.1733,4392,7
E02006793,Enfield 037,5,9496,46.2487,0.5463,0.2327,46.2749,0.2814,0.6761,41.5764,31.1496,0.7273,0.5304,455,1
E02006794,Haringey 037,4,8137,52.9833,0.6163,0.2572,41.5311,0.5286,1.2772,43.6309,31.5435,0.7673,0.7046,239,1
E02006795,Harrow 032,5,8172,13.8298,0.2589,0.0845,12.0833,-0.9907,-0.6438,23.3049,17.5809,0.4331,0.1915,4507,7
E02006796,Hillingdon 033,5,9928,16.7402,0.218,0.0971,10.5696,-0.4512,-0.1898,30.4284,25.5462,0.3365,0.1757,3765,6
E02006798,Lewisham 039,5,8911,31.9729,0.3497,0.1669,13.6962,0.5038,1.0287,34.4192,34.2016,0.6016,0.5701,1354,2
E02006799,Barking and Dagenham 023,6,12047,30.7375,0.3903,0.1661,25.6265,0.4331,0.116,35.335,24.5139,0.4871,0.4381,1474,3
E02006800,Redbridge 034,7,14805,26.266,0.3536,0.1426,21.824,-0.3355,0.2732,31.9912,31.8346,0.5163,0.2952,2038,3
E02006801,Lambeth 036,5,9394,20.087,0.1736,0.0974,11.4647,0.1693,0.3892,28.7177,40.305,0.4269,0.3194,3030,5
E02006802,Southwark 034,5,9938,23.7717,0.2414,0.1357,7.998,0.5221,0.3834,22.9423,43.997,0.4715,0.4771,2438,4
E02006803,Sheffield 072,5,9389,9.552,0.1179,0.0856,11.8387,-0.2382,-0.303,15.038,7.1131,0.1961,0.101,5701,9
E02006804,North East Derbyshire 014,4,8289,23.862,0.2676,0.1572,35.0954,0.5691,0.0527,14.6774,13.9151,0.3801,0.2723,2422,4
E02006805,Coventry 043,5,8998,35.7996,0.4111,0.2021,36.7394,0.9403,0.5512,27.3514,18.6024,0.599,0.3074,1020,2
E02006806,Nuneaton and Bedworth 018,5,8615,24.3488,0.2613,0.1459,35.3168,0.5963,0.1449,19.458,15.3967,0.4592,0.1603,2329,4
E02006807,Birmingham 132,5,8261,14.1065,0.2077,0.1049,10.5519,-0.0826,-0.443,17.2322,19.1018,0.3166,0.1431,4439,7
E02006808,Solihull 030,4,6906,10.5638,0.1519,0.08,9.7809,-0.3162,-0.1434,7.9285,16.0838,0.2065,0.1373,5439,8
E02006809,Birmingham 133,6,10174,19.4272,0.2526,0.132,17.4591,0.0995,-0.0773,22.9597,18.5017,0.418,0.1885,3171,5
E02006810,Sandwell 039,6,10725,25.3656,0.2552,0.1577,25.3282,0.3054,0.3098,25.3088,24.1981,0.4328,0.1694,2172,4
E02006811,Middlesbrough 020,7,11941,7.84,0.0919,0.0684,5.8854,-0.3143,-0.3912,19.0302,7.0137,0.1347,0.0734,6147,9
E02006812,Redcar and Cleveland 021,5,7682,30.7086,0.281,0.2051,33.7139,0.7457,0.6564,13.8444,11.4406,0.3945,0.2289,1478,3
E02006813,Kingston upon Hull 033,5,8292,35.3425,0.3456,0.2266,36.6999,0.8172,0.88,20.0355,13.7471,0.4879,0.2768,1049,2
E02006814,East Riding of Yorkshire 043,6,7943,13.1618,0.1546,0.1013,19.6369,-0.2748,-0.1107,7.9529,17.3616,0.2269,0.1196,4693,7
E02006815,Leicester 037,7,11972,35.1783,0.3745,0.1937,39.4211,0.5325,0.6908,36.6695,11.4333,0.4806,0.3288,1068,2
E02006816,Harborough 011,5,9248,9.0399,0.1249,0.0748,7.8442,-1.2092,-0.1643,24.3759,7.321,0.2206,0.079,5837,9
E02006817,Leicester 038,5,9579,21.9151,0.1966,0.1094,22.3678,0.0279,0.3372,36.0814,23.978,0.3213,0.2164,2735,4
E02006818,Oadby and Wigston 008,5,8587,10.0954,0.137,0.0759,13.4103,-0.5515,-0.2732,16.7776,13.6948,0.2292,0.0735,5562,9
E02006819,Leicester 039,5,8972,49.7301,0.4843,0.278,50.8414,1.269,1.1096,35.2962,12.2597,0.6196,0.3697,331,1
E02006820,Blaby 013,6,10866,9.3986,0.1159,0.0947,11.8867,-0.6295,-0.3133,14.2102,8.3497,0.1793,0.0797,5739,9
E02006821,Portsmouth 026,4,6867,8.0628,0.1102,0.065,12.3409,-0.7168,-0.7916,14.7354,15.3543,0.1735,0.0724,6086,9
E02006822,Havant 018,6,9422,15.6306,0.1744,0.1079,20.3007,-0.0362,0.0704,17.3869,16.8906,0.283,0.1348,4053,6
E02006823,Buckinghamshire 039,6,8977,6.2847,0.0563,0.0483,5.3023,-1.653,-0.9368,29.4662,7.7566,0.0725,0.0501,6450,10
E02006824,Buckinghamshire 036,6,9404,5.1486,0.0715,0.0521,4.9789,-1.3351,-0.8945,23.6714,6.2318,0.097,0.0668,6623,10
E02006825,East Cambridgeshire 011,4,6325,10.1317,0.0914,0.0541,7.9055,-1.2269,-1.2382,33.5469,25.1944,0.1335,0.1014,5554,9
E02006826,West Suffolk 015,6,9859,14.729,0.173,0.0868,22.4392,-0.3789,0.1915,16.8619,20.7933,0.2834,0.1579,4278,7
E02006827,Amber Valley 017,5,7945,36.6428,0.3591,0.2259,44.4377,0.9418,0.7948,14.2706,23.9118,0.5262,0.2996,964,2
E02006828,Erewash 016,5,6981,14.0374,0.1614,0.1127,18.7057,0.0102,-0.4809,12.2103,11.1214,0.2675,0.1031,4453,7
E02006829,East Hampshire 016,5,7525,6.4652,0.1002,0.064,6.1604,-1.0132,-0.4512,20.1829,4.4234,0.1659,0.0577,6422,10
E02006830,Havant 019,4,6848,31.6356,0.3201,0.196,43.4017,0.328,0.6612,23.198,6.2732,0.46,0.2303,1393,3
E02006831,Havant 020,4,6267,6.7551,0.0974,0.0751,10.182,-0.635,-0.8687,14.897,4.396,0.1706,0.063,6363,10
E02006832,Sevenoaks 016,4,6060,16.2072,0.1566,0.0884,21.3678,-0.5059,0.0142,36.2139,10.6529,0.2501,0.1057,3898,6
E02006833,Tonbridge and Malling 014,7,12635,14.58,0.1543,0.0855,12.5637,-0.5953,-0.0276,31.6088,16.9929,0.2471,0.1225,4326,7
E02006834,Nottingham 038,5,7658,48.268,0.4584,0.3144,50.0911,1.3046,1.0621,22.8765,9.9006,0.594,0.4045,384,1
E02006835,Gedling 016,4,6093,16.8499,0.1895,0.1355,21.3561,-0.0619,0.1178,13.5236,7.186,0.3093,0.1129,3742,6
E02006836,Sutton 025,5,8631,3.6166,0.0676,0.0495,2.2394,-1.1967,-0.9807,13.3599,12.381,0.0889,0.0544,6776,10
E02006837,Epsom and Ewell 010,6,11780,4.4633,0.0709,0.0455,2.3473,-1.537,-0.5594,9.973,16.4754,0.0927,0.0643,6702,10
E02006838,East Hampshire 017,5,7016,7.0298,0.0736,0.0555,8.3967,-1.2925,-1.205,29.4224,7.9718,0.1284,0.0573,6318,10
E02006839,Waverley 018,6,8499,8.6527,0.0764,0.0569,4.1628,-1.0384,-0.614,32.1116,16.6255,0.0913,0.0698,5937,9
E02006840,Torbay 019,7,11187,19.9549,0.2161,0.1344,20.6904,0.3083,-0.1485,18.2949,21.6754,0.3357,0.1562,3058,5
E02006841,Gateshead 027,5,8022,34.7048,0.2815,0.1894,26.1956,1.4628,1.1895,16.4296,27.8111,0.4472,0.4235,1110,2
E02006842,Gateshead 028,3,5283,36.8273,0.3661,0.186,38.0108,1.0013,0.7809,10.1912,38.9717,0.5108,0.3163,951,2
E02006843,Sheffield 073,5,11792,17.4182,0.0812,0.0427,19.1279,0.7559,0.3736,21.1721,36.7534,0.2662,0.5762,3618,6
E02006844,Sheffield 074,4,7683,26.3231,0.1907,0.0939,19.5213,1.1552,1.1095,24.0561,33.5934,0.447,0.6955,2028,3
E02006845,North Somerset 026,6,9805,14.3615,0.1902,0.1006,19.7692,-0.2672,0.0255,18.6208,6.7545,0.2739,0.1537,4373,7
E02006846,North Somerset 027,6,9866,15.9067,0.2255,0.1084,23.7292,-0.3388,0.1668,17.6948,3.4584,0.3205,0.1773,3965,6
E02006847,Swindon 026,6,9773,7.8466,0.1058,0.0678,10.3951,-0.3935,-0.7588,20.7737,2.7394,0.1505,0.1091,6145,9
E02006848,Swindon 027,5,8645,9.5563,0.1464,0.0646,13.3872,-0.4675,-0.3227,22.586,2.1838,0.2115,0.1316,5697,9
E02006849,Swindon 028,6,10345,5.5328,0.0959,0.0546,8.524,-0.954,-0.6552,15.373,3.8113,0.1476,0.0664,6561,10
E02006850,Leicester 040,4,9961,33.683,0.2048,0.1245,26.2495,1.4815,0.7776,39.0325,43.7896,0.4638,0.4962,1186,2
E02006851,Leicester 041,5,10212,33.3362,0.2016,0.0912,21.8557,0.9345,1.6623,46.1015,38.2182,0.76,0.6873,1216,2
E02006852,Leeds 109,7,11941,6.207,0.0692,0.0481,1.4911,-0.8507,-0.2266,6.4315,29.9789,0.1083,0.0822,6461,10
E02006853,Tower Hamlets 032,6,11807,20.0005,0.3184,0.1055,14.0081,0.288,-0.0911,26.3847,11.5824,0.6489,0.8,3049,5
E02006854,Tower Hamlets 033,4,8336,14.3157,0.1883,0.069,7.3508,0.0764,-0.7783,23.9954,29.8397,0.4997,0.4272,4381,7
E02006855,Canterbury 019,4,6295,26.7821,0.2865,0.1585,29.4766,0.235,0.8242,23.2157,16.269,0.4026,0.2957,1965,3
E02006856,Canterbury 020,7,11085,19.2218,0.1851,0.0999,20.7255,-0.2194,0.9806,20.9801,20.8741,0.3163,0.1905,3218,5
E02006857,Eastbourne 013,5,9026,18.9885,0.2341,0.148,22.56,0.1363,-0.1994,13.1625,12.5622,0.3746,0.1653,3281,5
E02006858,Eastbourne 014,4,6699,18.947,0.2192,0.1407,25.4616,-0.0266,-0.5231,24.974,3.5976,0.4083,0.1163,3292,5
E02006859,Thurrock 019,4,7546,8.0196,0.1244,0.055,6.8226,-0.7631,-0.14,22.3416,7.9198,0.1791,0.1287,6103,9
E02006861,Leeds 110,7,13233,14.7531,0.0961,0.0506,11.4294,0.4564,0.2435,13.0467,43.9645,0.3435,0.4146,4267,7
E02006862,North Northamptonshire 009,4,6627,20.039,0.226,0.1308,32.7144,0.1413,-0.1275,19.3627,7.9738,0.3317,0.1667,3042,5
E02006863,North Northamptonshire 008,6,12264,10.7684,0.1601,0.0769,16.3903,-0.402,-0.3165,18.5155,2.8612,0.2216,0.1316,5388,8
E02006864,Boston 008,5,9195,14.9139,0.144,0.0925,22.6388,-0.2077,-0.6857,31.5806,9.2625,0.2346,0.0832,4228,7
E02006865,Boston 009,5,8382,15.5639,0.1863,0.1055,25.3775,-0.2207,-0.6248,25.004,8.9072,0.3329,0.0889,4068,6
E02006866,North Kesteven 013,4,8752,9.8586,0.1451,0.0885,15.5866,-0.4864,-0.7623,17.2858,1.7103,0.226,0.1201,5616,9
E02006867,North Kesteven 014,6,8167,9.3911,0.123,0.0915,12.0935,-0.2803,-0.571,11.4938,9.0623,0.1725,0.0957,5743,9
E02006868,Sheffield 075,7,12405,41.4365,0.4154,0.2326,44.9629,1.1287,0.8656,9.5328,30.4142,0.6217,0.4231,665,1
E02006869,Sheffield 076,7,11318,28.3663,0.2807,0.1721,40.4875,0.6194,0.6073,14.3681,10.6609,0.4171,0.2284,1763,3
E02006871,Lancaster 020,9,12294,21.2861,0.2179,0.1446,22.3247,0.4074,-0.0235,10.5189,19.3163,0.3097,0.1764,2828,5
E02006872,High Peak 013,9,12917,14.7699,0.1256,0.0927,15.0094,-0.1542,-0.4553,27.6515,27.3328,0.1946,0.0968,4263,7
E02006873,South Cambridgeshire 020,6,9844,9.5683,0.166,0.078,7.393,-0.8203,-0.2356,22.3098,1.8616,0.2049,0.1953,5689,9
E02006874,South Cambridgeshire 021,5,10450,9.5353,0.1179,0.072,5.7122,-0.994,-0.6521,30.1908,12.4216,0.1466,0.1258,5707,9
E02006875,Leeds 111,5,11233,21.1447,0.0554,0.0412,13.5176,1.0411,0.9525,21.1173,47.8591,0.6328,0.4421,2850,5
E02006876,Leeds 112,4,7935,27.0373,0.2629,0.1539,28.3745,0.6913,0.4361,17.8369,21.7706,0.3902,0.3273,1920,3
E02006877,Peterborough 022,5,11283,15.6304,0.2096,0.0932,17.199,-0.0513,0.0297,24.1223,8.5414,0.309,0.1617,4054,6
E02006878,Peterborough 023,8,13402,17.4113,0.2206,0.1117,17.5746,-0.052,0.112,27.7491,3.7621,0.2964,0.2266,3622,6
E02006879,Folkestone and Hythe 014,4,6674,55.4339,0.4758,0.308,53.6563,1.147,2.0559,25.774,37.2698,0.6675,0.3932,175,1
E02006880,Folkestone and Hythe 015,4,6604,26.1974,0.2378,0.1784,20.2042,0.588,0.7065,17.8255,34.0745,0.3579,0.2169,2046,3
E02006881,Burnley 014,7,10624,37.8567,0.3152,0.208,36.3625,1.0898,0.9133,15.9336,43.6497,0.4441,0.2007,872,2
E02006882,Harrow 033,9,14370,13.6219,0.2202,0.0849,13.7834,-0.9165,-0.5373,25.4937,17.6183,0.429,0.1526,4563,7
E02006883,"Bournemouth, Christchurch and Poole 040",4,5620,18.7514,0.217,0.1183,9.387,0.2999,0.1553,20.5891,29.0438,0.389,0.2402,3339,5
E02006884,Rossendale 010,9,12444,34.8504,0.3215,0.2039,28.7862,0.8759,0.52,29.2279,40.7097,0.4823,0.2274,1093,2
E02006885,"Bournemouth, Christchurch and Poole 045",4,7460,20.7508,0.1962,0.1344,10.1008,0.1564,0.7224,19.624,28.3529,0.3768,0.1507,2915,5
E02006886,Vale of White Horse 016,7,14494,10.5443,0.138,0.0711,10.296,-1.2059,-0.7486,30.3578,13.2245,0.2454,0.0908,5447,8
E02006887,Bristol 054,6,10960,32.2222,0.2918,0.1511,30.7796,1.2282,0.8513,19.9277,30.9775,0.6195,0.6702,1328,2
E02006888,Bristol 055,3,7293,44.669,0.4582,0.2369,39.0225,0.8475,1.3128,17.2072,47.7401,0.6944,0.5113,522,1
E02006889,Bristol 056,4,8270,50.8737,0.5524,0.2681,53.9683,1.1677,1.041,22.8704,31.8636,0.7241,0.7097,298,1
E02006890,Bristol 057,4,9253,30.7782,0.2921,0.1668,30.018,0.4432,0.9717,14.4296,48.9171,0.4335,0.3335,1469,3
E02006891,East Riding of Yorkshire 044,5,8410,9.614,0.1313,0.0793,10.6007,-0.5096,-0.9856,21.769,10.3782,0.2231,0.0956,5677,9
E02006892,East Riding of Yorkshire 045,4,6285,21.532,0.2388,0.1499,26.8094,0.1847,0.1764,10.8119,25.6238,0.3895,0.1721,2785,5
E02006893,Newcastle upon Tyne 031,7,11035,13.3095,0.1451,0.1148,14.0579,0.1431,-0.3544,13.8708,9.6829,0.199,0.1464,4650,7
E02006894,Wolverhampton 035,9,14900,40.1641,0.4532,0.222,45.6877,0.7523,0.8167,20.8624,32.7089,0.607,0.4391,735,2
E02006895,Birmingham 134,5,9825,30.6694,0.3428,0.1581,19.6939,1.0137,1.0117,19.5299,21.8236,0.5923,0.6448,1487,3
E02006896,Birmingham 135,5,7155,30.2176,0.2798,0.1434,14.9517,0.776,1.6081,18.8459,36.8975,0.6063,0.529,1527,3
E02006897,Birmingham 136,5,8973,34.3564,0.3662,0.1892,26.3656,0.7257,1.0443,20.4771,31.7991,0.6549,0.7089,1132,2
E02006898,Birmingham 137,6,8078,27.5508,0.2984,0.1471,17.2494,0.6381,0.3583,24.251,25.7087,0.5925,0.4201,1860,3
E02006899,Birmingham 138,4,6490,18.1559,0.1339,0.0976,13.8793,0.6051,0.3669,18.4558,28.8389,0.4938,0.545,3462,6
E02006900,Birmingham 139,8,15770,56.668,0.6495,0.2699,56.8952,0.9314,0.612,28.8876,51.4655,0.8137,0.6212,146,1
E02006902,Manchester 054,5,8499,26.6867,0.144,0.094,13.44,1.095,1.4618,29.359,30.5381,0.2986,0.3991,1982,3
E02006903,Bassetlaw 016,7,11038,21.1809,0.2268,0.1549,29.8567,0.4257,-0.2499,14.267,10.562,0.3605,0.187,2845,5
E02006904,Nottingham 039,5,9692,23.9425,0.1761,0.0942,13.4878,0.9693,1.0822,20.7124,37.9391,0.688,0.39,2407,4
E02006905,Nottingham 040,4,8009,34.6007,0.4092,0.2071,30.9911,0.9009,0.4188,20.0498,28.9466,0.5375,0.4682,1119,2
E02006906,Broxtowe 016,7,12221,10.2158,0.1254,0.0899,9.8982,-0.4126,-0.3257,13.305,19.075,0.203,0.0851,5530,9
E02006907,Norwich 014,5,7349,21.9674,0.1961,0.1262,14.5976,0.3418,1.1936,16.2505,27.811,0.2964,0.2464,2726,4
E02006908,Norwich 015,3,5737,24.3514,0.2422,0.1597,23.769,0.2502,0.6166,15.9075,25.1735,0.3292,0.21,2327,4
E02006909,Hartlepool 014,7,13176,9.9515,0.1073,0.0853,5.3557,0.011,-0.3527,21.2117,5.6881,0.1797,0.0863,5596,9
E02006910,Redcar and Cleveland 022,7,10641,37.4721,0.3702,0.2417,38.7097,1.0312,0.8696,12.2094,13.1397,0.4843,0.3153,899,2
E02006912,Manchester 055,6,11983,18.0671,0.0568,0.0348,9.0374,0.7229,1.3447,20.3045,39.8251,0.3259,0.435,3479,6
E02006913,Manchester 056,4,7793,45.4596,0.4152,0.2013,38.5543,1.2877,0.8121,41.2092,34.554,0.5805,0.63,490,1
E02006914,Manchester 057,3,9405,16.9765,0.0834,0.0429,7.3349,0.8697,0.6886,23.5356,31.9863,0.5749,0.5615,3706,6
E02006915,Manchester 058,4,9167,51.0718,0.5598,0.2489,36.9895,1.2196,1.3927,39.6628,14.9274,0.7704,0.6448,294,1
E02006916,Manchester 059,4,7344,28.3292,0.2535,0.1277,16.1953,1.1425,0.7932,25.392,24.2817,0.5842,0.4479,1767,3
E02006917,Manchester 060,5,8055,14.6185,0.0297,0.0291,9.9689,0.599,1.1433,16.5819,30.3581,0.2036,0.2336,4309,7
E02006918,Hackney 028,5,8365,38.3433,0.4884,0.185,17.7416,0.735,0.6624,40.94,27.491,0.6854,0.6474,845,2
E02006919,South Derbyshire 012,6,10639,16.5206,0.1885,0.1186,20.4538,0.1162,-0.1371,14.086,13.6313,0.281,0.1407,3812,6
E02006920,South Derbyshire 013,5,8347,20.8825,0.2219,0.1436,28.3947,0.2997,0.1489,16.3484,12.4849,0.3539,0.1394,2891,5
E02006921,Hackney 029,4,8072,52.128,0.7133,0.2221,34.164,0.6637,0.4997,44.8233,34.9979,0.9852,0.6697,261,1
E02006922,Colchester 022,9,14264,18.3126,0.1925,0.1233,24.5295,0.214,0.1146,18.3954,10.147,0.327,0.135,3427,5
E02006924,Redbridge 035,8,13504,21.0784,0.2503,0.1727,14.73,-0.2164,0.1106,20.9409,26.1326,0.3658,0.2291,2862,5
E02006925,Redbridge 036,8,14339,10.3298,0.1646,0.0813,9.8744,-0.9379,-0.3067,17.6234,17.3877,0.2398,0.1638,5503,9
E02006926,Thurrock 020,5,7937,10.3538,0.1329,0.0719,11.0872,-0.6277,-0.2396,25.6795,9.8272,0.22,0.1087,5494,9
E02006927,Greenwich 034,8,12656,16.5076,0.2256,0.104,9.8687,-0.1837,0.0721,21.1847,24.7037,0.3317,0.356,3813,6
E02006928,Greenwich 035,7,12410,16.9481,0.2292,0.0937,8.0325,-0.1221,0.4404,22.1022,22.3018,0.4785,0.5916,3713,6
E02006930,Greenwich 037,6,10179,16.4362,0.1997,0.0974,5.3287,-0.205,0.4803,19.9135,34.4236,0.3472,0.3491,3838,6
E02006931,Greenwich 038,5,9760,19.3545,0.1971,0.1004,7.8004,-0.1994,0.3936,25.9295,40.6212,0.3096,0.2903,3187,5
E02006932,Liverpool 060,6,15518,18.8229,0.0752,0.033,12.5913,1.0864,1.2236,15.4946,35.9659,0.6282,0.7752,3320,5
E02006933,Liverpool 061,5,7537,22.472,0.1969,0.1068,20.7848,0.7253,0.8515,14.1588,18.5757,0.4981,0.3458,2645,4
E02006934,Liverpool 062,4,7334,21.4542,0.1229,0.0742,31.4917,1.2722,0.3771,13.2256,29.2039,0.5687,0.3016,2796,5
E02006935,St. Helens 024,5,7624,46.8696,0.4488,0.2963,50.1711,1.5225,0.9571,13.1804,16.3876,0.677,0.3197,431,1
E02006936,St. Helens 025,4,7967,19.7993,0.2045,0.1412,18.9636,0.5571,-0.1249,13.8104,13.2392,0.26,0.2903,3095,5
E02006937,Luton 022,5,9740,35.1811,0.3755,0.1617,35.2579,0.3891,0.8207,34.9647,37.2213,0.6224,0.3613,1067,2
E02006938,Luton 023,4,6947,51.0168,0.5026,0.2208,48.1287,1.0546,1.489,40.596,39.6885,0.8111,0.6244,297,1
E02006939,Reading 019,4,7767,19.6251,0.2339,0.0897,18.8442,0.0486,0.7481,22.7265,23.4619,0.3568,0.4903,3124,5
E02006940,Reading 020,5,8527,18.3895,0.1749,0.0991,18.7958,0.1733,0.6992,21.748,22.3344,0.2863,0.4322,3409,5
E02006941,Southwark 035,5,5198,7.1931,0.0514,0.0299,2.1137,-0.4805,-0.8052,21.104,30.916,0.2163,0.1959,6290,10
E02006942,Southwark 036,4,6643,19.2992,0.2336,0.1062,10.625,0.166,-0.0832,24.6214,35.8551,0.4878,0.5152,3202,5
E02006943,Sandwell 040,4,7728,41.0375,0.5069,0.2197,45.0576,0.8128,0.513,27.9435,22.1252,0.6217,0.6586,683,1
E02006944,Sandwell 041,4,8214,39.612,0.4778,0.1847,43.2147,0.4503,0.8604,26.5465,38.3925,0.6033,0.5301,765,2
E02006945,Bradford 062,5,9001,9.7263,0.0922,0.0724,8.2256,-0.1408,-0.4489,21.7159,17.5974,0.1628,0.0711,5650,9
E02006946,Bradford 063,3,5171,15.391,0.1423,0.09,13.8785,0.0654,-0.1805,22.7446,31.011,0.2535,0.0993,4110,6
E02006947,Bradford 064,5,10399,66.2591,0.6264,0.3191,63.1715,1.3767,1.434,29.881,57.6532,0.7437,0.6672,25,1
E02006948,Bradford 065,3,6650,60.2837,0.5098,0.2938,49.981,1.369,1.778,39.8002,44.8276,0.6253,0.6685,85,1
E02006949,Bristol 058,3,6842,25.8111,0.262,0.1484,20.1871,0.3656,0.7966,12.9136,43.1525,0.4142,0.352,2105,4
E02006950,Bristol 059,4,8201,27.9597,0.2573,0.1391,30.4407,0.5832,1.2902,17.0086,30.1001,0.4424,0.6158,1815,3
E02006951,Bristol 060,5,9348,10.7002,0.054,0.0262,6.148,0.0983,0.2707,13.2075,36.969,0.2351,0.3253,5404,8
E02006952,Bristol 061,5,8653,19.3627,0.0981,0.0571,17.4669,0.3923,1.5441,17.5692,30.7609,0.5037,0.2826,3185,5
E02006953,Barnet 042,6,10411,17.5344,0.2768,0.0865,14.0654,-0.8184,-0.1851,26.1631,26.6571,0.4626,0.4696,3589,6
E02006954,Barnet 043,6,10373,24.1987,0.3596,0.1227,17.5622,-0.8541,-0.007,37.7029,23.8115,0.6004,0.4329,2351,4
E02006955,Brent 035,4,9532,18.3018,0.2328,0.0793,9.4312,-0.3987,0.7535,27.5548,25.0349,0.4652,0.6582,3431,6
E02006956,Brent 036,4,9868,22.0316,0.2836,0.0904,21.9799,-0.5391,-0.1202,42.5222,22.6722,0.6005,0.2486,2717,4
E02006957,Salford 031,3,8517,58.4058,0.6634,0.2817,56.4914,1.325,0.5079,36.2356,27.0071,0.7676,0.5093,112,1
E02006958,Salford 032,4,8486,48.1467,0.47,0.2229,47.3136,1.6084,1.0992,26.3784,32.2709,0.6451,0.5942,390,1
E02006959,Salford 033,6,9685,21.9299,0.1233,0.0771,13.4986,0.7554,0.5932,26.8974,43.7167,0.375,0.3238,2734,4
E02006960,Salford 034,5,10662,27.9031,0.2311,0.1026,28.0737,0.9553,0.9502,26.303,30.606,0.5254,0.6049,1823,3
E02006961,Salford 035,3,7318,32.8077,0.3368,0.1757,35.5043,1.193,0.5247,23.9311,16.1279,0.5697,0.5452,1269,2
E02006962,Salford 036,3,5631,22.0062,0.2029,0.0877,18.9915,0.7549,0.7032,22.4192,29.2853,0.5856,0.5121,2719,4
E02006963,Salford 037,5,6769,9.3927,0.0478,0.0241,13.8962,-0.1547,0.173,20.4583,23.1796,0.2218,0.2619,5742,9
E02006964,Leicester 042,3,6645,18.3898,0.2577,0.1149,16.0911,-0.1315,0.0423,30.9378,1.6262,0.3562,0.2577,3408,5
E02006965,Leicester 043,4,8600,22.0412,0.2804,0.1402,20.6352,-0.0459,0.3518,25.2854,15.7117,0.373,0.2588,2712,4
E02006966,Oadby and Wigston 010,4,7400,5.6786,0.1015,0.0533,5.5721,-1.1478,-0.739,18.3776,11.3964,0.1956,0.0914,6541,10
E02006967,Oadby and Wigston 011,5,7980,8.4745,0.1236,0.0679,6.2877,-0.8295,-0.6918,26.7515,6.5737,0.192,0.0787,5989,9
E02006968,Ealing 041,5,8470,15.89,0.1793,0.0923,4.9107,-0.8402,-0.0428,27.5372,40.0247,0.2643,0.1852,3972,6
E02006969,Ealing 042,4,6578,17.3786,0.1944,0.1013,5.478,-0.4471,0.4805,24.2181,36.4101,0.273,0.4268,3627,6
E02006970,Ealing 043,3,7344,35.8293,0.4212,0.1373,43.7821,-0.1904,0.4313,50.4028,27.3683,0.5781,0.5042,1017,2
E02006971,Ealing 044,4,8306,34.8995,0.3858,0.1429,42.4728,-0.0153,0.3083,50.4499,27.6349,0.5716,0.3428,1088,2
E02006972,Hounslow 030,4,5689,24.9701,0.3285,0.1473,15.1583,-0.2822,0.4552,28.6305,31.6211,0.5012,0.3805,2219,4
E02006973,Hounslow 031,5,8379,27.8832,0.343,0.161,18.5164,0.1027,0.5893,30.9637,28.5081,0.4856,0.448,1826,3
E02006974,Stoke-on-Trent 035,8,10873,38.9093,0.3499,0.2288,44.3991,1.245,0.9404,12.5761,24.5621,0.5058,0.2579,806,2
E02006975,Portsmouth 027,4,10461,37.6883,0.2696,0.1292,54.8593,1.4762,0.9925,32.9356,25.9641,0.6585,0.6578,887,2
E02006976,Portsmouth 028,3,5286,64.7889,0.6344,0.3511,59.9593,1.4388,1.8042,29.9169,23.558,0.8137,0.6436,29,1
E02006978,Chelmsford 022,4,7747,16.2822,0.1715,0.0919,10.6962,0.0999,0.9336,12.8138,20.9113,0.3653,0.151,3882,6
E02006979,Chelmsford 023,4,6817,16.9374,0.1668,0.1166,8.6876,0.0503,0.5555,13.7894,23.789,0.2918,0.3379,3718,6
E02006980,Rochford 011,4,7570,4.6433,0.0672,0.0522,8.7393,-1.2028,-0.9466,19.1605,6.9822,0.0959,0.0529,6685,10
E02006981,Rochford 012,5,8077,7.411,0.1042,0.0661,10.7267,-0.8432,-0.6122,20.8179,6.5643,0.1717,0.0938,6236,10
E02006982,South Staffordshire 015,7,12307,10.8663,0.141,0.0955,10.7793,-0.5549,-0.9418,20.6711,9.1779,0.2293,0.1011,5355,8
E02006983,Manchester 061,4,7261,41.9255,0.3641,0.1983,35.2393,1.5669,1.3536,32.135,14.0169,0.5255,0.5501,639,1
E02006984,Manchester 062,4,5831,27.6629,0.2109,0.1315,20.487,1.1738,0.9587,18.7417,20.2186,0.3496,0.4198,1847,3
E02006985,Manchester 063,4,9369,58.8148,0.6366,0.2333,50.6737,0.9237,0.7136,40.9506,72.6885,0.8172,0.6388,104,1
E02006986,Manchester 064,3,6362,47.0287,0.5384,0.2136,37.1234,0.958,0.7272,31.6839,52.4414,0.7107,0.5013,425,1
E02006987,Croydon 046,5,8058,25.4239,0.3071,0.1332,10.1995,0.2028,0.7903,23.2095,36.2072,0.6357,0.3834,2164,4
E02006988,Croydon 047,4,7058,26.8568,0.3304,0.1605,15.7848,0.3194,0.6165,23.2278,32.5592,0.5254,0.3229,1951,3
E02006989,Plymouth 033,3,5511,44.496,0.3753,0.265,40.1118,1.1436,1.3141,16.0407,43.3777,0.4904,0.3757,529,1
E02006990,Plymouth 034,5,6929,42.2255,0.3829,0.2576,36.5344,1.2288,1.2645,15.7734,25.6927,0.6101,0.3544,622,1
E02006991,Greenwich 039,4,6427,11.403,0.1339,0.0588,4.8384,-0.497,0.1904,18.8675,19.5262,0.2537,0.3512,5205,8
E02006992,Greenwich 040,5,8781,19.0063,0.2283,0.1071,12.9116,-0.1133,0.7005,19.846,24.0465,0.3854,0.413,3278,5
E02006993,Greenwich 041,6,8848,16.2499,0.2264,0.0892,10.7595,0.0355,0.4314,21.373,16.0192,0.433,0.5901,3889,6
E02006994,Greenwich 042,4,7674,32.049,0.3803,0.1789,15.9835,0.4549,0.8836,32.4039,28.9205,0.5067,0.6004,1350,2
E02006995,Newham 038,5,9247,13.2671,0.178,0.0493,5.8283,-0.4004,0.4159,27.1492,24.4757,0.4072,0.581,4663,7
E02006996,Newham 039,5,9304,24.3107,0.2859,0.0997,12.608,0.2586,0.7378,32.0815,31.6278,0.6792,0.598,2332,4
E02006997,Newham 040,4,7260,20.7458,0.2629,0.1052,9.7447,0.2666,0.3465,22.735,34.1602,0.5457,0.6767,2918,5
E02006998,Newham 041,4,7001,31.9757,0.4187,0.174,17.5071,0.1359,0.1196,40.4235,27.1143,0.6173,0.5302,1353,2
E02006999,Newham 042,8,12055,11.903,0.1764,0.0578,4.8307,-0.3895,-0.2164,22.0751,24.9189,0.3129,0.4293,5056,8
E02007000,Oldham 036,4,7802,53.4801,0.5636,0.2658,55.2826,0.8482,1.0235,33.2154,43.5676,0.655,0.5337,227,1
E02007001,Oldham 037,4,8633,39.8957,0.4331,0.1978,44.7879,0.6435,0.1616,28.5899,52.4176,0.5441,0.4392,751,2
E02007002,Rotherham 034,7,11578,14.8468,0.1585,0.1136,11.442,0.2904,-0.1058,16.1664,13.6809,0.2214,0.1355,4241,7
E02007003,Pendle 014,8,10753,37.0456,0.3439,0.2027,32.0963,1.0898,0.6556,21.3778,41.3197,0.5122,0.2499,934,2
E02007004,Thurrock 021,3,6581,27.642,0.2944,0.1347,24.3576,0.0926,0.5679,42.2345,18.6515,0.4168,0.324,1850,3
E02007005,Thurrock 022,4,8478,19.4041,0.2372,0.0991,18.705,-0.305,0.4006,30.1977,20.2136,0.3504,0.2998,3178,5
E02007006,Dorset 031,4,5946,17.4821,0.1919,0.1383,16.8454,0.3123,-0.1276,14.1939,15.2367,0.3036,0.1445,3603,6
E02007007,Dorset 032,4,6816,15.1108,0.1973,0.1357,16.9341,0.0187,-0.3128,13.862,6.8102,0.333,0.1038,4183,7
E02007008,Lewisham 040,4,6456,18.7883,0.2109,0.0851,10.9823,-0.1532,0.958,22.6461,29.6144,0.5428,0.5036,3332,5
E02007009,Lewisham 041,5,8903,34.0528,0.3744,0.1857,17.8553,0.6194,1.0433,30.0002,34.3988,0.5728,0.4328,1154,2
E02007010,Bedford 021,6,9001,15.4231,0.1685,0.085,13.5196,0.053,-0.4139,34.5604,8.7361,0.2864,0.1279,4102,6
E02007011,Bedford 022,4,8201,14.1056,0.1914,0.0812,13.7552,-0.0881,-0.2959,28.1658,8.5305,0.2577,0.1486,4440,7
E02007012,Milton Keynes 033,4,8676,10.2755,0.1557,0.0783,6.3648,-0.6042,-0.1603,24.8685,4.4744,0.1969,0.1669,5517,9
E02007013,Milton Keynes 034,5,10972,12.002,0.145,0.0628,9.952,-0.3808,-0.2106,34.1139,5.4579,0.1957,0.2724,5026,8
E02007014,Milton Keynes 035,4,7227,12.1068,0.1752,0.0868,10.9078,-0.2083,-0.368,24.1588,5.8374,0.2568,0.1433,5002,8
E02007015,Milton Keynes 036,6,10085,12.4028,0.1379,0.0739,7.4384,-0.0858,-0.1508,31.3168,2.6445,0.1934,0.1655,4911,8
E02007016,Milton Keynes 037,5,9502,9.565,0.1209,0.0576,9.4807,-0.2831,-0.4915,28.1118,1.0471,0.1689,0.2122,5690,9
E02007017,Redbridge 037,5,8840,18.0086,0.2703,0.1136,11.8264,-0.4774,-0.3982,32.8785,14.4383,0.3607,0.2307,3494,6
E02007018,Redbridge 038,3,7147,27.0235,0.3495,0.1417,16.2907,-0.2145,0.2549,41.15,27.0005,0.4833,0.3136,1924,3
E02007019,Redbridge 039,3,7271,33.7266,0.4416,0.1594,17.9624,0.098,1.0415,37.8667,29.6239,0.5721,0.5493,1183,2
E02007020,Redbridge 040,5,9960,29.6389,0.4336,0.1489,29.6685,-0.3778,0.2592,28.9098,34.5509,0.6401,0.3322,1599,3
E02007021,Oxford 020,4,8760,13.8494,0.1634,0.0794,28.9569,-0.5815,-0.3824,22.9916,13.0564,0.2956,0.1556,4499,7
E02007022,County Durham 067,7,12224,18.1029,0.1339,0.1004,14.7552,0.1737,-0.51,29.7621,34.0608,0.2247,0.1063,3471,6
E02007023,Wiltshire 063,4,8009,15.6642,0.2309,0.1151,21.8881,-0.2939,-0.4174,19.3049,4.3256,0.3924,0.1436,4045,6
E02007024,Wiltshire 064,4,6986,14.1579,0.1839,0.1059,16.6199,-0.3799,-0.2948,20.2938,13.5393,0.321,0.1239,4424,7
E02007025,Wiltshire 065,5,9051,16.179,0.1797,0.0894,24.8602,-0.2404,-0.3427,27.4637,12.9642,0.3009,0.1597,3901,6
E02007026,Wiltshire 066,5,9209,11.2001,0.1288,0.0576,19.8188,-0.2905,-0.8627,26.602,4.7192,0.191,0.3178,5266,8
E02007027,East Devon 021,6,11836,15.2397,0.1638,0.0864,11.5773,-0.277,-0.8132,33.2699,23.2653,0.2543,0.113,4157,7
E02007028,East Devon 022,4,6774,15.8077,0.2059,0.087,17.3909,-0.005,-0.3845,32.3158,3.1896,0.298,0.1935,4001,6
E02007029,Derbyshire Dales 011,7,11064,15.0586,0.1286,0.0843,14.2635,-0.391,-0.7067,27.5216,37.6485,0.2247,0.1025,4197,7
E02007030,Cheshire East 052,5,7902,12.5617,0.1139,0.0704,8.4681,-0.2272,-0.3725,29.4111,24.832,0.1716,0.0969,4865,8
E02007031,Cheshire East 053,5,8692,5.8433,0.0642,0.045,2.1916,-0.9139,-1.1421,26.3382,12.1414,0.105,0.0552,6512,10
E02007032,North Norfolk 015,5,6702,22.9144,0.2449,0.1745,29.1682,0.3724,-0.2892,19.7876,8.886,0.4047,0.1718,2569,4
E02007033,North Norfolk 016,4,6305,18.3442,0.222,0.1425,25.1433,0.1476,-0.4871,19.9444,7.9561,0.4028,0.1353,3420,5
E02007034,Tewkesbury 010,5,8480,7.8752,0.1659,0.0765,6.8431,-0.8095,-0.7913,16.1114,0.7678,0.2563,0.1065,6137,9
E02007035,Tewkesbury 011,5,7937,8.4639,0.1316,0.0844,9.9419,-0.7515,-0.503,14.7984,3.4223,0.198,0.1124,5992,9
E02007038,Birmingham 141,9,13682,43.1705,0.4639,0.2462,41.0177,0.9391,0.6712,23.0735,32.8564,0.6321,0.33,579,1
E02007039,Birmingham 142,5,8230,54.232,0.6329,0.2626,54.3377,0.7518,0.5519,27.1883,55.9497,0.7887,0.5061,202,1
E02007040,Birmingham 143,4,7771,54.1472,0.6649,0.2395,54.5033,0.6511,0.5444,25.9896,60.5895,0.8284,0.5202,205,1
E02007041,Craven 009,6,10352,11.1139,0.0619,0.0481,3.2426,-1.089,-1.3231,32.3265,44.9941,0.107,0.0505,5290,8
E02007042,Hambleton 012,5,7140,16.3159,0.1856,0.1307,26.8185,-0.0181,-0.247,10.8059,8.3065,0.282,0.1168,3871,6
E02007043,Hambleton 013,4,6278,22.7554,0.2869,0.1565,32.0058,0.212,0.1671,7.8921,16.5678,0.4484,0.2258,2598,4
E02007044,Ryedale 009,5,8057,19.4124,0.245,0.1317,28.232,0.1083,-0.3216,17.2149,12.8502,0.3469,0.1978,3176,5
E02007045,Ryedale 010,4,6860,10.7326,0.1236,0.0834,19.9007,-0.5642,-0.5837,13.9654,15.547,0.2056,0.0802,5398,8
E02007046,Ashford 015,5,7078,26.6924,0.3009,0.1752,29.2765,0.1648,0.6015,23.2764,15.1234,0.4339,0.2253,1977,3
E02007047,Ashford 016,4,9017,11.546,0.1687,0.0862,11.6124,-0.3544,-0.1083,20.325,6.2633,0.222,0.2222,5165,8
E02007048,Rugby 013,4,7643,12.6413,0.1011,0.0698,9.9283,-0.5993,-0.796,35.2029,25.788,0.1825,0.0848,4835,8
E02007049,Rugby 014,5,9196,8.4486,0.1493,0.053,6.3123,-0.4074,-0.596,23.1985,4.2437,0.2401,0.1088,5995,9
E02007050,Telford and Wrekin 024,5,8977,17.6966,0.221,0.1204,16.7794,0.162,-0.0203,21.6941,4.0278,0.3346,0.1771,3552,6
E02007051,Telford and Wrekin 025,5,9070,15.1202,0.2196,0.1025,12.1017,0.1433,-0.255,23.7534,3.4976,0.3287,0.149,4179,7
E02007052,Norwich 016,4,6630,42.031,0.4093,0.245,38.7626,1.286,1.4071,14.4306,24.353,0.6021,0.4465,635,1
E02007053,Norwich 017,3,6426,25.0558,0.215,0.1524,19.0028,0.5748,1.0398,18.6693,29.9375,0.3954,0.2472,2208,4
E02007054,South Norfolk 016,6,8733,10.564,0.1423,0.0801,14.4211,-0.5591,-0.3297,23.2738,3.8483,0.2021,0.113,5438,8
E02007055,South Norfolk 017,4,7672,13.7312,0.1658,0.1156,22.5982,-0.4192,-0.1325,13.8393,6.8159,0.218,0.163,4533,7
E02007056,Colchester 023,6,9215,10.8475,0.1387,0.0724,5.6097,-0.4351,0.4092,20.5329,8.1532,0.2028,0.1512,5360,8
E02007057,Colchester 024,5,7580,11.4204,0.1573,0.0777,5.3919,-0.1327,0.1836,18.1089,12.6003,0.2701,0.1779,5199,8
E02007058,Darlington 016,8,11480,42.075,0.3628,0.2384,29.3174,1.2587,1.0112,9.6572,59.8918,0.5011,0.3045,633,1
E02007059,Hartlepool 015,7,10569,38.592,0.348,0.2413,23.8216,1.2337,1.0661,10.2295,30.8183,0.5254,0.2394,824,2
E02007060,Stockton-on-Tees 025,4,6485,60.2792,0.5381,0.3497,50.4909,2.095,1.8701,17.0209,23.3478,0.6303,0.5332,86,1
E02007061,Stockton-on-Tees 026,4,8621,41.4241,0.3783,0.2359,38.8824,1.3125,0.9482,18.7447,26.5007,0.4245,0.3785,666,1
E02007062,Stockton-on-Tees 027,4,7969,6.4635,0.1019,0.0547,3.2441,0.0453,-0.4983,14.5499,2.6761,0.141,0.1252,6424,10
E02007063,Stockton-on-Tees 028,5,9217,4.0738,0.0619,0.0459,2.3206,-0.3106,-1.1098,17.4769,1.4903,0.0943,0.0573,6744,10
E02007064,South Gloucestershire 033,5,8040,18.0763,0.1834,0.1195,29.4812,-0.2438,-0.2883,25.6149,14.1456,0.2741,0.1485,3476,6
E02007065,South Gloucestershire 034,5,8267,19.1587,0.2212,0.1069,28.8425,-0.1562,0.251,30.1312,5.1264,0.342,0.1676,3242,5
E02007066,South Gloucestershire 035,5,10171,8.3808,0.1243,0.0424,15.2364,-0.5782,-0.9705,21.6372,5.7135,0.3576,0.1168,6010,9
E02007067,South Gloucestershire 036,4,7667,9.1529,0.1588,0.0733,8.6409,-0.7256,-0.7216,18.6767,12.782,0.2877,0.0822,5804,9
E02007068,Slough 015,4,7102,23.7864,0.3073,0.1214,26.2769,-0.5917,0.594,32.5785,18.5679,0.4294,0.3705,2433,4
E02007069,Slough 016,4,8215,24.8903,0.2768,0.1164,30.1093,-0.5862,0.458,39.4593,23.363,0.3986,0.2605,2236,4
E02007070,North Northamptonshire 020,4,6340,12.4899,0.1242,0.082,7.5835,-0.3795,-0.4397,32.8691,14.752,0.1801,0.1073,4883,8
E02007071,North Northamptonshire 023,5,10509,13.9142,0.1849,0.1019,22.2514,-0.1902,-0.2756,17.6186,6.5722,0.2959,0.1179,4485,7
E02007072,West Northamptonshire 035,4,7855,16.6129,0.2149,0.0929,14.425,0.3061,0.5339,21.0502,2.6355,0.3034,0.239,3791,6
E02007073,West Northamptonshire 039,4,7853,9.6119,0.1415,0.0686,11.736,-0.528,-0.6397,23.2575,4.4058,0.237,0.1064,5678,9
E02007074,Southampton 033,4,9308,33.3464,0.3254,0.1439,36.026,0.8819,1.2537,23.7092,24.1193,0.5868,0.7017,1213,2
E02007075,Southampton 034,4,5421,10.6459,0.1316,0.0651,11.7179,-0.3136,0.4143,11.0976,15.5012,0.3042,0.1285,5419,8
E02007076,Test Valley 016,5,8264,15.5176,0.2045,0.1021,19.4845,-0.2971,0.1456,25.4412,2.3683,0.2933,0.1591,4079,6
E02007077,Test Valley 017,5,8013,16.5218,0.2097,0.1169,20.6016,-0.0776,-0.1108,24.4357,1.8198,0.2967,0.174,3811,6
E02007078,Test Valley 018,3,5125,19.6886,0.2201,0.1347,24.7266,0.1986,0.4987,12.5406,7.5601,0.3062,0.2031,3105,5
E02007079,Kingston upon Hull 034,5,8650,37.2518,0.3903,0.2194,36.8843,0.6751,0.7868,26.3349,5.1477,0.535,0.3076,917,2
E02007080,Kingston upon Hull 035,5,8702,7.1586,0.0885,0.0474,5.6683,-0.1586,-0.0675,19.1219,3.0012,0.1326,0.0804,6301,10
E02007081,North East Lincolnshire 024,8,10031,24.3673,0.2173,0.1433,26.2049,0.1698,0.6673,11.198,33.4191,0.3295,0.1604,2325,4
E02007082,Nottingham 041,6,17873,11.9368,0.1353,0.0693,14.9467,-0.0873,-0.5414,17.6613,24.1165,0.3171,0.2596,5044,8
E02007083,Wandsworth 038,5,8518,10.6036,0.1202,0.0413,8.9893,-0.8677,-0.1714,11.3941,42.7635,0.2722,0.3039,5430,8
E02007084,Wandsworth 039,5,9835,25.132,0.3685,0.1511,15.9344,0.0478,0.1415,15.8514,38.1352,0.6772,0.5423,2202,4
E02007085,South Cambridgeshire 022,7,12016,6.4677,0.078,0.0492,2.995,-1.4393,-0.8827,27.5811,12.8696,0.1139,0.0661,6420,10
E02007086,Cambridge 015,7,11339,10.7663,0.1809,0.0805,10.4037,-0.8253,0.1542,17.1279,7.9082,0.2765,0.1273,5389,8
E02007087,Cambridge 014,4,6395,10.5575,0.1056,0.0741,10.0199,-0.4775,-0.3448,14.6484,29.9085,0.1933,0.155,5445,8
E02007088,North Hertfordshire 016,5,7735,13.1761,0.0956,0.0627,7.063,-1.2963,-0.7796,38.2372,40.0343,0.153,0.0832,4686,7
E02007089,North Hertfordshire 017,5,7303,8.8016,0.1213,0.0709,11.4338,-0.6802,-0.832,23.1282,6.5448,0.1665,0.1146,5893,9
E02007090,St Albans 021,4,6119,11.8886,0.1715,0.1022,8.2827,-0.5637,-0.0498,16.258,10.9274,0.2373,0.1442,5066,8
E02007091,Stevenage 013,4,6335,7.9957,0.1067,0.0676,10.9958,-0.5521,-0.8815,20.8412,6.4046,0.1745,0.0901,6112,9
E02007092,Welwyn Hatfield 017,3,5589,16.8529,0.202,0.1081,24.5289,-0.38,-0.1711,24.7573,13.6531,0.3245,0.1995,3741,6
E02007093,East Hertfordshire 019,5,8067,14.6985,0.1315,0.077,11.9262,-0.8108,-0.733,38.4893,29.3445,0.2177,0.0889,4289,7
E02007094,Gateshead 029,4,6933,33.4574,0.2909,0.2221,26.2658,0.7688,0.423,31.638,27.0677,0.4305,0.2084,1203,2
E02007095,Newcastle upon Tyne 032,6,10918,12.421,0.1472,0.0882,11.9609,-0.0362,-0.511,23.5469,4.7238,0.1901,0.2234,4905,8
E02007096,Newcastle upon Tyne 033,4,5909,9.0862,0.1262,0.0778,6.5993,-0.4077,-0.2928,18.6607,10.5,0.235,0.0773,5822,9
E02007097,Newcastle upon Tyne 034,4,8552,17.1773,0.1217,0.0665,15.3808,0.6448,0.3419,16.2056,42.3689,0.3652,0.4325,3661,6
E02007098,Newcastle upon Tyne 035,4,6766,49.701,0.455,0.2853,56.4098,1.5722,1.2301,14.348,20.034,0.6587,0.3848,334,1
E02007099,Newcastle upon Tyne 036,4,10856,22.0907,0.1072,0.0628,15.7391,0.8993,1.0054,28.8449,36.4621,0.3877,0.4553,2703,4
E02007100,Newcastle upon Tyne 037,3,9010,18.9201,0.124,0.0654,24.0534,0.9141,0.4831,21.1584,30.0178,0.6819,0.6165,3296,5
E02007101,Newcastle upon Tyne 038,5,9735,55.3713,0.5496,0.2757,67.7913,1.1424,1.339,27.1742,33.06,0.6211,0.5055,178,1
E02007102,Newcastle upon Tyne 039,4,8010,39.2258,0.3343,0.1837,35.4009,1.043,1.2684,28.0193,32.0357,0.5496,0.5609,792,2
E02007103,Newcastle upon Tyne 040,4,6431,61.705,0.5418,0.3356,61.1722,1.9555,1.7669,19.3592,24.8731,0.7163,0.4972,66,1
E02007104,Newcastle upon Tyne 041,3,5562,62.9812,0.6367,0.3517,57.7977,1.8172,1.0351,24.8075,21.0456,0.778,0.69,49,1
E02007105,Northumberland 041,8,12673,20.7017,0.2199,0.1501,19.9894,0.5959,0.1644,13.222,8.8618,0.3403,0.1555,2925,5
E02007106,Northumberland 042,10,14796,12.6223,0.1323,0.1,13.5642,0.1608,-0.4972,10.9122,5.1768,0.1807,0.1249,4838,8
E02007107,Northumberland 043,6,8922,10.2094,0.0862,0.0772,4.0533,-0.4469,-1.1079,27.5996,22.8624,0.1302,0.0674,5533,9
E02007108,Hackney 030,3,6026,23.032,0.2289,0.105,6.591,0.4776,1.1845,20.2544,40.6878,0.465,0.5435,2543,4
E02007109,Hackney 031,4,7693,24.5659,0.2978,0.1543,9.0884,0.3275,0.4996,20.7941,35.5919,0.4394,0.4882,2295,4
E02007110,Hackney 032,4,7546,23.838,0.288,0.1233,13.0154,0.3696,0.3435,21.2787,40.746,0.6093,0.5613,2428,4
E02007111,Hackney 033,3,6463,18.8136,0.1955,0.0807,5.7649,0.2653,0.6252,19.3371,45.6741,0.4816,0.5956,3324,5
E02007112,Tower Hamlets 034,4,6686,14.6915,0.2091,0.0505,8.8192,-0.1928,-0.0708,22.4911,26.9425,0.4411,0.5116,4292,7
E02007113,Tower Hamlets 035,4,8692,22.9412,0.3365,0.1029,9.4751,0.1648,0.093,26.8932,37.5037,0.7031,0.5107,2562,4
E02007114,Tower Hamlets 036,5,7857,22.1443,0.3015,0.1017,11.9677,0.2227,0.0787,33.1108,21.5247,0.5714,0.5503,2699,4
E02007115,Camden 029,8,12456,30.0598,0.2907,0.148,17.2458,0.4338,0.5559,29.8111,51.653,0.5911,0.5228,1547,3
E02007116,Oxford 019,4,7962,17.4138,0.191,0.0888,32.8081,-0.2742,0.2679,21.9451,17.4146,0.3619,0.2061,3621,6
